순번,위도,경도,,
1,35.16232073,129.1653682,"[35.16232073, 129.1653682]","[35.16232073, 129.1653682]"
2,35.16213038,129.1650651,"[35.16213038, 129.1650651]","[35.16213038, 129.1650651]"
3,35.09467774,128.9623057,"[35.09467774, 128.9623057]","[35.09467774, 128.9623057]"
4,35.16213966,129.1653443,"[35.16213966, 129.1653443]","[35.16213966, 129.1653443]"
5,35.34049369,129.3028907,"[35.34049369, 129.3028907]","[35.34049369, 129.3028907]"
6,35.34064472,129.3029174,"[35.34064472, 129.3029174]","[35.34064472, 129.3029174]"
7,35.34065386,129.3027384,"[35.34065386, 129.3027384]","[35.34065386, 129.3027384]"
8,35.33577368,129.1232316,"[35.33577368, 129.1232316]","[35.33577368, 129.1232316]"
9,35.22107583,128.9285118,"[35.22107583, 128.9285118]","[35.22107583, 128.9285118]"
10,35.30963574,129.1096704,"[35.30963574, 129.1096704]","[35.30963574, 129.1096704]"
11,35.3077108,129.1080623,"[35.3077108, 129.1080623]","[35.3077108, 129.1080623]"
12,35.32264558,129.115651,"[35.32264558, 129.115651]","[35.32264558, 129.115651]"
13,35.30759888,129.107852,"[35.30759888, 129.107852]","[35.30759888, 129.107852]"
14,35.30740008,129.1079176,"[35.30740008, 129.1079176]","[35.30740008, 129.1079176]"
15,35.30667556,129.1074827,"[35.30667556, 129.1074827]","[35.30667556, 129.1074827]"
16,35.30405423,129.080752,"[35.30405423, 129.080752]","[35.30405423, 129.080752]"
17,35.1617913,129.1691892,"[35.1617913, 129.1691892]","[35.1617913, 129.1691892]"
18,35.16189573,129.1692737,"[35.16189573, 129.1692737]","[35.16189573, 129.1692737]"
19,35.16197434,129.168954,"[35.16197434, 129.168954]","[35.16197434, 129.168954]"
20,35.16205089,129.1676905,"[35.16205089, 129.1676905]","[35.16205089, 129.1676905]"
21,35.34049989,129.3027295,"[35.34049989, 129.3027295]","[35.34049989, 129.3027295]"
22,35.22157219,128.9293086,"[35.22157219, 128.9293086]","[35.22157219, 128.9293086]"
23,35.21807008,129.1403223,"[35.21807008, 129.1403223]","[35.21807008, 129.1403223]"
24,35.21819359,129.1207318,"[35.21819359, 129.1207318]","[35.21819359, 129.1207318]"
25,35.15982234,129.1602898,"[35.15982234, 129.1602898]","[35.15982234, 129.1602898]"
26,35.15707349,129.1467033,"[35.15707349, 129.1467033]","[35.15707349, 129.1467033]"
27,35.17615191,129.1759312,"[35.17615191, 129.1759312]","[35.17615191, 129.1759312]"
28,35.15724801,129.1466358,"[35.15724801, 129.1466358]","[35.15724801, 129.1466358]"
29,35.15789465,129.1443057,"[35.15789465, 129.1443057]","[35.15789465, 129.1443057]"
30,35.15801053,129.1439777,"[35.15801053, 129.1439777]","[35.15801053, 129.1439777]"
31,35.15529589,129.1460919,"[35.15529589, 129.1460919]","[35.15529589, 129.1460919]"
32,35.15543249,129.1459926,"[35.15543249, 129.1459926]","[35.15543249, 129.1459926]"
33,35.15537263,129.1458467,"[35.15537263, 129.1458467]","[35.15537263, 129.1458467]"
34,35.15523738,129.145912,"[35.15523738, 129.145912]","[35.15523738, 129.145912]"
35,35.17373794,129.1783778,"[35.17373794, 129.1783778]","[35.17373794, 129.1783778]"
36,35.15756612,129.1455055,"[35.15756612, 129.1455055]","[35.15756612, 129.1455055]"
37,35.15978252,129.1428101,"[35.15978252, 129.1428101]","[35.15978252, 129.1428101]"
38,35.15813567,129.149212,"[35.15813567, 129.149212]","[35.15813567, 129.149212]"
39,35.15758578,129.151061,"[35.15758578, 129.151061]","[35.15758578, 129.151061]"
40,35.1907793,129.2045492,"[35.1907793, 129.2045492]","[35.1907793, 129.2045492]"
41,35.16024291,129.1579509,"[35.16024291, 129.1579509]","[35.16024291, 129.1579509]"
42,35.17391001,129.177984,"[35.17391001, 129.177984]","[35.17391001, 129.177984]"
43,35.15714712,129.1469244,"[35.15714712, 129.1469244]","[35.15714712, 129.1469244]"
44,35.15735537,129.1468116,"[35.15735537, 129.1468116]","[35.15735537, 129.1468116]"
45,35.16462595,129.1821306,"[35.16462595, 129.1821306]","[35.16462595, 129.1821306]"
46,35.15657037,129.1482457,"[35.15657037, 129.1482457]","[35.15657037, 129.1482457]"
47,35.15682144,129.1487749,"[35.15682144, 129.1487749]","[35.15682144, 129.1487749]"
48,35.15593705,129.1432808,"[35.15593705, 129.1432808]","[35.15593705, 129.1432808]"
49,35.15603577,129.1435294,"[35.15603577, 129.1435294]","[35.15603577, 129.1435294]"
50,35.15623757,129.1434052,"[35.15623757, 129.1434052]","[35.15623757, 129.1434052]"
51,35.15484109,129.1428334,"[35.15484109, 129.1428334]","[35.15484109, 129.1428334]"
52,35.15470716,129.1425816,"[35.15470716, 129.1425816]","[35.15470716, 129.1425816]"
53,35.20451475,129.120364,"[35.20451475, 129.120364]","[35.20451475, 129.120364]"
54,35.15811872,129.1431744,"[35.15811872, 129.1431744]","[35.15811872, 129.1431744]"
55,35.15818272,129.1433679,"[35.15818272, 129.1433679]","[35.15818272, 129.1433679]"
56,35.15829793,129.1432282,"[35.15829793, 129.1432282]","[35.15829793, 129.1432282]"
57,35.15693595,129.141645,"[35.15693595, 129.141645]","[35.15693595, 129.141645]"
58,35.15781713,129.1440926,"[35.15781713, 129.1440926]","[35.15781713, 129.1440926]"
59,35.15809411,129.1441947,"[35.15809411, 129.1441947]","[35.15809411, 129.1441947]"
60,35.15488504,129.1470581,"[35.15488504, 129.1470581]","[35.15488504, 129.1470581]"
61,35.15511965,129.147124,"[35.15511965, 129.147124]","[35.15511965, 129.147124]"
62,35.15456249,129.1456586,"[35.15456249, 129.1456586]","[35.15456249, 129.1456586]"
63,35.15570788,129.1446651,"[35.15570788, 129.1446651]","[35.15570788, 129.1446651]"
64,35.16124075,129.1764592,"[35.16124075, 129.1764592]","[35.16124075, 129.1764592]"
65,35.20456976,129.1124174,"[35.20456976, 129.1124174]","[35.20456976, 129.1124174]"
66,35.20447112,129.1125204,"[35.20447112, 129.1125204]","[35.20447112, 129.1125204]"
67,35.20505799,129.1257585,"[35.20505799, 129.1257585]","[35.20505799, 129.1257585]"
68,35.20284991,129.1167327,"[35.20284991, 129.1167327]","[35.20284991, 129.1167327]"
69,35.20237242,129.1162941,"[35.20237242, 129.1162941]","[35.20237242, 129.1162941]"
70,35.20220163,129.1162736,"[35.20220163, 129.1162736]","[35.20220163, 129.1162736]"
71,35.20432771,129.1160641,"[35.20432771, 129.1160641]","[35.20432771, 129.1160641]"
72,35.20389753,129.1174281,"[35.20389753, 129.1174281]","[35.20389753, 129.1174281]"
73,35.19807781,129.1179983,"[35.19807781, 129.1179983]","[35.19807781, 129.1179983]"
74,35.1995214,129.1189938,"[35.1995214, 129.1189938]","[35.1995214, 129.1189938]"
75,35.16768935,129.180189,"[35.16768935, 129.180189]","[35.16768935, 129.180189]"
76,35.19747576,129.1186528,"[35.19747576, 129.1186528]","[35.19747576, 129.1186528]"
77,35.19744847,129.1188228,"[35.19744847, 129.1188228]","[35.19744847, 129.1188228]"
78,35.16067179,129.1659829,"[35.16067179, 129.1659829]","[35.16067179, 129.1659829]"
79,35.19804657,129.1178603,"[35.19804657, 129.1178603]","[35.19804657, 129.1178603]"
80,35.19796701,129.1180166,"[35.19796701, 129.1180166]","[35.19796701, 129.1180166]"
81,35.19793362,129.1178811,"[35.19793362, 129.1178811]","[35.19793362, 129.1178811]"
82,35.19803278,129.1181259,"[35.19803278, 129.1181259]","[35.19803278, 129.1181259]"
83,35.16083078,129.1659289,"[35.16083078, 129.1659289]","[35.16083078, 129.1659289]"
84,35.19618878,129.1185031,"[35.19618878, 129.1185031]","[35.19618878, 129.1185031]"
85,35.15941403,129.1447534,"[35.15941403, 129.1447534]","[35.15941403, 129.1447534]"
86,35.15896081,129.1475143,"[35.15896081, 129.1475143]","[35.15896081, 129.1475143]"
87,35.15866217,129.1473692,"[35.15866217, 129.1473692]","[35.15866217, 129.1473692]"
88,35.19307525,129.1293751,"[35.19307525, 129.1293751]","[35.19307525, 129.1293751]"
89,35.18453069,129.1262239,"[35.18453069, 129.1262239]","[35.18453069, 129.1262239]"
90,35.19489258,129.1290688,"[35.19489258, 129.1290688]","[35.19489258, 129.1290688]"
91,35.19475997,129.1306827,"[35.19475997, 129.1306827]","[35.19475997, 129.1306827]"
92,35.19943358,129.1188231,"[35.19943358, 129.1188231]","[35.19943358, 129.1188231]"
93,35.16573963,129.1575064,"[35.16573963, 129.1575064]","[35.16573963, 129.1575064]"
94,35.16673634,129.177415,"[35.16673634, 129.177415]","[35.16673634, 129.177415]"
95,35.17299384,129.1703897,"[35.17299384, 129.1703897]","[35.17299384, 129.1703897]"
96,35.17311395,129.1703285,"[35.17311395, 129.1703285]","[35.17311395, 129.1703285]"
97,35.17335553,129.169098,"[35.17335553, 129.169098]","[35.17335553, 129.169098]"
98,35.17403314,129.1722507,"[35.17403314, 129.1722507]","[35.17403314, 129.1722507]"
99,35.17422746,129.1726736,"[35.17422746, 129.1726736]","[35.17422746, 129.1726736]"
100,35.17457564,129.1753363,"[35.17457564, 129.1753363]","[35.17457564, 129.1753363]"
101,35.17366103,129.1675279,"[35.17366103, 129.1675279]","[35.17366103, 129.1675279]"
102,35.17098636,129.140133,"[35.17098636, 129.140133]","[35.17098636, 129.140133]"
103,35.16668533,129.1687269,"[35.16668533, 129.1687269]","[35.16668533, 129.1687269]"
104,35.16672091,129.1710749,"[35.16672091, 129.1710749]","[35.16672091, 129.1710749]"
105,35.16660512,129.1711738,"[35.16660512, 129.1711738]","[35.16660512, 129.1711738]"
106,35.20396654,129.1224348,"[35.20396654, 129.1224348]","[35.20396654, 129.1224348]"
107,35.17812822,129.1749596,"[35.17812822, 129.1749596]","[35.17812822, 129.1749596]"
108,35.17531287,129.1270937,"[35.17531287, 129.1270937]","[35.17531287, 129.1270937]"
109,35.17376728,129.1301021,"[35.17376728, 129.1301021]","[35.17376728, 129.1301021]"
110,35.16496077,129.1398944,"[35.16496077, 129.1398944]","[35.16496077, 129.1398944]"
111,35.18302434,129.1265036,"[35.18302434, 129.1265036]","[35.18302434, 129.1265036]"
112,35.18847002,129.1266686,"[35.18847002, 129.1266686]","[35.18847002, 129.1266686]"
113,35.16585493,129.1846789,"[35.16585493, 129.1846789]","[35.16585493, 129.1846789]"
114,35.16642083,129.1839758,"[35.16642083, 129.1839758]","[35.16642083, 129.1839758]"
115,35.19898063,129.1227849,"[35.19898063, 129.1227849]","[35.19898063, 129.1227849]"
116,35.15966545,129.1449017,"[35.15966545, 129.1449017]","[35.15966545, 129.1449017]"
117,35.19607617,129.118342,"[35.19607617, 129.118342]","[35.19607617, 129.118342]"
118,35.18226668,129.2041519,"[35.18226668, 129.2041519]","[35.18226668, 129.2041519]"
119,35.1693221,129.1389034,"[35.1693221, 129.1389034]","[35.1693221, 129.1389034]"
120,35.17816698,129.1248232,"[35.17816698, 129.1248232]","[35.17816698, 129.1248232]"
121,35.16145899,129.1424743,"[35.16145899, 129.1424743]","[35.16145899, 129.1424743]"
122,35.16082932,129.1637709,"[35.16082932, 129.1637709]","[35.16082932, 129.1637709]"
123,35.16133804,129.1638358,"[35.16133804, 129.1638358]","[35.16133804, 129.1638358]"
124,35.16234502,129.1650886,"[35.16234502, 129.1650886]","[35.16234502, 129.1650886]"
125,35.23059007,129.1572947,"[35.23059007, 129.1572947]","[35.23059007, 129.1572947]"
126,35.23058018,129.157522,"[35.23058018, 129.157522]","[35.23058018, 129.157522]"
127,35.17017549,129.175318,"[35.17017549, 129.175318]","[35.17017549, 129.175318]"
128,35.23001217,129.1564614,"[35.23001217, 129.1564614]","[35.23001217, 129.1564614]"
129,35.23011708,129.1567525,"[35.23011708, 129.1567525]","[35.23011708, 129.1567525]"
130,35.22955542,129.1596408,"[35.22955542, 129.1596408]","[35.22955542, 129.1596408]"
131,35.22942814,129.1596815,"[35.22942814, 129.1596815]","[35.22942814, 129.1596815]"
132,35.16614985,129.1630525,"[35.16614985, 129.1630525]","[35.16614985, 129.1630525]"
133,35.16421049,129.1602212,"[35.16421049, 129.1602212]","[35.16421049, 129.1602212]"
134,35.19503956,129.1278021,"[35.19503956, 129.1278021]","[35.19503956, 129.1278021]"
135,35.19475174,129.1302977,"[35.19475174, 129.1302977]","[35.19475174, 129.1302977]"
136,35.20772728,129.1229283,"[35.20772728, 129.1229283]","[35.20772728, 129.1229283]"
137,35.20885361,129.1237958,"[35.20885361, 129.1237958]","[35.20885361, 129.1237958]"
138,35.22534359,129.148276,"[35.22534359, 129.148276]","[35.22534359, 129.148276]"
139,35.22551087,129.1472773,"[35.22551087, 129.1472773]","[35.22551087, 129.1472773]"
140,35.19438084,129.1253265,"[35.19438084, 129.1253265]","[35.19438084, 129.1253265]"
141,35.16255075,129.1779091,"[35.16255075, 129.1779091]","[35.16255075, 129.1779091]"
142,35.1734543,129.1809726,"[35.1734543, 129.1809726]","[35.1734543, 129.1809726]"
143,35.16842432,129.1763212,"[35.16842432, 129.1763212]","[35.16842432, 129.1763212]"
144,35.16696283,129.1777741,"[35.16696283, 129.1777741]","[35.16696283, 129.1777741]"
145,35.16793422,129.16727,"[35.16793422, 129.16727]","[35.16793422, 129.16727]"
146,35.17478453,129.1738559,"[35.17478453, 129.1738559]","[35.17478453, 129.1738559]"
147,35.17469687,129.175642,"[35.17469687, 129.175642]","[35.17469687, 129.175642]"
148,35.17482571,129.1752746,"[35.17482571, 129.1752746]","[35.17482571, 129.1752746]"
149,35.1749666,129.1754854,"[35.1749666, 129.1754854]","[35.1749666, 129.1754854]"
150,35.21068701,129.1255496,"[35.21068701, 129.1255496]","[35.21068701, 129.1255496]"
151,35.17583025,129.1793407,"[35.17583025, 129.1793407]","[35.17583025, 129.1793407]"
152,35.19301265,129.1232007,"[35.19301265, 129.1232007]","[35.19301265, 129.1232007]"
153,35.16689049,129.1714293,"[35.16689049, 129.1714293]","[35.16689049, 129.1714293]"
154,35.17607659,129.179171,"[35.17607659, 129.179171]","[35.17607659, 129.179171]"
155,35.16479499,129.1434367,"[35.16479499, 129.1434367]","[35.16479499, 129.1434367]"
156,35.19725973,129.1235694,"[35.19725973, 129.1235694]","[35.19725973, 129.1235694]"
157,35.19738364,129.1236081,"[35.19738364, 129.1236081]","[35.19738364, 129.1236081]"
158,35.22740794,129.1485595,"[35.22740794, 129.1485595]","[35.22740794, 129.1485595]"
159,35.16989347,129.129661,"[35.16989347, 129.129661]","[35.16989347, 129.129661]"
160,35.16999104,129.1293988,"[35.16999104, 129.1293988]","[35.16999104, 129.1293988]"
161,35.16763973,129.1800467,"[35.16763973, 129.1800467]","[35.16763973, 129.1800467]"
162,35.16741654,129.180919,"[35.16741654, 129.180919]","[35.16741654, 129.180919]"
163,35.22978419,129.1526878,"[35.22978419, 129.1526878]","[35.22978419, 129.1526878]"
164,35.16404719,129.1567513,"[35.16404719, 129.1567513]","[35.16404719, 129.1567513]"
165,35.20187223,129.1237034,"[35.20187223, 129.1237034]","[35.20187223, 129.1237034]"
166,35.20437442,129.1204034,"[35.20437442, 129.1204034]","[35.20437442, 129.1204034]"
167,35.17997363,129.1268235,"[35.17997363, 129.1268235]","[35.17997363, 129.1268235]"
168,35.16610152,129.1332903,"[35.16610152, 129.1332903]","[35.16610152, 129.1332903]"
169,35.16695542,129.1826499,"[35.16695542, 129.1826499]","[35.16695542, 129.1826499]"
170,35.1671122,129.182126,"[35.1671122, 129.182126]","[35.1671122, 129.182126]"
171,35.19183606,129.1205787,"[35.19183606, 129.1205787]","[35.19183606, 129.1205787]"
172,35.19171742,129.12065,"[35.19171742, 129.12065]","[35.19171742, 129.12065]"
173,35.18075252,129.1201807,"[35.18075252, 129.1201807]","[35.18075252, 129.1201807]"
174,35.1716845,129.1334225,"[35.1716845, 129.1334225]","[35.1716845, 129.1334225]"
175,35.1700523,129.1625864,"[35.1700523, 129.1625864]","[35.1700523, 129.1625864]"
176,35.22134246,129.1446527,"[35.22134246, 129.1446527]","[35.22134246, 129.1446527]"
177,35.22132698,129.1444908,"[35.22132698, 129.1444908]","[35.22132698, 129.1444908]"
178,35.16771154,129.1793705,"[35.16771154, 129.1793705]","[35.16771154, 129.1793705]"
179,35.16787373,129.1794437,"[35.16787373, 129.1794437]","[35.16787373, 129.1794437]"
180,35.16856852,129.1766293,"[35.16856852, 129.1766293]","[35.16856852, 129.1766293]"
181,35.17298029,129.1758617,"[35.17298029, 129.1758617]","[35.17298029, 129.1758617]"
182,35.1726139,129.1761179,"[35.1726139, 129.1761179]","[35.1726139, 129.1761179]"
183,35.16774554,129.1669596,"[35.16774554, 129.1669596]","[35.16774554, 129.1669596]"
184,35.16875117,129.1681435,"[35.16875117, 129.1681435]","[35.16875117, 129.1681435]"
185,35.17041779,129.1694449,"[35.17041779, 129.1694449]","[35.17041779, 129.1694449]"
186,35.17197854,129.1700893,"[35.17197854, 129.1700893]","[35.17197854, 129.1700893]"
187,35.1777938,129.1748191,"[35.1777938, 129.1748191]","[35.1777938, 129.1748191]"
188,35.17736974,129.1763899,"[35.17736974, 129.1763899]","[35.17736974, 129.1763899]"
189,35.17776205,129.1765435,"[35.17776205, 129.1765435]","[35.17776205, 129.1765435]"
190,35.17654785,129.1743514,"[35.17654785, 129.1743514]","[35.17654785, 129.1743514]"
191,35.21332208,129.1227332,"[35.21332208, 129.1227332]","[35.21332208, 129.1227332]"
192,35.17991526,129.1756359,"[35.17991526, 129.1756359]","[35.17991526, 129.1756359]"
193,35.17978698,129.177308,"[35.17978698, 129.177308]","[35.17978698, 129.177308]"
194,35.1779851,129.1696306,"[35.1779851, 129.1696306]","[35.1779851, 129.1696306]"
195,35.17039098,129.1783527,"[35.17039098, 129.1783527]","[35.17039098, 129.1783527]"
196,35.21807013,129.1206318,"[35.21807013, 129.1206318]","[35.21807013, 129.1206318]"
197,35.18104515,129.1211769,"[35.18104515, 129.1211769]","[35.18104515, 129.1211769]"
198,35.18130478,129.1212653,"[35.18130478, 129.1212653]","[35.18130478, 129.1212653]"
199,35.17548591,129.1271026,"[35.17548591, 129.1271026]","[35.17548591, 129.1271026]"
200,35.17530739,129.1273834,"[35.17530739, 129.1273834]","[35.17530739, 129.1273834]"
201,35.18164261,129.1995953,"[35.18164261, 129.1995953]","[35.18164261, 129.1995953]"
202,35.18275088,129.2003211,"[35.18275088, 129.2003211]","[35.18275088, 129.2003211]"
203,35.16473649,129.1823376,"[35.16473649, 129.1823376]","[35.16473649, 129.1823376]"
204,35.17394209,129.1301246,"[35.17394209, 129.1301246]","[35.17394209, 129.1301246]"
205,35.17373855,129.1303571,"[35.17373855, 129.1303571]","[35.17373855, 129.1303571]"
206,35.22984925,129.1485607,"[35.22984925, 129.1485607]","[35.22984925, 129.1485607]"
207,35.16778689,129.1335412,"[35.16778689, 129.1335412]","[35.16778689, 129.1335412]"
208,35.16755678,129.1337188,"[35.16755678, 129.1337188]","[35.16755678, 129.1337188]"
209,35.16213724,129.1668896,"[35.16213724, 129.1668896]","[35.16213724, 129.1668896]"
210,35.17250567,129.131416,"[35.17250567, 129.131416]","[35.17250567, 129.131416]"
211,35.17227715,129.1313887,"[35.17227715, 129.1313887]","[35.17227715, 129.1313887]"
212,35.17223562,129.1316078,"[35.17223562, 129.1316078]","[35.17223562, 129.1316078]"
213,35.17240777,129.1316393,"[35.17240777, 129.1316393]","[35.17240777, 129.1316393]"
214,35.18830412,129.1264092,"[35.18830412, 129.1264092]","[35.18830412, 129.1264092]"
215,35.18866772,129.1266248,"[35.18866772, 129.1266248]","[35.18866772, 129.1266248]"
216,35.16600049,129.1336495,"[35.16600049, 129.1336495]","[35.16600049, 129.1336495]"
217,35.16527167,129.1689126,"[35.16527167, 129.1689126]","[35.16527167, 129.1689126]"
218,35.23009692,129.1494704,"[35.23009692, 129.1494704]","[35.23009692, 129.1494704]"
219,35.2304817,129.1504487,"[35.2304817, 129.1504487]","[35.2304817, 129.1504487]"
220,35.15852204,129.1545942,"[35.15852204, 129.1545942]","[35.15852204, 129.1545942]"
221,35.15851943,129.1561997,"[35.15851943, 129.1561997]","[35.15851943, 129.1561997]"
222,35.15996697,129.143411,"[35.15996697, 129.143411]","[35.15996697, 129.143411]"
223,35.18454925,129.1182895,"[35.18454925, 129.1182895]","[35.18454925, 129.1182895]"
224,35.18434861,129.1181124,"[35.18434861, 129.1181124]","[35.18434861, 129.1181124]"
225,35.18418927,129.1184393,"[35.18418927, 129.1184393]","[35.18418927, 129.1184393]"
226,35.18443261,129.1186097,"[35.18443261, 129.1186097]","[35.18443261, 129.1186097]"
227,35.19323212,129.1294447,"[35.19323212, 129.1294447]","[35.19323212, 129.1294447]"
228,35.23420869,129.1563984,"[35.23420869, 129.1563984]","[35.23420869, 129.1563984]"
229,35.19100079,129.2044023,"[35.19100079, 129.2044023]","[35.19100079, 129.2044023]"
230,35.21248407,129.1268791,"[35.21248407, 129.1268791]","[35.21248407, 129.1268791]"
231,35.2275318,129.1466218,"[35.2275318, 129.1466218]","[35.2275318, 129.1466218]"
232,35.17434661,129.1837868,"[35.17434661, 129.1837868]","[35.17434661, 129.1837868]"
233,35.16336227,129.1418087,"[35.16336227, 129.1418087]","[35.16336227, 129.1418087]"
234,35.21995897,129.1277521,"[35.21995897, 129.1277521]","[35.21995897, 129.1277521]"
235,35.16326191,129.1364019,"[35.16326191, 129.1364019]","[35.16326191, 129.1364019]"
236,35.16815768,129.1742063,"[35.16815768, 129.1742063]","[35.16815768, 129.1742063]"
237,35.18722407,129.1171438,"[35.18722407, 129.1171438]","[35.18722407, 129.1171438]"
238,35.17062668,129.1312357,"[35.17062668, 129.1312357]","[35.17062668, 129.1312357]"
239,35.17744727,129.1254679,"[35.17744727, 129.1254679]","[35.17744727, 129.1254679]"
240,35.17719829,129.1254724,"[35.17719829, 129.1254724]","[35.17719829, 129.1254724]"
241,35.17708407,129.1257805,"[35.17708407, 129.1257805]","[35.17708407, 129.1257805]"
242,35.17736079,129.1257786,"[35.17736079, 129.1257786]","[35.17736079, 129.1257786]"
243,35.21679489,129.1247294,"[35.21679489, 129.1247294]","[35.21679489, 129.1247294]"
244,35.18356972,129.1232044,"[35.18356972, 129.1232044]","[35.18356972, 129.1232044]"
245,35.19402413,129.1160106,"[35.19402413, 129.1160106]","[35.19402413, 129.1160106]"
246,35.17913144,129.1224162,"[35.17913144, 129.1224162]","[35.17913144, 129.1224162]"
247,35.17920895,129.122562,"[35.17920895, 129.122562]","[35.17920895, 129.122562]"
248,35.16123873,129.1608581,"[35.16123873, 129.1608581]","[35.16123873, 129.1608581]"
249,35.16084676,129.1611853,"[35.16084676, 129.1611853]","[35.16084676, 129.1611853]"
250,35.16658493,129.1313177,"[35.16658493, 129.1313177]","[35.16658493, 129.1313177]"
251,35.16702968,129.1323868,"[35.16702968, 129.1323868]","[35.16702968, 129.1323868]"
252,35.16714963,129.1326644,"[35.16714963, 129.1326644]","[35.16714963, 129.1326644]"
253,35.17128655,129.1323656,"[35.17128655, 129.1323656]","[35.17128655, 129.1323656]"
254,35.17104331,129.1325772,"[35.17104331, 129.1325772]","[35.17104331, 129.1325772]"
255,35.17220691,129.1275653,"[35.17220691, 129.1275653]","[35.17220691, 129.1275653]"
256,35.17236759,129.1275732,"[35.17236759, 129.1275732]","[35.17236759, 129.1275732]"
257,35.17243545,129.1272936,"[35.17243545, 129.1272936]","[35.17243545, 129.1272936]"
258,35.17330101,129.128913,"[35.17330101, 129.128913]","[35.17330101, 129.128913]"
259,35.17307038,129.1288441,"[35.17307038, 129.1288441]","[35.17307038, 129.1288441]"
260,35.17310653,129.1291833,"[35.17310653, 129.1291833]","[35.17310653, 129.1291833]"
261,35.173313,129.1292937,"[35.173313, 129.1292937]","[35.173313, 129.1292937]"
262,35.17463151,129.1258171,"[35.17463151, 129.1258171]","[35.17463151, 129.1258171]"
263,35.17465878,129.1261639,"[35.17465878, 129.1261639]","[35.17465878, 129.1261639]"
264,35.17487392,129.1262615,"[35.17487392, 129.1262615]","[35.17487392, 129.1262615]"
265,35.18195437,129.1220537,"[35.18195437, 129.1220537]","[35.18195437, 129.1220537]"
266,35.18171606,129.1220259,"[35.18171606, 129.1220259]","[35.18171606, 129.1220259]"
267,35.1816336,129.1222739,"[35.1816336, 129.1222739]","[35.1816336, 129.1222739]"
268,35.18185982,129.1222842,"[35.18185982, 129.1222842]","[35.18185982, 129.1222842]"
269,35.18024581,129.1231927,"[35.18024581, 129.1231927]","[35.18024581, 129.1231927]"
270,35.16775103,129.1692288,"[35.16775103, 129.1692288]","[35.16775103, 129.1692288]"
271,35.16959658,129.1713761,"[35.16959658, 129.1713761]","[35.16959658, 129.1713761]"
272,35.17039058,129.172319,"[35.17039058, 129.172319]","[35.17039058, 129.172319]"
273,35.16835123,129.1765667,"[35.16835123, 129.1765667]","[35.16835123, 129.1765667]"
274,35.17070548,129.1288298,"[35.17070548, 129.1288298]","[35.17070548, 129.1288298]"
275,35.17078019,129.1285916,"[35.17078019, 129.1285916]","[35.17078019, 129.1285916]"
276,35.17089942,129.1288397,"[35.17089942, 129.1288397]","[35.17089942, 129.1288397]"
277,35.16897504,129.1279727,"[35.16897504, 129.1279727]","[35.16897504, 129.1279727]"
278,35.16996965,129.1271306,"[35.16996965, 129.1271306]","[35.16996965, 129.1271306]"
279,35.17001563,129.1268373,"[35.17001563, 129.1268373]","[35.17001563, 129.1268373]"
280,35.16975394,129.127069,"[35.16975394, 129.127069]","[35.16975394, 129.127069]"
281,35.16901291,129.127683,"[35.16901291, 129.127683]","[35.16901291, 129.127683]"
282,35.16880543,129.1279047,"[35.16880543, 129.1279047]","[35.16880543, 129.1279047]"
283,35.17365936,129.1241862,"[35.17365936, 129.1241862]","[35.17365936, 129.1241862]"
284,35.17380501,129.1238642,"[35.17380501, 129.1238642]","[35.17380501, 129.1238642]"
285,35.17361794,129.1240586,"[35.17361794, 129.1240586]","[35.17361794, 129.1240586]"
286,35.17373683,129.1241017,"[35.17373683, 129.1241017]","[35.17373683, 129.1241017]"
287,35.17188901,129.1302165,"[35.17188901, 129.1302165]","[35.17188901, 129.1302165]"
288,35.17161356,129.1301382,"[35.17161356, 129.1301382]","[35.17161356, 129.1301382]"
289,35.17159998,129.1304445,"[35.17159998, 129.1304445]","[35.17159998, 129.1304445]"
290,35.17183381,129.1305735,"[35.17183381, 129.1305735]","[35.17183381, 129.1305735]"
291,35.17693653,129.1244304,"[35.17693653, 129.1244304]","[35.17693653, 129.1244304]"
292,35.1768012,129.1242203,"[35.1768012, 129.1242203]","[35.1768012, 129.1242203]"
293,35.17635399,129.1245504,"[35.17635399, 129.1245504]","[35.17635399, 129.1245504]"
294,35.1765089,129.1247179,"[35.1765089, 129.1247179]","[35.1765089, 129.1247179]"
295,35.17679748,129.1247328,"[35.17679748, 129.1247328]","[35.17679748, 129.1247328]"
296,35.17479922,129.1313303,"[35.17479922, 129.1313303]","[35.17479922, 129.1313303]"
297,35.19763259,129.1227806,"[35.19763259, 129.1227806]","[35.19763259, 129.1227806]"
298,35.19769111,129.1227053,"[35.19769111, 129.1227053]","[35.19769111, 129.1227053]"
299,35.19768021,129.1226067,"[35.19768021, 129.1226067]","[35.19768021, 129.1226067]"
300,35.19750849,129.1227491,"[35.19750849, 129.1227491]","[35.19750849, 129.1227491]"
301,35.19755989,129.1228415,"[35.19755989, 129.1228415]","[35.19755989, 129.1228415]"
302,35.19756901,129.1229695,"[35.19756901, 129.1229695]","[35.19756901, 129.1229695]"
303,35.19776896,129.1227937,"[35.19776896, 129.1227937]","[35.19776896, 129.1227937]"
304,35.16947749,129.1321483,"[35.16947749, 129.1321483]","[35.16947749, 129.1321483]"
305,35.16904264,129.1325489,"[35.16904264, 129.1325489]","[35.16904264, 129.1325489]"
306,35.17003639,129.1337608,"[35.17003639, 129.1337608]","[35.17003639, 129.1337608]"
307,35.17013921,129.1333339,"[35.17013921, 129.1333339]","[35.17013921, 129.1333339]"
308,35.19888066,129.1228949,"[35.19888066, 129.1228949]","[35.19888066, 129.1228949]"
309,35.19905072,129.1229295,"[35.19905072, 129.1229295]","[35.19905072, 129.1229295]"
310,35.2001025,129.1231305,"[35.2001025, 129.1231305]","[35.2001025, 129.1231305]"
311,35.20032415,129.1231693,"[35.20032415, 129.1231693]","[35.20032415, 129.1231693]"
312,35.20339041,129.1242827,"[35.20339041, 129.1242827]","[35.20339041, 129.1242827]"
313,35.20329302,129.1243917,"[35.20329302, 129.1243917]","[35.20329302, 129.1243917]"
314,35.20318209,129.1243896,"[35.20318209, 129.1243896]","[35.20318209, 129.1243896]"
315,35.2033426,129.1245678,"[35.2033426, 129.1245678]","[35.2033426, 129.1245678]"
316,35.20344917,129.1245521,"[35.20344917, 129.1245521]","[35.20344917, 129.1245521]"
317,35.20335303,129.1244784,"[35.20335303, 129.1244784]","[35.20335303, 129.1244784]"
318,35.19516482,129.1202268,"[35.19516482, 129.1202268]","[35.19516482, 129.1202268]"
319,35.19590117,129.1212824,"[35.19590117, 129.1212824]","[35.19590117, 129.1212824]"
320,35.19586741,129.1210939,"[35.19586741, 129.1210939]","[35.19586741, 129.1210939]"
321,35.19406404,129.118554,"[35.19406404, 129.118554]","[35.19406404, 129.118554]"
322,35.19437894,129.1190392,"[35.19437894, 129.1190392]","[35.19437894, 129.1190392]"
323,35.16670742,129.1343985,"[35.16670742, 129.1343985]","[35.16670742, 129.1343985]"
324,35.16660523,129.1347988,"[35.16660523, 129.1347988]","[35.16660523, 129.1347988]"
325,35.1672443,129.1359882,"[35.1672443, 129.1359882]","[35.1672443, 129.1359882]"
326,35.21967807,129.1385596,"[35.21967807, 129.1385596]","[35.21967807, 129.1385596]"
327,35.21320386,129.1229587,"[35.21320386, 129.1229587]","[35.21320386, 129.1229587]"
328,35.18696444,129.2025174,"[35.18696444, 129.2025174]","[35.18696444, 129.2025174]"
329,35.15965004,129.1502517,"[35.15965004, 129.1502517]","[35.15965004, 129.1502517]"
330,35.16718716,129.1675524,"[35.16718716, 129.1675524]","[35.16718716, 129.1675524]"
331,35.16607646,129.1683327,"[35.16607646, 129.1683327]","[35.16607646, 129.1683327]"
332,35.21534774,129.1245772,"[35.21534774, 129.1245772]","[35.21534774, 129.1245772]"
333,35.21511635,129.1247377,"[35.21511635, 129.1247377]","[35.21511635, 129.1247377]"
334,35.21300342,129.1244053,"[35.21300342, 129.1244053]","[35.21300342, 129.1244053]"
335,35.2130976,129.1247529,"[35.2130976, 129.1247529]","[35.2130976, 129.1247529]"
336,35.16466158,129.1802553,"[35.16466158, 129.1802553]","[35.16466158, 129.1802553]"
337,35.16437615,129.1803213,"[35.16437615, 129.1803213]","[35.16437615, 129.1803213]"
338,35.16474364,129.1806162,"[35.16474364, 129.1806162]","[35.16474364, 129.1806162]"
339,35.18718075,129.1255673,"[35.18718075, 129.1255673]","[35.18718075, 129.1255673]"
340,35.19750913,129.2059402,"[35.19750913, 129.2059402]","[35.19750913, 129.2059402]"
341,35.21334386,129.1207819,"[35.21334386, 129.1207819]","[35.21334386, 129.1207819]"
342,35.21327192,129.1210065,"[35.21327192, 129.1210065]","[35.21327192, 129.1210065]"
343,35.20967902,129.121785,"[35.20967902, 129.121785]","[35.20967902, 129.121785]"
344,35.20028094,129.1166498,"[35.20028094, 129.1166498]","[35.20028094, 129.1166498]"
345,35.16502099,129.1614072,"[35.16502099, 129.1614072]","[35.16502099, 129.1614072]"
346,35.19136544,129.1279468,"[35.19136544, 129.1279468]","[35.19136544, 129.1279468]"
347,35.19171553,129.1280998,"[35.19171553, 129.1280998]","[35.19171553, 129.1280998]"
348,35.18018477,129.1679517,"[35.18018477, 129.1679517]","[35.18018477, 129.1679517]"
349,35.18007683,129.1677709,"[35.18007683, 129.1677709]","[35.18007683, 129.1677709]"
350,35.17953184,129.1680439,"[35.17953184, 129.1680439]","[35.17953184, 129.1680439]"
351,35.17756934,129.1764539,"[35.17756934, 129.1764539]","[35.17756934, 129.1764539]"
352,35.17761537,129.1762657,"[35.17761537, 129.1762657]","[35.17761537, 129.1762657]"
353,35.17750457,129.1763773,"[35.17750457, 129.1763773]","[35.17750457, 129.1763773]"
354,35.17750307,129.1767684,"[35.17750307, 129.1767684]","[35.17750307, 129.1767684]"
355,35.17760595,129.1765475,"[35.17760595, 129.1765475]","[35.17760595, 129.1765475]"
356,35.178016,129.1748262,"[35.178016, 129.1748262]","[35.178016, 129.1748262]"
357,35.17798794,129.174725,"[35.17798794, 129.174725]","[35.17798794, 129.174725]"
358,35.17789893,129.1748855,"[35.17789893, 129.1748855]","[35.17789893, 129.1748855]"
359,35.17794204,129.1750122,"[35.17794204, 129.1750122]","[35.17794204, 129.1750122]"
360,35.17797563,129.1748754,"[35.17797563, 129.1748754]","[35.17797563, 129.1748754]"
361,35.17670821,129.1704319,"[35.17670821, 129.1704319]","[35.17670821, 129.1704319]"
362,35.17665305,129.1707651,"[35.17665305, 129.1707651]","[35.17665305, 129.1707651]"
363,35.17644876,129.1703802,"[35.17644876, 129.1703802]","[35.17644876, 129.1703802]"
364,35.17639215,129.170676,"[35.17639215, 129.170676]","[35.17639215, 129.170676]"
365,35.17719093,129.1718307,"[35.17719093, 129.1718307]","[35.17719093, 129.1718307]"
366,35.17510687,129.1681048,"[35.17510687, 129.1681048]","[35.17510687, 129.1681048]"
367,35.17530923,129.1683263,"[35.17530923, 129.1683263]","[35.17530923, 129.1683263]"
368,35.17357409,129.1673148,"[35.17357409, 129.1673148]","[35.17357409, 129.1673148]"
369,35.17384455,129.1673698,"[35.17384455, 129.1673698]","[35.17384455, 129.1673698]"
370,35.17232085,129.1669607,"[35.17232085, 129.1669607]","[35.17232085, 129.1669607]"
371,35.17056888,129.1664784,"[35.17056888, 129.1664784]","[35.17056888, 129.1664784]"
372,35.16940511,129.1664858,"[35.16940511, 129.1664858]","[35.16940511, 129.1664858]"
373,35.17427014,129.1723075,"[35.17427014, 129.1723075]","[35.17427014, 129.1723075]"
374,35.17391778,129.1725612,"[35.17391778, 129.1725612]","[35.17391778, 129.1725612]"
375,35.16796762,129.1670355,"[35.16796762, 129.1670355]","[35.16796762, 129.1670355]"
376,35.17597807,129.1827872,"[35.17597807, 129.1827872]","[35.17597807, 129.1827872]"
377,35.17592084,129.1831788,"[35.17592084, 129.1831788]","[35.17592084, 129.1831788]"
378,35.17615082,129.1832489,"[35.17615082, 129.1832489]","[35.17615082, 129.1832489]"
379,35.17491726,129.1799503,"[35.17491726, 129.1799503]","[35.17491726, 129.1799503]"
380,35.17462528,129.1798705,"[35.17462528, 129.1798705]","[35.17462528, 129.1798705]"
381,35.17455406,129.1802276,"[35.17455406, 129.1802276]","[35.17455406, 129.1802276]"
382,35.17483082,129.1803175,"[35.17483082, 129.1803175]","[35.17483082, 129.1803175]"
383,35.17363843,129.1778156,"[35.17363843, 129.1778156]","[35.17363843, 129.1778156]"
384,35.17271403,129.175777,"[35.17271403, 129.175777]","[35.17271403, 129.175777]"
385,35.17290013,129.1761851,"[35.17290013, 129.1761851]","[35.17290013, 129.1761851]"
386,35.1732669,129.1769844,"[35.1732669, 129.1769844]","[35.1732669, 129.1769844]"
387,35.17207975,129.1739737,"[35.17207975, 129.1739737]","[35.17207975, 129.1739737]"
388,35.17188946,129.1737886,"[35.17188946, 129.1737886]","[35.17188946, 129.1737886]"
389,35.17173832,129.1738903,"[35.17173832, 129.1738903]","[35.17173832, 129.1738903]"
390,35.1717,129.1742613,"[35.1717, 129.1742613]","[35.1717, 129.1742613]"
391,35.17206861,129.1743605,"[35.17206861, 129.1743605]","[35.17206861, 129.1743605]"
392,35.1720437,129.1819549,"[35.1720437, 129.1819549]","[35.1720437, 129.1819549]"
393,35.17237663,129.1817151,"[35.17237663, 129.1817151]","[35.17237663, 129.1817151]"
394,35.17211818,129.1816504,"[35.17211818, 129.1816504]","[35.17211818, 129.1816504]"
395,35.17100809,129.1825404,"[35.17100809, 129.1825404]","[35.17100809, 129.1825404]"
396,35.17228706,129.1820218,"[35.17228706, 129.1820218]","[35.17228706, 129.1820218]"
397,35.16954879,129.1757595,"[35.16954879, 129.1757595]","[35.16954879, 129.1757595]"
398,35.16927761,129.1756839,"[35.16927761, 129.1756839]","[35.16927761, 129.1756839]"
399,35.1692254,129.1759551,"[35.1692254, 129.1759551]","[35.1692254, 129.1759551]"
400,35.16949384,129.1760116,"[35.16949384, 129.1760116]","[35.16949384, 129.1760116]"
401,35.1661699,129.171624,"[35.1661699, 129.171624]","[35.1661699, 129.171624]"
402,35.16637958,129.1718937,"[35.16637958, 129.1718937]","[35.16637958, 129.1718937]"
403,35.16465765,129.1693402,"[35.16465765, 129.1693402]","[35.16465765, 129.1693402]"
404,35.16431718,129.1695788,"[35.16431718, 129.1695788]","[35.16431718, 129.1695788]"
405,35.16699944,129.1774937,"[35.16699944, 129.1774937]","[35.16699944, 129.1774937]"
406,35.16671757,129.1776889,"[35.16671757, 129.1776889]","[35.16671757, 129.1776889]"
407,35.16529258,129.179103,"[35.16529258, 129.179103]","[35.16529258, 129.179103]"
408,35.16296858,129.1705434,"[35.16296858, 129.1705434]","[35.16296858, 129.1705434]"
409,35.16819815,129.1828269,"[35.16819815, 129.1828269]","[35.16819815, 129.1828269]"
410,35.16920756,129.182921,"[35.16920756, 129.182921]","[35.16920756, 129.182921]"
411,35.16686635,129.1822911,"[35.16686635, 129.1822911]","[35.16686635, 129.1822911]"
412,35.16722822,129.1824461,"[35.16722822, 129.1824461]","[35.16722822, 129.1824461]"
413,35.16270473,129.1780201,"[35.16270473, 129.1780201]","[35.16270473, 129.1780201]"
414,35.16339001,129.1792122,"[35.16339001, 129.1792122]","[35.16339001, 129.1792122]"
415,35.16225512,129.1758853,"[35.16225512, 129.1758853]","[35.16225512, 129.1758853]"
416,35.16176779,129.1731064,"[35.16176779, 129.1731064]","[35.16176779, 129.1731064]"
417,35.16173692,129.1737861,"[35.16173692, 129.1737861]","[35.16173692, 129.1737861]"
418,35.1615286,129.1715607,"[35.1615286, 129.1715607]","[35.1615286, 129.1715607]"
419,35.16128049,129.1714177,"[35.16128049, 129.1714177]","[35.16128049, 129.1714177]"
420,35.16146284,129.1720187,"[35.16146284, 129.1720187]","[35.16146284, 129.1720187]"
421,35.22168969,129.1439985,"[35.22168969, 129.1439985]","[35.22168969, 129.1439985]"
422,35.19518967,129.2054247,"[35.19518967, 129.2054247]","[35.19518967, 129.2054247]"
423,35.23585554,129.1594237,"[35.23585554, 129.1594237]","[35.23585554, 129.1594237]"
424,35.23213711,129.1532845,"[35.23213711, 129.1532845]","[35.23213711, 129.1532845]"
425,35.23277926,129.1543899,"[35.23277926, 129.1543899]","[35.23277926, 129.1543899]"
426,35.23122935,129.1517135,"[35.23122935, 129.1517135]","[35.23122935, 129.1517135]"
427,35.22396388,129.1458408,"[35.22396388, 129.1458408]","[35.22396388, 129.1458408]"
428,35.20000095,129.1314953,"[35.20000095, 129.1314953]","[35.20000095, 129.1314953]"
429,35.19883828,129.1312985,"[35.19883828, 129.1312985]","[35.19883828, 129.1312985]"
430,35.19746227,129.1310604,"[35.19746227, 129.1310604]","[35.19746227, 129.1310604]"
431,35.19616516,129.130834,"[35.19616516, 129.130834]","[35.19616516, 129.130834]"
432,35.19451651,129.1305457,"[35.19451651, 129.1305457]","[35.19451651, 129.1305457]"
433,35.195129,129.1306591,"[35.195129, 129.1306591]","[35.195129, 129.1306591]"
434,35.18572341,129.1253926,"[35.18572341, 129.1253926]","[35.18572341, 129.1253926]"
435,35.18617454,129.1255484,"[35.18617454, 129.1255484]","[35.18617454, 129.1255484]"
436,35.16438011,129.1602447,"[35.16438011, 129.1602447]","[35.16438011, 129.1602447]"
437,35.16578336,129.1627369,"[35.16578336, 129.1627369]","[35.16578336, 129.1627369]"
438,35.18286524,129.2030563,"[35.18286524, 129.2030563]","[35.18286524, 129.2030563]"
439,35.18409312,129.2012047,"[35.18409312, 129.2012047]","[35.18409312, 129.2012047]"
440,35.18385498,129.2012864,"[35.18385498, 129.2012864]","[35.18385498, 129.2012864]"
441,35.17046788,129.1776433,"[35.17046788, 129.1776433]","[35.17046788, 129.1776433]"
442,35.17033209,129.1776706,"[35.17033209, 129.1776706]","[35.17033209, 129.1776706]"
443,35.17031508,129.177762,"[35.17031508, 129.177762]","[35.17031508, 129.177762]"
444,35.17022448,129.177584,"[35.17022448, 129.177584]","[35.17022448, 129.177584]"
445,35.17026564,129.1778523,"[35.17026564, 129.1778523]","[35.17026564, 129.1778523]"
446,35.17015048,129.1778743,"[35.17015048, 129.1778743]","[35.17015048, 129.1778743]"
447,35.17060481,129.178397,"[35.17060481, 129.178397]","[35.17060481, 129.178397]"
448,35.17037333,129.1779072,"[35.17037333, 129.1779072]","[35.17037333, 129.1779072]"
449,35.18979917,129.2038558,"[35.18979917, 129.2038558]","[35.18979917, 129.2038558]"
450,35.15913787,129.1583466,"[35.15913787, 129.1583466]","[35.15913787, 129.1583466]"
451,35.16699585,129.140745,"[35.16699585, 129.140745]","[35.16699585, 129.140745]"
452,35.16107056,129.1636645,"[35.16107056, 129.1636645]","[35.16107056, 129.1636645]"
453,35.15953312,129.1602782,"[35.15953312, 129.1602782]","[35.15953312, 129.1602782]"
454,35.15958514,129.1607341,"[35.15958514, 129.1607341]","[35.15958514, 129.1607341]"
455,35.15974145,129.1618425,"[35.15974145, 129.1618425]","[35.15974145, 129.1618425]"
456,35.15989877,129.1621901,"[35.15989877, 129.1621901]","[35.15989877, 129.1621901]"
457,35.15997313,129.1619316,"[35.15997313, 129.1619316]","[35.15997313, 129.1619316]"
458,35.15776038,129.1512364,"[35.15776038, 129.1512364]","[35.15776038, 129.1512364]"
459,35.15799291,129.1520684,"[35.15799291, 129.1520684]","[35.15799291, 129.1520684]"
460,35.15804658,129.1523246,"[35.15804658, 129.1523246]","[35.15804658, 129.1523246]"
461,35.15813382,129.1521109,"[35.15813382, 129.1521109]","[35.15813382, 129.1521109]"
462,35.15834207,129.1490657,"[35.15834207, 129.1490657]","[35.15834207, 129.1490657]"
463,35.15824057,129.1494778,"[35.15824057, 129.1494778]","[35.15824057, 129.1494778]"
464,35.1588559,129.1472639,"[35.1588559, 129.1472639]","[35.1588559, 129.1472639]"
465,35.1587531,129.147657,"[35.1587531, 129.147657]","[35.1587531, 129.147657]"
466,35.15949005,129.1450745,"[35.15949005, 129.1450745]","[35.15949005, 129.1450745]"
467,35.16083541,129.141924,"[35.16083541, 129.141924]","[35.16083541, 129.141924]"
468,35.16236649,129.1401552,"[35.16236649, 129.1401552]","[35.16236649, 129.1401552]"
469,35.16206131,129.1405138,"[35.16206131, 129.1405138]","[35.16206131, 129.1405138]"
470,35.16482351,129.1313656,"[35.16482351, 129.1313656]","[35.16482351, 129.1313656]"
471,35.16402198,129.1318036,"[35.16402198, 129.1318036]","[35.16402198, 129.1318036]"
472,35.16318289,129.1331098,"[35.16318289, 129.1331098]","[35.16318289, 129.1331098]"
473,35.16350644,129.1329397,"[35.16350644, 129.1329397]","[35.16350644, 129.1329397]"
474,35.16758419,129.1289029,"[35.16758419, 129.1289029]","[35.16758419, 129.1289029]"
475,35.1672903,129.128903,"[35.1672903, 129.128903]","[35.1672903, 129.128903]"
476,35.16718669,129.1292273,"[35.16718669, 129.1292273]","[35.16718669, 129.1292273]"
477,35.1675178,129.1291994,"[35.1675178, 129.1291994]","[35.1675178, 129.1291994]"
478,35.16339398,129.1584247,"[35.16339398, 129.1584247]","[35.16339398, 129.1584247]"
479,35.16352854,129.158929,"[35.16352854, 129.158929]","[35.16352854, 129.158929]"
480,35.16220307,129.1563237,"[35.16220307, 129.1563237]","[35.16220307, 129.1563237]"
481,35.16009542,129.1512685,"[35.16009542, 129.1512685]","[35.16009542, 129.1512685]"
482,35.16089393,129.1541402,"[35.16089393, 129.1541402]","[35.16089393, 129.1541402]"
483,35.16093303,129.1539298,"[35.16093303, 129.1539298]","[35.16093303, 129.1539298]"
484,35.16106353,129.1542571,"[35.16106353, 129.1542571]","[35.16106353, 129.1542571]"
485,35.1606757,129.1493554,"[35.1606757, 129.1493554]","[35.1606757, 129.1493554]"
486,35.16316205,129.144506,"[35.16316205, 129.144506]","[35.16316205, 129.144506]"
487,35.16882017,129.1385052,"[35.16882017, 129.1385052]","[35.16882017, 129.1385052]"
488,35.16843784,129.1388771,"[35.16843784, 129.1388771]","[35.16843784, 129.1388771]"
489,35.16857242,129.1387518,"[35.16857242, 129.1387518]","[35.16857242, 129.1387518]"
490,35.17111873,129.1351891,"[35.17111873, 129.1351891]","[35.17111873, 129.1351891]"
491,35.17088204,129.135274,"[35.17088204, 129.135274]","[35.17088204, 129.135274]"
492,35.17276373,129.1324945,"[35.17276373, 129.1324945]","[35.17276373, 129.1324945]"
493,35.17273593,129.1321893,"[35.17273593, 129.1321893]","[35.17273593, 129.1321893]"
494,35.17198945,129.1333966,"[35.17198945, 129.1333966]","[35.17198945, 129.1333966]"
495,35.17909173,129.1260806,"[35.17909173, 129.1260806]","[35.17909173, 129.1260806]"
496,35.17791133,129.1268159,"[35.17791133, 129.1268159]","[35.17791133, 129.1268159]"
497,35.17775218,129.1269507,"[35.17775218, 129.1269507]","[35.17775218, 129.1269507]"
498,35.18307497,129.1222272,"[35.18307497, 129.1222272]","[35.18307497, 129.1222272]"
499,35.18313574,129.1219748,"[35.18313574, 129.1219748]","[35.18313574, 129.1219748]"
500,35.18193759,129.1229067,"[35.18193759, 129.1229067]","[35.18193759, 129.1229067]"
501,35.18456432,129.1208681,"[35.18456432, 129.1208681]","[35.18456432, 129.1208681]"
502,35.18545396,129.1209598,"[35.18545396, 129.1209598]","[35.18545396, 129.1209598]"
503,35.18800878,129.1208435,"[35.18800878, 129.1208435]","[35.18800878, 129.1208435]"
504,35.19022755,129.1203811,"[35.19022755, 129.1203811]","[35.19022755, 129.1203811]"
505,35.19348722,129.1177673,"[35.19348722, 129.1177673]","[35.19348722, 129.1177673]"
506,35.19360704,129.1180001,"[35.19360704, 129.1180001]","[35.19360704, 129.1180001]"
507,35.21997947,129.1298523,"[35.21997947, 129.1298523]","[35.21997947, 129.1298523]"
508,35.21876879,129.1247373,"[35.21876879, 129.1247373]","[35.21876879, 129.1247373]"
509,35.21903465,129.124841,"[35.21903465, 129.124841]","[35.21903465, 129.124841]"
510,35.21774327,129.1191849,"[35.21774327, 129.1191849]","[35.21774327, 129.1191849]"
511,35.21748484,129.1193024,"[35.21748484, 129.1193024]","[35.21748484, 129.1193024]"
512,35.2176894,129.1194092,"[35.2176894, 129.1194092]","[35.2176894, 129.1194092]"
513,35.24507514,129.0130703,"[35.24507514, 129.0130703]","[35.24507514, 129.0130703]"
514,35.25814444,129.0147446,"[35.25814444, 129.0147446]","[35.25814444, 129.0147446]"
515,35.25477543,129.0137672,"[35.25477543, 129.0137672]","[35.25477543, 129.0137672]"
516,35.26218587,129.0164448,"[35.26218587, 129.0164448]","[35.26218587, 129.0164448]"
517,35.26201735,129.0162382,"[35.26201735, 129.0162382]","[35.26201735, 129.0162382]"
518,35.26186654,129.0164183,"[35.26186654, 129.0164183]","[35.26186654, 129.0164183]"
519,35.26199676,129.0166486,"[35.26199676, 129.0166486]","[35.26199676, 129.0166486]"
520,35.21954968,129.0070042,"[35.21954968, 129.0070042]","[35.21954968, 129.0070042]"
521,35.26285046,129.0164938,"[35.26285046, 129.0164938]","[35.26285046, 129.0164938]"
522,35.23295992,129.017736,"[35.23295992, 129.017736]","[35.23295992, 129.017736]"
523,35.23312523,129.0178246,"[35.23312523, 129.0178246]","[35.23312523, 129.0178246]"
524,35.23306056,129.0177004,"[35.23306056, 129.0177004]","[35.23306056, 129.0177004]"
525,35.21752195,129.0092737,"[35.21752195, 129.0092737]","[35.21752195, 129.0092737]"
526,35.22448529,129.0140212,"[35.22448529, 129.0140212]","[35.22448529, 129.0140212]"
527,35.21287689,129.015914,"[35.21287689, 129.015914]","[35.21287689, 129.015914]"
528,35.21314447,129.0365358,"[35.21314447, 129.0365358]","[35.21314447, 129.0365358]"
529,35.24927239,129.0147331,"[35.24927239, 129.0147331]","[35.24927239, 129.0147331]"
530,35.24940222,129.0145527,"[35.24940222, 129.0145527]","[35.24940222, 129.0145527]"
531,35.25665904,129.0118094,"[35.25665904, 129.0118094]","[35.25665904, 129.0118094]"
532,35.23473285,129.0190247,"[35.23473285, 129.0190247]","[35.23473285, 129.0190247]"
533,35.23387703,129.0120231,"[35.23387703, 129.0120231]","[35.23387703, 129.0120231]"
534,35.23404759,129.0118608,"[35.23404759, 129.0118608]","[35.23404759, 129.0118608]"
535,35.23531845,129.0123658,"[35.23531845, 129.0123658]","[35.23531845, 129.0123658]"
536,35.25625966,129.0137735,"[35.25625966, 129.0137735]","[35.25625966, 129.0137735]"
537,35.23573912,129.0123519,"[35.23573912, 129.0123519]","[35.23573912, 129.0123519]"
538,35.23421479,129.0104743,"[35.23421479, 129.0104743]","[35.23421479, 129.0104743]"
539,35.23415088,129.0109997,"[35.23415088, 129.0109997]","[35.23415088, 129.0109997]"
540,35.234188,129.0093914,"[35.234188, 129.0093914]","[35.234188, 129.0093914]"
541,35.23432033,129.0096046,"[35.23432033, 129.0096046]","[35.23432033, 129.0096046]"
542,35.23436477,129.009236,"[35.23436477, 129.009236]","[35.23436477, 129.009236]"
543,35.23450071,129.0094468,"[35.23450071, 129.0094468]","[35.23450071, 129.0094468]"
544,35.25650166,129.0135324,"[35.25650166, 129.0135324]","[35.25650166, 129.0135324]"
545,35.21328752,129.0186138,"[35.21328752, 129.0186138]","[35.21328752, 129.0186138]"
546,35.21338172,129.0217524,"[35.21338172, 129.0217524]","[35.21338172, 129.0217524]"
547,35.25667321,129.0139032,"[35.25667321, 129.0139032]","[35.25667321, 129.0139032]"
548,35.21127101,129.005045,"[35.21127101, 129.005045]","[35.21127101, 129.005045]"
549,35.23880489,129.0142079,"[35.23880489, 129.0142079]","[35.23880489, 129.0142079]"
550,35.25147233,129.0141795,"[35.25147233, 129.0141795]","[35.25147233, 129.0141795]"
551,35.26234437,129.0147041,"[35.26234437, 129.0147041]","[35.26234437, 129.0147041]"
552,35.26767757,129.0176017,"[35.26767757, 129.0176017]","[35.26767757, 129.0176017]"
553,35.21247767,129.0099255,"[35.21247767, 129.0099255]","[35.21247767, 129.0099255]"
554,35.25161679,129.014001,"[35.25161679, 129.014001]","[35.25161679, 129.014001]"
555,35.21232786,129.025831,"[35.21232786, 129.025831]","[35.21232786, 129.025831]"
556,35.20970824,129.0348964,"[35.20970824, 129.0348964]","[35.20970824, 129.0348964]"
557,35.25183003,129.0141221,"[35.25183003, 129.0141221]","[35.25183003, 129.0141221]"
558,35.20964051,129.0375035,"[35.20964051, 129.0375035]","[35.20964051, 129.0375035]"
559,35.21412052,129.0299215,"[35.21412052, 129.0299215]","[35.21412052, 129.0299215]"
560,35.21350303,129.0140658,"[35.21350303, 129.0140658]","[35.21350303, 129.0140658]"
561,35.21361245,129.0141386,"[35.21361245, 129.0141386]","[35.21361245, 129.0141386]"
562,35.21314486,129.0129372,"[35.21314486, 129.0129372]","[35.21314486, 129.0129372]"
563,35.21320955,129.01283,"[35.21320955, 129.01283]","[35.21320955, 129.01283]"
564,35.21088186,129.0205017,"[35.21088186, 129.0205017]","[35.21088186, 129.0205017]"
565,35.21422968,129.0191321,"[35.21422968, 129.0191321]","[35.21422968, 129.0191321]"
566,35.2142503,129.0347425,"[35.2142503, 129.0347425]","[35.2142503, 129.0347425]"
567,35.21429988,129.0316614,"[35.21429988, 129.0316614]","[35.21429988, 129.0316614]"
568,35.21294659,129.0117831,"[35.21294659, 129.0117831]","[35.21294659, 129.0117831]"
569,35.21288369,129.0115577,"[35.21288369, 129.0115577]","[35.21288369, 129.0115577]"
570,35.21166269,129.0291386,"[35.21166269, 129.0291386]","[35.21166269, 129.0291386]"
571,35.21160994,129.0064049,"[35.21160994, 129.0064049]","[35.21160994, 129.0064049]"
572,35.21166048,129.006641,"[35.21166048, 129.006641]","[35.21166048, 129.006641]"
573,35.21190429,129.0076186,"[35.21190429, 129.0076186]","[35.21190429, 129.0076186]"
574,35.2111168,129.0240829,"[35.2111168, 129.0240829]","[35.2111168, 129.0240829]"
575,35.21119272,129.0243801,"[35.21119272, 129.0243801]","[35.21119272, 129.0243801]"
576,35.26460825,129.0202511,"[35.26460825, 129.0202511]","[35.26460825, 129.0202511]"
577,35.24764415,129.0114048,"[35.24764415, 129.0114048]","[35.24764415, 129.0114048]"
578,35.21409373,129.0233408,"[35.21409373, 129.0233408]","[35.21409373, 129.0233408]"
579,35.26485644,129.0204468,"[35.26485644, 129.0204468]","[35.26485644, 129.0204468]"
580,35.22545223,129.0102256,"[35.22545223, 129.0102256]","[35.22545223, 129.0102256]"
581,35.22894977,129.012293,"[35.22894977, 129.012293]","[35.22894977, 129.012293]"
582,35.25031515,129.0125406,"[35.25031515, 129.0125406]","[35.25031515, 129.0125406]"
583,35.21441403,129.0216329,"[35.21441403, 129.0216329]","[35.21441403, 129.0216329]"
584,35.26536631,129.0206121,"[35.26536631, 129.0206121]","[35.26536631, 129.0206121]"
585,35.21443074,129.0217811,"[35.21443074, 129.0217811]","[35.21443074, 129.0217811]"
586,35.22921522,129.0101005,"[35.22921522, 129.0101005]","[35.22921522, 129.0101005]"
587,35.22927592,129.0095892,"[35.22927592, 129.0095892]","[35.22927592, 129.0095892]"
588,35.22953438,129.0074623,"[35.22953438, 129.0074623]","[35.22953438, 129.0074623]"
589,35.23399922,129.0122534,"[35.23399922, 129.0122534]","[35.23399922, 129.0122534]"
590,35.23418073,129.012077,"[35.23418073, 129.012077]","[35.23418073, 129.012077]"
591,35.22706296,129.0095811,"[35.22706296, 129.0095811]","[35.22706296, 129.0095811]"
592,35.26565768,129.0206032,"[35.26565768, 129.0206032]","[35.26565768, 129.0206032]"
593,35.19696985,128.9881847,"[35.19696985, 128.9881847]","[35.19696985, 128.9881847]"
594,35.26700113,129.0193497,"[35.26700113, 129.0193497]","[35.26700113, 129.0193497]"
595,35.24013012,129.014309,"[35.24013012, 129.014309]","[35.24013012, 129.014309]"
596,35.21260659,129.0104429,"[35.21260659, 129.0104429]","[35.21260659, 129.0104429]"
597,35.21051113,129.02979,"[35.21051113, 129.02979]","[35.21051113, 129.02979]"
598,35.21064248,129.0299825,"[35.21064248, 129.0299825]","[35.21064248, 129.0299825]"
599,35.26108404,129.0163649,"[35.26108404, 129.0163649]","[35.26108404, 129.0163649]"
600,35.2106879,129.029481,"[35.2106879, 129.029481]","[35.2106879, 129.029481]"
601,35.21080403,129.0296258,"[35.21080403, 129.0296258]","[35.21080403, 129.0296258]"
602,35.20944897,129.0376948,"[35.20944897, 129.0376948]","[35.20944897, 129.0376948]"
603,35.259993,129.0162189,"[35.259993, 129.0162189]","[35.259993, 129.0162189]"
604,35.21068101,129.0382339,"[35.21068101, 129.0382339]","[35.21068101, 129.0382339]"
605,35.20900306,129.0128937,"[35.20900306, 129.0128937]","[35.20900306, 129.0128937]"
606,35.26020993,129.0163124,"[35.26020993, 129.0163124]","[35.26020993, 129.0163124]"
607,35.20888649,129.0127624,"[35.20888649, 129.0127624]","[35.20888649, 129.0127624]"
608,35.26009271,129.0164006,"[35.26009271, 129.0164006]","[35.26009271, 129.0164006]"
609,35.2023419,129.0045398,"[35.2023419, 129.0045398]","[35.2023419, 129.0045398]"
610,35.19604293,129.0079756,"[35.19604293, 129.0079756]","[35.19604293, 129.0079756]"
611,35.2000337,129.0054091,"[35.2000337, 129.0054091]","[35.2000337, 129.0054091]"
612,35.21061645,129.0199524,"[35.21061645, 129.0199524]","[35.21061645, 129.0199524]"
613,35.21014653,129.0174764,"[35.21014653, 129.0174764]","[35.21014653, 129.0174764]"
614,35.19553319,129.0097201,"[35.19553319, 129.0097201]","[35.19553319, 129.0097201]"
615,35.19531592,129.0105334,"[35.19531592, 129.0105334]","[35.19531592, 129.0105334]"
616,35.21191893,129.0368077,"[35.21191893, 129.0368077]","[35.21191893, 129.0368077]"
617,35.20844523,129.010579,"[35.20844523, 129.010579]","[35.20844523, 129.010579]"
618,35.20737062,129.0064227,"[35.20737062, 129.0064227]","[35.20737062, 129.0064227]"
619,35.20759772,129.0072448,"[35.20759772, 129.0072448]","[35.20759772, 129.0072448]"
620,35.20806228,129.0090584,"[35.20806228, 129.0090584]","[35.20806228, 129.0090584]"
621,35.24096053,129.0186214,"[35.24096053, 129.0186214]","[35.24096053, 129.0186214]"
622,35.25305838,129.0139241,"[35.25305838, 129.0139241]","[35.25305838, 129.0139241]"
623,35.20423827,129.0012873,"[35.20423827, 129.0012873]","[35.20423827, 129.0012873]"
624,35.20459422,129.0012259,"[35.20459422, 129.0012259]","[35.20459422, 129.0012259]"
625,35.20707979,129.0052251,"[35.20707979, 129.0052251]","[35.20707979, 129.0052251]"
626,35.21222085,129.008907,"[35.21222085, 129.008907]","[35.21222085, 129.008907]"
627,35.20523179,129.0326869,"[35.20523179, 129.0326869]","[35.20523179, 129.0326869]"
628,35.20780679,129.0357903,"[35.20780679, 129.0357903]","[35.20780679, 129.0357903]"
629,35.21067481,129.034828,"[35.21067481, 129.034828]","[35.21067481, 129.034828]"
630,35.21039829,129.0347979,"[35.21039829, 129.0347979]","[35.21039829, 129.0347979]"
631,35.24181699,129.0152873,"[35.24181699, 129.0152873]","[35.24181699, 129.0152873]"
632,35.24030247,129.0151096,"[35.24030247, 129.0151096]","[35.24030247, 129.0151096]"
633,35.2318947,129.0077438,"[35.2318947, 129.0077438]","[35.2318947, 129.0077438]"
634,35.20404931,129.0331875,"[35.20404931, 129.0331875]","[35.20404931, 129.0331875]"
635,35.23543018,129.0123031,"[35.23543018, 129.0123031]","[35.23543018, 129.0123031]"
636,35.23556143,129.0125201,"[35.23556143, 129.0125201]","[35.23556143, 129.0125201]"
637,35.23560592,129.0121509,"[35.23560592, 129.0121509]","[35.23560592, 129.0121509]"
638,35.23570941,129.0112943,"[35.23570941, 129.0112943]","[35.23570941, 129.0112943]"
639,35.23577303,129.0107636,"[35.23577303, 129.0107636]","[35.23577303, 129.0107636]"
640,35.23576216,129.0096742,"[35.23576216, 129.0096742]","[35.23576216, 129.0096742]"
641,35.23958136,129.01159,"[35.23958136, 129.01159]","[35.23958136, 129.01159]"
642,35.23592805,129.0094953,"[35.23592805, 129.0094953]","[35.23592805, 129.0094953]"
643,35.23588232,129.0098715,"[35.23588232, 129.0098715]","[35.23588232, 129.0098715]"
644,35.23606823,129.0097289,"[35.23606823, 129.0097289]","[35.23606823, 129.0097289]"
645,35.24021592,129.0101596,"[35.24021592, 129.0101596]","[35.24021592, 129.0101596]"
646,35.2402118,129.0095619,"[35.2402118, 129.0095619]","[35.2402118, 129.0095619]"
647,35.21346654,129.0240127,"[35.21346654, 129.0240127]","[35.21346654, 129.0240127]"
648,35.19807283,128.9956275,"[35.19807283, 128.9956275]","[35.19807283, 128.9956275]"
649,35.20296104,129.0332236,"[35.20296104, 129.0332236]","[35.20296104, 129.0332236]"
650,35.24479798,129.0131467,"[35.24479798, 129.0131467]","[35.24479798, 129.0131467]"
651,35.2106653,129.0075486,"[35.2106653, 129.0075486]","[35.2106653, 129.0075486]"
652,35.21339803,129.0244081,"[35.21339803, 129.0244081]","[35.21339803, 129.0244081]"
653,35.2131408,129.0245147,"[35.2131408, 129.0245147]","[35.2131408, 129.0245147]"
654,35.21326669,129.0245555,"[35.21326669, 129.0245555]","[35.21326669, 129.0245555]"
655,35.21316352,129.0185088,"[35.21316352, 129.0185088]","[35.21316352, 129.0185088]"
656,35.21321829,129.0203444,"[35.21321829, 129.0203444]","[35.21321829, 129.0203444]"
657,35.22694209,129.0094397,"[35.22694209, 129.0094397]","[35.22694209, 129.0094397]"
658,35.23689229,129.0111653,"[35.23689229, 129.0111653]","[35.23689229, 129.0111653]"
659,35.23835026,129.0113711,"[35.23835026, 129.0113711]","[35.23835026, 129.0113711]"
660,35.24745892,129.0111799,"[35.24745892, 129.0111799]","[35.24745892, 129.0111799]"
661,35.2472134,129.0114281,"[35.2472134, 129.0114281]","[35.2472134, 129.0114281]"
662,35.24743814,129.0117173,"[35.24743814, 129.0117173]","[35.24743814, 129.0117173]"
663,35.24396544,129.0111345,"[35.24396544, 129.0111345]","[35.24396544, 129.0111345]"
664,35.24183922,129.011759,"[35.24183922, 129.011759]","[35.24183922, 129.011759]"
665,35.24266747,129.011516,"[35.24266747, 129.011516]","[35.24266747, 129.011516]"
666,35.23989213,129.0116401,"[35.23989213, 129.0116401]","[35.23989213, 129.0116401]"
667,35.24084131,129.0118198,"[35.24084131, 129.0118198]","[35.24084131, 129.0118198]"
668,35.23562259,129.0083095,"[35.23562259, 129.0083095]","[35.23562259, 129.0083095]"
669,35.2350821,129.008215,"[35.2350821, 129.008215]","[35.2350821, 129.008215]"
670,35.23530007,129.0084095,"[35.23530007, 129.0084095]","[35.23530007, 129.0084095]"
671,35.23810301,129.0087627,"[35.23810301, 129.0087627]","[35.23810301, 129.0087627]"
672,35.23516448,129.0093456,"[35.23516448, 129.0093456]","[35.23516448, 129.0093456]"
673,35.23500418,129.0107395,"[35.23500418, 129.0107395]","[35.23500418, 129.0107395]"
674,35.23437392,129.0107823,"[35.23437392, 129.0107823]","[35.23437392, 129.0107823]"
675,35.23401126,129.0107155,"[35.23401126, 129.0107155]","[35.23401126, 129.0107155]"
676,35.23475994,129.0108572,"[35.23475994, 129.0108572]","[35.23475994, 129.0108572]"
677,35.23494512,129.0110999,"[35.23494512, 129.0110999]","[35.23494512, 129.0110999]"
678,35.23593339,129.0110591,"[35.23593339, 129.0110591]","[35.23593339, 129.0110591]"
679,35.23556878,129.010994,"[35.23556878, 129.010994]","[35.23556878, 129.010994]"
680,35.23520013,129.010915,"[35.23520013, 129.010915]","[35.23520013, 129.010915]"
681,35.23179008,129.0076056,"[35.23179008, 129.0076056]","[35.23179008, 129.0076056]"
682,35.23096839,129.0101685,"[35.23096839, 129.0101685]","[35.23096839, 129.0101685]"
683,35.23215492,129.0103796,"[35.23215492, 129.0103796]","[35.23215492, 129.0103796]"
684,35.22967672,129.0072285,"[35.22967672, 129.0072285]","[35.22967672, 129.0072285]"
685,35.22905546,129.009824,"[35.22905546, 129.009824]","[35.22905546, 129.009824]"
686,35.22944726,129.009894,"[35.22944726, 129.009894]","[35.22944726, 129.009894]"
687,35.22698827,129.0067488,"[35.22698827, 129.0067488]","[35.22698827, 129.0067488]"
688,35.22450788,129.0073788,"[35.22450788, 129.0073788]","[35.22450788, 129.0073788]"
689,35.22434358,129.0077641,"[35.22434358, 129.0077641]","[35.22434358, 129.0077641]"
690,35.22462561,129.0077304,"[35.22462561, 129.0077304]","[35.22462561, 129.0077304]"
691,35.22374648,129.008947,"[35.22374648, 129.008947]","[35.22374648, 129.008947]"
692,35.21513916,129.038034,"[35.21513916, 129.038034]","[35.21513916, 129.038034]"
693,35.21500078,129.0380473,"[35.21500078, 129.0380473]","[35.21500078, 129.0380473]"
694,35.21493055,129.0377673,"[35.21493055, 129.0377673]","[35.21493055, 129.0377673]"
695,35.21572058,129.0365604,"[35.21572058, 129.0365604]","[35.21572058, 129.0365604]"
696,35.21589766,129.0364771,"[35.21589766, 129.0364771]","[35.21589766, 129.0364771]"
697,35.21591387,129.0366923,"[35.21591387, 129.0366923]","[35.21591387, 129.0366923]"
698,35.21572021,129.0367836,"[35.21572021, 129.0367836]","[35.21572021, 129.0367836]"
699,35.21664957,129.0351834,"[35.21664957, 129.0351834]","[35.21664957, 129.0351834]"
701,35.21617453,129.0334917,"[35.21617453, 129.0334917]","[35.21617453, 129.0334917]"
702,35.21605524,129.033707,"[35.21605524, 129.033707]","[35.21605524, 129.033707]"
703,35.21602016,129.0335159,"[35.21602016, 129.0335159]","[35.21602016, 129.0335159]"
704,35.21522824,129.0328359,"[35.21522824, 129.0328359]","[35.21522824, 129.0328359]"
705,35.23483316,129.0119959,"[35.23483316, 129.0119959]","[35.23483316, 129.0119959]"
706,35.20033836,128.9996319,"[35.20033836, 128.9996319]","[35.20033836, 128.9996319]"
707,35.19746546,129.0022379,"[35.19746546, 129.0022379]","[35.19746546, 129.0022379]"
708,35.19741623,129.0023648,"[35.19741623, 129.0023648]","[35.19741623, 129.0023648]"
709,35.19731177,129.0025104,"[35.19731177, 129.0025104]","[35.19731177, 129.0025104]"
710,35.25681847,129.0116612,"[35.25681847, 129.0116612]","[35.25681847, 129.0116612]"
711,35.20549652,129.0044049,"[35.20549652, 129.0044049]","[35.20549652, 129.0044049]"
712,35.20734053,129.0049242,"[35.20734053, 129.0049242]","[35.20734053, 129.0049242]"
713,35.20895618,129.0053135,"[35.20895618, 129.0053135]","[35.20895618, 129.0053135]"
714,35.20447667,129.0014393,"[35.20447667, 129.0014393]","[35.20447667, 129.0014393]"
715,35.20434656,129.0010039,"[35.20434656, 129.0010039]","[35.20434656, 129.0010039]"
716,35.20490928,129.0034399,"[35.20490928, 129.0034399]","[35.20490928, 129.0034399]"
717,35.20879179,129.0115178,"[35.20879179, 129.0115178]","[35.20879179, 129.0115178]"
718,35.19999762,128.9972985,"[35.19999762, 128.9972985]","[35.19999762, 128.9972985]"
719,35.19890907,128.9964808,"[35.19890907, 128.9964808]","[35.19890907, 128.9964808]"
720,35.2010753,128.9983086,"[35.2010753, 128.9983086]","[35.2010753, 128.9983086]"
721,35.20104494,128.9980969,"[35.20104494, 128.9980969]","[35.20104494, 128.9980969]"
722,35.20121851,128.9980445,"[35.20121851, 128.9980445]","[35.20121851, 128.9980445]"
723,35.19871385,129.0057691,"[35.19871385, 129.0057691]","[35.19871385, 129.0057691]"
724,35.20933133,129.0001453,"[35.20933133, 129.0001453]","[35.20933133, 129.0001453]"
725,35.20963597,129.0028235,"[35.20963597, 129.0028235]","[35.20963597, 129.0028235]"
726,35.20942303,129.0028502,"[35.20942303, 129.0028502]","[35.20942303, 129.0028502]"
727,35.2095139,129.0033824,"[35.2095139, 129.0033824]","[35.2095139, 129.0033824]"
728,35.20970611,129.0033011,"[35.20970611, 129.0033011]","[35.20970611, 129.0033011]"
729,35.21311941,129.0100144,"[35.21311941, 129.0100144]","[35.21311941, 129.0100144]"
730,35.2123978,129.0101483,"[35.2123978, 129.0101483]","[35.2123978, 129.0101483]"
731,35.21243972,129.0103146,"[35.21243972, 129.0103146]","[35.21243972, 129.0103146]"
732,35.21652085,129.0089941,"[35.21652085, 129.0089941]","[35.21652085, 129.0089941]"
733,35.19629894,128.9945882,"[35.19629894, 128.9945882]","[35.19629894, 128.9945882]"
734,35.26815602,129.0175931,"[35.26815602, 129.0175931]","[35.26815602, 129.0175931]"
735,35.26378486,129.0151326,"[35.26378486, 129.0151326]","[35.26378486, 129.0151326]"
736,35.2529232,129.0105904,"[35.2529232, 129.0105904]","[35.2529232, 129.0105904]"
737,35.24742941,129.0127086,"[35.24742941, 129.0127086]","[35.24742941, 129.0127086]"
738,35.24773208,129.0129471,"[35.24773208, 129.0129471]","[35.24773208, 129.0129471]"
739,35.25033393,129.0122744,"[35.25033393, 129.0122744]","[35.25033393, 129.0122744]"
740,35.24496191,129.0129167,"[35.24496191, 129.0129167]","[35.24496191, 129.0129167]"
741,35.24031594,129.0141385,"[35.24031594, 129.0141385]","[35.24031594, 129.0141385]"
742,35.23706469,129.0139509,"[35.23706469, 129.0139509]","[35.23706469, 129.0139509]"
743,35.23890236,129.0140418,"[35.23890236, 129.0140418]","[35.23890236, 129.0140418]"
744,35.23466225,129.013459,"[35.23466225, 129.013459]","[35.23466225, 129.013459]"
745,35.23425898,129.0136976,"[35.23425898, 129.0136976]","[35.23425898, 129.0136976]"
746,35.23238946,129.0133847,"[35.23238946, 129.0133847]","[35.23238946, 129.0133847]"
747,35.23028476,129.0128988,"[35.23028476, 129.0128988]","[35.23028476, 129.0128988]"
748,35.22805813,129.0120652,"[35.22805813, 129.0120652]","[35.22805813, 129.0120652]"
749,35.22664045,129.0109467,"[35.22664045, 129.0109467]","[35.22664045, 129.0109467]"
750,35.22055919,129.0082282,"[35.22055919, 129.0082282]","[35.22055919, 129.0082282]"
751,35.22051814,129.0079721,"[35.22051814, 129.0079721]","[35.22051814, 129.0079721]"
752,35.21317988,129.0041633,"[35.21317988, 129.0041633]","[35.21317988, 129.0041633]"
753,35.21563856,129.0047255,"[35.21563856, 129.0047255]","[35.21563856, 129.0047255]"
754,35.21109891,129.0049357,"[35.21109891, 129.0049357]","[35.21109891, 129.0049357]"
755,35.19884122,128.9910378,"[35.19884122, 128.9910378]","[35.19884122, 128.9910378]"
756,35.19724511,128.988204,"[35.19724511, 128.988204]","[35.19724511, 128.988204]"
757,35.21271373,129.0362441,"[35.21271373, 129.0362441]","[35.21271373, 129.0362441]"
758,35.21272816,129.0364296,"[35.21272816, 129.0364296]","[35.21272816, 129.0364296]"
759,35.212687,129.0366109,"[35.212687, 129.0366109]","[35.212687, 129.0366109]"
760,35.21307486,129.0388168,"[35.21307486, 129.0388168]","[35.21307486, 129.0388168]"
761,35.21326218,129.0218672,"[35.21326218, 129.0218672]","[35.21326218, 129.0218672]"
762,35.21280287,129.0161336,"[35.21280287, 129.0161336]","[35.21280287, 129.0161336]"
763,35.21155398,129.0105089,"[35.21155398, 129.0105089]","[35.21155398, 129.0105089]"
764,35.21129115,129.0106634,"[35.21129115, 129.0106634]","[35.21129115, 129.0106634]"
765,35.21145345,129.0107495,"[35.21145345, 129.0107495]","[35.21145345, 129.0107495]"
766,35.19685531,128.9907483,"[35.19685531, 128.9907483]","[35.19685531, 128.9907483]"
767,35.14341083,129.0761531,"[35.14341083, 129.0761531]","[35.14341083, 129.0761531]"
768,35.14138307,129.0788497,"[35.14138307, 129.0788497]","[35.14138307, 129.0788497]"
769,35.13829692,129.0821765,"[35.13829692, 129.0821765]","[35.13829692, 129.0821765]"
770,35.13821884,129.0833561,"[35.13821884, 129.0833561]","[35.13821884, 129.0833561]"
771,35.13860008,129.0810408,"[35.13860008, 129.0810408]","[35.13860008, 129.0810408]"
772,35.13809416,129.0863539,"[35.13809416, 129.0863539]","[35.13809416, 129.0863539]"
773,35.11623272,129.097862,"[35.11623272, 129.097862]","[35.11623272, 129.097862]"
774,35.11306294,129.1108621,"[35.11306294, 129.1108621]","[35.11306294, 129.1108621]"
775,35.12064743,129.0999674,"[35.12064743, 129.0999674]","[35.12064743, 129.0999674]"
776,35.14508569,129.0649778,"[35.14508569, 129.0649778]","[35.14508569, 129.0649778]"
777,35.10803035,129.1173493,"[35.10803035, 129.1173493]","[35.10803035, 129.1173493]"
778,35.14570025,129.0649622,"[35.14570025, 129.0649622]","[35.14570025, 129.0649622]"
779,35.14579429,129.0647465,"[35.14579429, 129.0647465]","[35.14579429, 129.0647465]"
780,35.14590462,129.064965,"[35.14590462, 129.064965]","[35.14590462, 129.064965]"
781,35.10399868,129.1126992,"[35.10399868, 129.1126992]","[35.10399868, 129.1126992]"
782,35.11724173,129.0995856,"[35.11724173, 129.0995856]","[35.11724173, 129.0995856]"
783,35.11768806,129.0994734,"[35.11768806, 129.0994734]","[35.11768806, 129.0994734]"
784,35.14496961,129.0760783,"[35.14496961, 129.0760783]","[35.14496961, 129.0760783]"
785,35.10448765,129.1157673,"[35.10448765, 129.1157673]","[35.10448765, 129.1157673]"
786,35.10258459,129.1155429,"[35.10258459, 129.1155429]","[35.10258459, 129.1155429]"
787,35.10270461,129.1156706,"[35.10270461, 129.1156706]","[35.10270461, 129.1156706]"
788,35.11162616,129.1109858,"[35.11162616, 129.1109858]","[35.11162616, 129.1109858]"
789,35.11154581,129.1108811,"[35.11154581, 129.1108811]","[35.11154581, 129.1108811]"
790,35.11861026,129.0998533,"[35.11861026, 129.0998533]","[35.11861026, 129.0998533]"
791,35.14578579,129.0635942,"[35.14578579, 129.0635942]","[35.14578579, 129.0635942]"
792,35.14444827,129.0764715,"[35.14444827, 129.0764715]","[35.14444827, 129.0764715]"
793,35.12797512,129.1145254,"[35.12797512, 129.1145254]","[35.12797512, 129.1145254]"
794,35.12857385,129.1135741,"[35.12857385, 129.1135741]","[35.12857385, 129.1135741]"
795,35.12874879,129.1133001,"[35.12874879, 129.1133001]","[35.12874879, 129.1133001]"
796,35.12798638,129.1104021,"[35.12798638, 129.1104021]","[35.12798638, 129.1104021]"
797,35.12961766,129.1118138,"[35.12961766, 129.1118138]","[35.12961766, 129.1118138]"
798,35.12977221,129.1115302,"[35.12977221, 129.1115302]","[35.12977221, 129.1115302]"
799,35.13163497,129.1131843,"[35.13163497, 129.1131843]","[35.13163497, 129.1131843]"
800,35.13175384,129.1133855,"[35.13175384, 129.1133855]","[35.13175384, 129.1133855]"
801,35.1304796,129.1151793,"[35.1304796, 129.1151793]","[35.1304796, 129.1151793]"
802,35.13192624,129.1101744,"[35.13192624, 129.1101744]","[35.13192624, 129.1101744]"
803,35.14378783,129.0771176,"[35.14378783, 129.0771176]","[35.14378783, 129.0771176]"
804,35.13213284,129.1123453,"[35.13213284, 129.1123453]","[35.13213284, 129.1123453]"
805,35.12979229,129.1086387,"[35.12979229, 129.1086387]","[35.12979229, 129.1086387]"
806,35.14767636,129.0662768,"[35.14767636, 129.0662768]","[35.14767636, 129.0662768]"
807,35.1414942,129.0728281,"[35.1414942, 129.0728281]","[35.1414942, 129.0728281]"
808,35.11969068,129.1003157,"[35.11969068, 129.1003157]","[35.11969068, 129.1003157]"
809,35.13069145,129.1122378,"[35.13069145, 129.1122378]","[35.13069145, 129.1122378]"
810,35.13172488,129.1103281,"[35.13172488, 129.1103281]","[35.13172488, 129.1103281]"
811,35.1316701,129.1105785,"[35.1316701, 129.1105785]","[35.1316701, 129.1105785]"
812,35.14113153,129.0726003,"[35.14113153, 129.0726003]","[35.14113153, 129.0726003]"
813,35.13317792,129.1119902,"[35.13317792, 129.1119902]","[35.13317792, 129.1119902]"
814,35.13319543,129.1121342,"[35.13319543, 129.1121342]","[35.13319543, 129.1121342]"
815,35.14484524,129.0664302,"[35.14484524, 129.0664302]","[35.14484524, 129.0664302]"
816,35.12503385,129.0999775,"[35.12503385, 129.0999775]","[35.12503385, 129.0999775]"
817,35.14494404,129.0647829,"[35.14494404, 129.0647829]","[35.14494404, 129.0647829]"
818,35.14481154,129.0635903,"[35.14481154, 129.0635903]","[35.14481154, 129.0635903]"
819,35.14493754,129.0637348,"[35.14493754, 129.0637348]","[35.14493754, 129.0637348]"
820,35.12894927,129.1011447,"[35.12894927, 129.1011447]","[35.12894927, 129.1011447]"
821,35.1286432,129.1010525,"[35.1286432, 129.1010525]","[35.1286432, 129.1010525]"
822,35.12505791,129.0989386,"[35.12505791, 129.0989386]","[35.12505791, 129.0989386]"
823,35.12522922,129.098356,"[35.12522922, 129.098356]","[35.12522922, 129.098356]"
824,35.10799628,129.1119513,"[35.10799628, 129.1119513]","[35.10799628, 129.1119513]"
825,35.10807277,129.1119762,"[35.10807277, 129.1119762]","[35.10807277, 129.1119762]"
826,35.14846949,129.0634472,"[35.14846949, 129.0634472]","[35.14846949, 129.0634472]"
827,35.13497006,129.0868901,"[35.13497006, 129.0868901]","[35.13497006, 129.0868901]"
828,35.13525209,129.0918468,"[35.13525209, 129.0918468]","[35.13525209, 129.0918468]"
829,35.13547705,129.0956472,"[35.13547705, 129.0956472]","[35.13547705, 129.0956472]"
830,35.13014485,129.0926607,"[35.13014485, 129.0926607]","[35.13014485, 129.0926607]"
831,35.12848576,129.1068196,"[35.12848576, 129.1068196]","[35.12848576, 129.1068196]"
832,35.11465044,129.1110169,"[35.11465044, 129.1110169]","[35.11465044, 129.1110169]"
833,35.11480188,129.1110079,"[35.11480188, 129.1110079]","[35.11480188, 129.1110079]"
834,35.13008863,129.1012297,"[35.13008863, 129.1012297]","[35.13008863, 129.1012297]"
835,35.13009822,129.0997748,"[35.13009822, 129.0997748]","[35.13009822, 129.0997748]"
836,35.13011203,129.0980265,"[35.13011203, 129.0980265]","[35.13011203, 129.0980265]"
837,35.11884155,129.0965748,"[35.11884155, 129.0965748]","[35.11884155, 129.0965748]"
838,35.11704933,129.0775214,"[35.11704933, 129.0775214]","[35.11704933, 129.0775214]"
839,35.13016683,129.0891235,"[35.13016683, 129.0891235]","[35.13016683, 129.0891235]"
840,35.12844978,129.0850067,"[35.12844978, 129.0850067]","[35.12844978, 129.0850067]"
841,35.12708956,129.0809988,"[35.12708956, 129.0809988]","[35.12708956, 129.0809988]"
842,35.11793152,129.1115253,"[35.11793152, 129.1115253]","[35.11793152, 129.1115253]"
843,35.12919169,129.0869404,"[35.12919169, 129.0869404]","[35.12919169, 129.0869404]"
844,35.13090242,129.0705022,"[35.13090242, 129.0705022]","[35.13090242, 129.0705022]"
845,35.12898728,129.0930991,"[35.12898728, 129.0930991]","[35.12898728, 129.0930991]"
846,35.13013673,129.0946065,"[35.13013673, 129.0946065]","[35.13013673, 129.0946065]"
847,35.13012492,129.0964611,"[35.13012492, 129.0964611]","[35.13012492, 129.0964611]"
848,35.12795306,129.1101337,"[35.12795306, 129.1101337]","[35.12795306, 129.1101337]"
849,35.14507796,129.0634978,"[35.14507796, 129.0634978]","[35.14507796, 129.0634978]"
850,35.12956495,129.1115273,"[35.12956495, 129.1115273]","[35.12956495, 129.1115273]"
851,35.12984468,129.1117649,"[35.12984468, 129.1117649]","[35.12984468, 129.1117649]"
852,35.13045789,129.1122928,"[35.13045789, 129.1122928]","[35.13045789, 129.1122928]"
853,35.13578329,129.0869138,"[35.13578329, 129.0869138]","[35.13578329, 129.0869138]"
854,35.13548416,129.0839504,"[35.13548416, 129.0839504]","[35.13548416, 129.0839504]"
855,35.11631141,129.1110265,"[35.11631141, 129.1110265]","[35.11631141, 129.1110265]"
856,35.1458672,129.0635036,"[35.1458672, 129.0635036]","[35.1458672, 129.0635036]"
857,35.14563694,129.0731995,"[35.14563694, 129.0731995]","[35.14563694, 129.0731995]"
858,35.13739037,129.0997963,"[35.13739037, 129.0997963]","[35.13739037, 129.0997963]"
859,35.14394649,129.0715364,"[35.14394649, 129.0715364]","[35.14394649, 129.0715364]"
860,35.1248551,129.0791726,"[35.1248551, 129.0791726]","[35.1248551, 129.0791726]"
861,35.12464601,129.0772395,"[35.12464601, 129.0772395]","[35.12464601, 129.0772395]"
862,35.13059298,129.1033905,"[35.13059298, 129.1033905]","[35.13059298, 129.1033905]"
863,35.12695407,129.109246,"[35.12695407, 129.109246]","[35.12695407, 129.109246]"
864,35.12233329,129.1123293,"[35.12233329, 129.1123293]","[35.12233329, 129.1123293]"
865,35.12122619,129.112214,"[35.12122619, 129.112214]","[35.12122619, 129.112214]"
866,35.11959953,129.1121928,"[35.11959953, 129.1121928]","[35.11959953, 129.1121928]"
867,35.11951261,129.1120354,"[35.11951261, 129.1120354]","[35.11951261, 129.1120354]"
868,35.11977244,129.1120855,"[35.11977244, 129.1120855]","[35.11977244, 129.1120855]"
869,35.11472987,129.1109097,"[35.11472987, 129.1109097]","[35.11472987, 129.1109097]"
870,35.11317006,129.1110003,"[35.11317006, 129.1110003]","[35.11317006, 129.1110003]"
871,35.10973201,129.1116383,"[35.10973201, 129.1116383]","[35.10973201, 129.1116383]"
872,35.12644399,129.0955643,"[35.12644399, 129.0955643]","[35.12644399, 129.0955643]"
873,35.12483343,129.095982,"[35.12483343, 129.095982]","[35.12483343, 129.095982]"
874,35.12372644,129.0968387,"[35.12372644, 129.0968387]","[35.12372644, 129.0968387]"
875,35.12209765,129.098189,"[35.12209765, 129.098189]","[35.12209765, 129.098189]"
876,35.1440615,129.07144,"[35.1440615, 129.07144]","[35.1440615, 129.07144]"
877,35.13679281,129.0914988,"[35.13679281, 129.0914988]","[35.13679281, 129.0914988]"
878,35.12230749,129.0827358,"[35.12230749, 129.0827358]","[35.12230749, 129.0827358]"
879,35.13803343,129.0890064,"[35.13803343, 129.0890064]","[35.13803343, 129.0890064]"
880,35.13028393,129.089194,"[35.13028393, 129.089194]","[35.13028393, 129.089194]"
881,35.13018903,129.0897861,"[35.13018903, 129.0897861]","[35.13018903, 129.0897861]"
882,35.12757626,129.0824207,"[35.12757626, 129.0824207]","[35.12757626, 129.0824207]"
883,35.12629183,129.0798264,"[35.12629183, 129.0798264]","[35.12629183, 129.0798264]"
884,35.13808259,129.0888404,"[35.13808259, 129.0888404]","[35.13808259, 129.0888404]"
885,35.13077931,129.0706525,"[35.13077931, 129.0706525]","[35.13077931, 129.0706525]"
886,35.13100195,129.0705253,"[35.13100195, 129.0705253]","[35.13100195, 129.0705253]"
887,35.12874914,129.113497,"[35.12874914, 129.113497]","[35.12874914, 129.113497]"
888,35.12325557,129.0995688,"[35.12325557, 129.0995688]","[35.12325557, 129.0995688]"
889,35.13145373,129.1131542,"[35.13145373, 129.1131542]","[35.13145373, 129.1131542]"
890,35.13153024,129.1133824,"[35.13153024, 129.1133824]","[35.13153024, 129.1133824]"
891,35.1304563,129.114988,"[35.1304563, 129.114988]","[35.1304563, 129.114988]"
892,35.10848772,129.112086,"[35.10848772, 129.112086]","[35.10848772, 129.112086]"
893,35.1381193,129.0904521,"[35.1381193, 129.0904521]","[35.1381193, 129.0904521]"
894,35.12315722,129.099356,"[35.12315722, 129.099356]","[35.12315722, 129.099356]"
895,35.13017455,129.101393,"[35.13017455, 129.101393]","[35.13017455, 129.101393]"
896,35.12996798,129.1014054,"[35.12996798, 129.1014054]","[35.12996798, 129.1014054]"
897,35.13006501,129.1015503,"[35.13006501, 129.1015503]","[35.13006501, 129.1015503]"
898,35.13019877,129.1015987,"[35.13019877, 129.1015987]","[35.13019877, 129.1015987]"
899,35.13480895,129.08601,"[35.13480895, 129.08601]","[35.13480895, 129.08601]"
900,35.13486656,129.0870377,"[35.13486656, 129.0870377]","[35.13486656, 129.0870377]"
901,35.13494026,129.0884233,"[35.13494026, 129.0884233]","[35.13494026, 129.0884233]"
902,35.13429761,129.0807714,"[35.13429761, 129.0807714]","[35.13429761, 129.0807714]"
903,35.12418685,129.1125042,"[35.12418685, 129.1125042]","[35.12418685, 129.1125042]"
904,35.12962841,129.1162869,"[35.12962841, 129.1162869]","[35.12962841, 129.1162869]"
905,35.1298322,129.1164704,"[35.1298322, 129.1164704]","[35.1298322, 129.1164704]"
906,35.13324796,129.1150639,"[35.13324796, 129.1150639]","[35.13324796, 129.1150639]"
907,35.13246714,129.1163419,"[35.13246714, 129.1163419]","[35.13246714, 129.1163419]"
908,35.13452452,129.1128456,"[35.13452452, 129.1128456]","[35.13452452, 129.1128456]"
909,35.12670914,129.0900291,"[35.12670914, 129.0900291]","[35.12670914, 129.0900291]"
910,35.13468627,129.0836618,"[35.13468627, 129.0836618]","[35.13468627, 129.0836618]"
911,35.13521113,129.0936341,"[35.13521113, 129.0936341]","[35.13521113, 129.0936341]"
912,35.11065165,129.0786246,"[35.11065165, 129.0786246]","[35.11065165, 129.0786246]"
913,35.11061554,129.0797385,"[35.11061554, 129.0797385]","[35.11061554, 129.0797385]"
914,35.11035588,129.072329,"[35.11035588, 129.072329]","[35.11035588, 129.072329]"
915,35.12771729,129.1144603,"[35.12771729, 129.1144603]","[35.12771729, 129.1144603]"
916,35.12806508,129.1147959,"[35.12806508, 129.1147959]","[35.12806508, 129.1147959]"
917,35.11060422,129.0808875,"[35.11060422, 129.0808875]","[35.11060422, 129.0808875]"
918,35.11619286,129.0749066,"[35.11619286, 129.0749066]","[35.11619286, 129.0749066]"
919,35.11061616,129.0909604,"[35.11061616, 129.0909604]","[35.11061616, 129.0909604]"
920,35.1222838,129.0829551,"[35.1222838, 129.0829551]","[35.1222838, 129.0829551]"
921,35.14143378,129.0639091,"[35.14143378, 129.0639091]","[35.14143378, 129.0639091]"
922,35.14143599,129.0650302,"[35.14143599, 129.0650302]","[35.14143599, 129.0650302]"
923,35.1188652,129.0798781,"[35.1188652, 129.0798781]","[35.1188652, 129.0798781]"
924,35.11852418,129.0804584,"[35.11852418, 129.0804584]","[35.11852418, 129.0804584]"
925,35.11671853,129.0810912,"[35.11671853, 129.0810912]","[35.11671853, 129.0810912]"
926,35.11591064,129.0812795,"[35.11591064, 129.0812795]","[35.11591064, 129.0812795]"
927,35.11080658,129.0829864,"[35.11080658, 129.0829864]","[35.11080658, 129.0829864]"
928,35.11058693,129.082807,"[35.11058693, 129.082807]","[35.11058693, 129.082807]"
929,35.11039215,129.0832498,"[35.11039215, 129.0832498]","[35.11039215, 129.0832498]"
930,35.11056087,129.0835198,"[35.11056087, 129.0835198]","[35.11056087, 129.0835198]"
931,35.10932428,129.0920902,"[35.10932428, 129.0920902]","[35.10932428, 129.0920902]"
932,35.11040376,129.0929837,"[35.11040376, 129.0929837]","[35.11040376, 129.0929837]"
933,35.11072902,129.0928842,"[35.11072902, 129.0928842]","[35.11072902, 129.0928842]"
934,35.11319048,129.0958803,"[35.11319048, 129.0958803]","[35.11319048, 129.0958803]"
935,35.11638259,129.0949387,"[35.11638259, 129.0949387]","[35.11638259, 129.0949387]"
936,35.11826964,129.0962822,"[35.11826964, 129.0962822]","[35.11826964, 129.0962822]"
937,35.12069287,129.0982755,"[35.12069287, 129.0982755]","[35.12069287, 129.0982755]"
938,35.12192681,129.0989245,"[35.12192681, 129.0989245]","[35.12192681, 129.0989245]"
939,35.12505658,129.1124075,"[35.12505658, 129.1124075]","[35.12505658, 129.1124075]"
940,35.12513765,129.1126522,"[35.12513765, 129.1126522]","[35.12513765, 129.1126522]"
941,35.12736675,129.108327,"[35.12736675, 129.108327]","[35.12736675, 129.108327]"
942,35.1258672,129.1108042,"[35.1258672, 129.1108042]","[35.1258672, 129.1108042]"
943,35.12654583,129.109477,"[35.12654583, 129.109477]","[35.12654583, 129.109477]"
944,35.12866686,129.1068142,"[35.12866686, 129.1068142]","[35.12866686, 129.1068142]"
945,35.12985534,129.105416,"[35.12985534, 129.105416]","[35.12985534, 129.105416]"
946,35.12969358,129.1053476,"[35.12969358, 129.1053476]","[35.12969358, 129.1053476]"
947,35.1295247,129.1055491,"[35.1295247, 129.1055491]","[35.1295247, 129.1055491]"
948,35.12934041,129.10562,"[35.12934041, 129.10562]","[35.12934041, 129.10562]"
949,35.12958471,129.1062234,"[35.12958471, 129.1062234]","[35.12958471, 129.1062234]"
950,35.12972242,129.1058687,"[35.12972242, 129.1058687]","[35.12972242, 129.1058687]"
951,35.12989867,129.1056625,"[35.12989867, 129.1056625]","[35.12989867, 129.1056625]"
952,35.13150989,129.1016689,"[35.13150989, 129.1016689]","[35.13150989, 129.1016689]"
953,35.13137231,129.1016283,"[35.13137231, 129.1016283]","[35.13137231, 129.1016283]"
954,35.13149331,129.1012668,"[35.13149331, 129.1012668]","[35.13149331, 129.1012668]"
955,35.13048207,129.1033504,"[35.13048207, 129.1033504]","[35.13048207, 129.1033504]"
956,35.13062725,129.1031742,"[35.13062725, 129.1031742]","[35.13062725, 129.1031742]"
957,35.13073461,129.1034654,"[35.13073461, 129.1034654]","[35.13073461, 129.1034654]"
958,35.13545407,129.100777,"[35.13545407, 129.100777]","[35.13545407, 129.100777]"
959,35.13349875,129.1010438,"[35.13349875, 129.1010438]","[35.13349875, 129.1010438]"
960,35.13311968,129.1010937,"[35.13311968, 129.1010937]","[35.13311968, 129.1010937]"
961,35.12871342,129.0914563,"[35.12871342, 129.0914563]","[35.12871342, 129.0914563]"
962,35.14678789,129.0959036,"[35.14678789, 129.0959036]","[35.14678789, 129.0959036]"
963,35.1454171,129.0978337,"[35.1454171, 129.0978337]","[35.1454171, 129.0978337]"
964,35.13360692,129.0919686,"[35.13360692, 129.0919686]","[35.13360692, 129.0919686]"
965,35.1322028,129.0920354,"[35.1322028, 129.0920354]","[35.1322028, 129.0920354]"
966,35.13423378,129.0668997,"[35.13423378, 129.0668997]","[35.13423378, 129.0668997]"
967,35.1350371,129.067284,"[35.1350371, 129.067284]","[35.1350371, 129.067284]"
968,35.12703813,129.0676028,"[35.12703813, 129.0676028]","[35.12703813, 129.0676028]"
969,35.12561342,129.0687403,"[35.12561342, 129.0687403]","[35.12561342, 129.0687403]"
970,35.12517889,129.0707773,"[35.12517889, 129.0707773]","[35.12517889, 129.0707773]"
971,35.12457784,129.0761276,"[35.12457784, 129.0761276]","[35.12457784, 129.0761276]"
972,35.12451122,129.0775075,"[35.12451122, 129.0775075]","[35.12451122, 129.0775075]"
973,35.12369762,129.0798815,"[35.12369762, 129.0798815]","[35.12369762, 129.0798815]"
974,35.12177914,129.0809712,"[35.12177914, 129.0809712]","[35.12177914, 129.0809712]"
975,35.1215854,129.0812739,"[35.1215854, 129.0812739]","[35.1215854, 129.0812739]"
976,35.12171502,129.0811574,"[35.12171502, 129.0811574]","[35.12171502, 129.0811574]"
977,35.12187751,129.0811367,"[35.12187751, 129.0811367]","[35.12187751, 129.0811367]"
978,35.12280029,129.0846646,"[35.12280029, 129.0846646]","[35.12280029, 129.0846646]"
979,35.12358131,129.0870104,"[35.12358131, 129.0870104]","[35.12358131, 129.0870104]"
980,35.12466554,129.0885177,"[35.12466554, 129.0885177]","[35.12466554, 129.0885177]"
981,35.13015638,129.0919461,"[35.13015638, 129.0919461]","[35.13015638, 129.0919461]"
982,35.12979635,129.0920521,"[35.12979635, 129.0920521]","[35.12979635, 129.0920521]"
983,35.12977653,129.0923178,"[35.12977653, 129.0923178]","[35.12977653, 129.0923178]"
984,35.13032182,129.0921038,"[35.13032182, 129.0921038]","[35.13032182, 129.0921038]"
985,35.14025398,129.1054613,"[35.14025398, 129.1054613]","[35.14025398, 129.1054613]"
986,35.13993799,129.1048274,"[35.13993799, 129.1048274]","[35.13993799, 129.1048274]"
987,35.13997607,129.1051341,"[35.13997607, 129.1051341]","[35.13997607, 129.1051341]"
988,35.13976651,129.1051315,"[35.13976651, 129.1051315]","[35.13976651, 129.1051315]"
989,35.13972604,129.1054263,"[35.13972604, 129.1054263]","[35.13972604, 129.1054263]"
990,35.14100812,129.1068216,"[35.14100812, 129.1068216]","[35.14100812, 129.1068216]"
991,35.1387144,129.1028746,"[35.1387144, 129.1028746]","[35.1387144, 129.1028746]"
992,35.13733839,129.1000004,"[35.13733839, 129.1000004]","[35.13733839, 129.1000004]"
993,35.13674667,129.1003111,"[35.13674667, 129.1003111]","[35.13674667, 129.1003111]"
994,35.13557481,129.0955025,"[35.13557481, 129.0955025]","[35.13557481, 129.0955025]"
995,35.1359213,129.096903,"[35.1359213, 129.096903]","[35.1359213, 129.096903]"
996,35.13511125,129.0917138,"[35.13511125, 129.0917138]","[35.13511125, 129.0917138]"
997,35.13492269,129.0919115,"[35.13492269, 129.0919115]","[35.13492269, 129.0919115]"
998,35.13512431,129.0920155,"[35.13512431, 129.0920155]","[35.13512431, 129.0920155]"
999,35.13425461,129.0769144,"[35.13425461, 129.0769144]","[35.13425461, 129.0769144]"
1000,35.13655482,129.0724315,"[35.13655482, 129.0724315]","[35.13655482, 129.0724315]"
1001,35.14781417,129.0665779,"[35.14781417, 129.0665779]","[35.14781417, 129.0665779]"
1002,35.14295141,129.0667477,"[35.14295141, 129.0667477]","[35.14295141, 129.0667477]"
1003,35.14469433,129.0667208,"[35.14469433, 129.0667208]","[35.14469433, 129.0667208]"
1004,35.13692774,129.0668114,"[35.13692774, 129.0668114]","[35.13692774, 129.0668114]"
1005,35.13655361,129.0673608,"[35.13655361, 129.0673608]","[35.13655361, 129.0673608]"
1006,35.13658977,129.0675997,"[35.13658977, 129.0675997]","[35.13658977, 129.0675997]"
1007,35.13654318,129.0684289,"[35.13654318, 129.0684289]","[35.13654318, 129.0684289]"
1008,35.13661392,129.068152,"[35.13661392, 129.068152]","[35.13661392, 129.068152]"
1009,35.20350349,129.0694911,"[35.20350349, 129.0694911]","[35.20350349, 129.0694911]"
1010,35.20742316,129.0821655,"[35.20742316, 129.0821655]","[35.20742316, 129.0821655]"
1011,35.20064728,129.0557049,"[35.20064728, 129.0557049]","[35.20064728, 129.0557049]"
1012,35.2009247,129.0562073,"[35.2009247, 129.0562073]","[35.2009247, 129.0562073]"
1013,35.20529536,129.0822428,"[35.20529536, 129.0822428]","[35.20529536, 129.0822428]"
1014,35.20728227,129.0838654,"[35.20728227, 129.0838654]","[35.20728227, 129.0838654]"
1015,35.20481453,129.0843612,"[35.20481453, 129.0843612]","[35.20481453, 129.0843612]"
1016,35.20196218,129.0694482,"[35.20196218, 129.0694482]","[35.20196218, 129.0694482]"
1017,35.2036151,129.0829946,"[35.2036151, 129.0829946]","[35.2036151, 129.0829946]"
1018,35.20282365,129.0604675,"[35.20282365, 129.0604675]","[35.20282365, 129.0604675]"
1019,35.20413746,129.0879449,"[35.20413746, 129.0879449]","[35.20413746, 129.0879449]"
1020,35.19229074,129.1078243,"[35.19229074, 129.1078243]","[35.19229074, 129.1078243]"
1021,35.19412046,129.108472,"[35.19412046, 129.108472]","[35.19412046, 129.108472]"
1022,35.19404296,129.1087696,"[35.19404296, 129.1087696]","[35.19404296, 129.1087696]"
1023,35.19799038,129.097757,"[35.19799038, 129.097757]","[35.19799038, 129.097757]"
1024,35.21805717,129.084619,"[35.21805717, 129.084619]","[35.21805717, 129.084619]"
1025,35.20412728,129.0673544,"[35.20412728, 129.0673544]","[35.20412728, 129.0673544]"
1026,35.20464862,129.1015468,"[35.20464862, 129.1015468]","[35.20464862, 129.1015468]"
1027,35.20485663,129.0996228,"[35.20485663, 129.0996228]","[35.20485663, 129.0996228]"
1028,35.20423332,129.0617959,"[35.20423332, 129.0617959]","[35.20423332, 129.0617959]"
1029,35.20617334,129.1025301,"[35.20617334, 129.1025301]","[35.20617334, 129.1025301]"
1030,35.19454355,129.0923729,"[35.19454355, 129.0923729]","[35.19454355, 129.0923729]"
1031,35.2140892,129.0766179,"[35.2140892, 129.0766179]","[35.2140892, 129.0766179]"
1032,35.21422643,129.0768431,"[35.21422643, 129.0768431]","[35.21422643, 129.0768431]"
1033,35.21402164,129.0768744,"[35.21402164, 129.0768744]","[35.21402164, 129.0768744]"
1034,35.19378925,129.10383,"[35.19378925, 129.10383]","[35.19378925, 129.10383]"
1035,35.19452893,129.1042131,"[35.19452893, 129.1042131]","[35.19452893, 129.1042131]"
1036,35.19895104,129.1106997,"[35.19895104, 129.1106997]","[35.19895104, 129.1106997]"
1037,35.19904581,129.1108156,"[35.19904581, 129.1108156]","[35.19904581, 129.1108156]"
1038,35.19915484,129.1107477,"[35.19915484, 129.1107477]","[35.19915484, 129.1107477]"
1039,35.19350308,129.1017878,"[35.19350308, 129.1017878]","[35.19350308, 129.1017878]"
1040,35.19880458,129.1124169,"[35.19880458, 129.1124169]","[35.19880458, 129.1124169]"
1041,35.19905616,129.1124248,"[35.19905616, 129.1124248]","[35.19905616, 129.1124248]"
1042,35.19894306,129.1122814,"[35.19894306, 129.1122814]","[35.19894306, 129.1122814]"
1043,35.19420189,129.0982347,"[35.19420189, 129.0982347]","[35.19420189, 129.0982347]"
1044,35.19434951,129.0983002,"[35.19434951, 129.0983002]","[35.19434951, 129.0983002]"
1045,35.19228816,129.0989542,"[35.19228816, 129.0989542]","[35.19228816, 129.0989542]"
1046,35.20225228,129.1105841,"[35.20225228, 129.1105841]","[35.20225228, 129.1105841]"
1047,35.20886129,129.0639155,"[35.20886129, 129.0639155]","[35.20886129, 129.0639155]"
1048,35.2092437,129.0642998,"[35.2092437, 129.0642998]","[35.2092437, 129.0642998]"
1049,35.22320187,129.0773572,"[35.22320187, 129.0773572]","[35.22320187, 129.0773572]"
1050,35.21892083,129.0826351,"[35.21892083, 129.0826351]","[35.21892083, 129.0826351]"
1051,35.21866619,129.0826875,"[35.21866619, 129.0826875]","[35.21866619, 129.0826875]"
1052,35.21859675,129.0824486,"[35.21859675, 129.0824486]","[35.21859675, 129.0824486]"
1053,35.21932309,129.0764656,"[35.21932309, 129.0764656]","[35.21932309, 129.0764656]"
1054,35.21984917,129.0764928,"[35.21984917, 129.0764928]","[35.21984917, 129.0764928]"
1055,35.22112371,129.076622,"[35.22112371, 129.076622]","[35.22112371, 129.076622]"
1056,35.21746884,129.0741071,"[35.21746884, 129.0741071]","[35.21746884, 129.0741071]"
1057,35.19913749,129.1134354,"[35.19913749, 129.1134354]","[35.19913749, 129.1134354]"
1058,35.20774362,129.0727255,"[35.20774362, 129.0727255]","[35.20774362, 129.0727255]"
1059,35.20461707,129.1084633,"[35.20461707, 129.1084633]","[35.20461707, 129.1084633]"
1060,35.22505216,129.0781365,"[35.22505216, 129.0781365]","[35.22505216, 129.0781365]"
1061,35.19487673,129.0586614,"[35.19487673, 129.0586614]","[35.19487673, 129.0586614]"
1062,35.20103533,129.0980795,"[35.20103533, 129.0980795]","[35.20103533, 129.0980795]"
1063,35.20639796,129.1023102,"[35.20639796, 129.1023102]","[35.20639796, 129.1023102]"
1064,35.20700964,129.1031369,"[35.20700964, 129.1031369]","[35.20700964, 129.1031369]"
1065,35.19238997,129.105046,"[35.19238997, 129.105046]","[35.19238997, 129.105046]"
1066,35.19299429,129.1032987,"[35.19299429, 129.1032987]","[35.19299429, 129.1032987]"
1067,35.19283423,129.1033427,"[35.19283423, 129.1033427]","[35.19283423, 129.1033427]"
1068,35.19307117,129.103456,"[35.19307117, 129.103456]","[35.19307117, 129.103456]"
1069,35.19905673,129.1106292,"[35.19905673, 129.1106292]","[35.19905673, 129.1106292]"
1070,35.19987624,129.1027912,"[35.19987624, 129.1027912]","[35.19987624, 129.1027912]"
1071,35.20054697,129.0995272,"[35.20054697, 129.0995272]","[35.20054697, 129.0995272]"
1072,35.19732274,129.0954186,"[35.19732274, 129.0954186]","[35.19732274, 129.0954186]"
1073,35.19366935,129.1016974,"[35.19366935, 129.1016974]","[35.19366935, 129.1016974]"
1074,35.19386949,129.0985667,"[35.19386949, 129.0985667]","[35.19386949, 129.0985667]"
1075,35.20460522,129.1078612,"[35.20460522, 129.1078612]","[35.20460522, 129.1078612]"
1076,35.19242938,129.0991829,"[35.19242938, 129.0991829]","[35.19242938, 129.0991829]"
1077,35.19173394,129.1061784,"[35.19173394, 129.1061784]","[35.19173394, 129.1061784]"
1078,35.2064035,129.1011732,"[35.2064035, 129.1011732]","[35.2064035, 129.1011732]"
1079,35.20631845,129.1005566,"[35.20631845, 129.1005566]","[35.20631845, 129.1005566]"
1080,35.19441215,129.0935766,"[35.19441215, 129.0935766]","[35.19441215, 129.0935766]"
1081,35.19949273,129.1044143,"[35.19949273, 129.1044143]","[35.19949273, 129.1044143]"
1082,35.19946986,129.1045853,"[35.19946986, 129.1045853]","[35.19946986, 129.1045853]"
1083,35.2012514,129.0932892,"[35.2012514, 129.0932892]","[35.2012514, 129.0932892]"
1084,35.19998627,129.0547024,"[35.19998627, 129.0547024]","[35.19998627, 129.0547024]"
1085,35.203672,129.1091708,"[35.203672, 129.1091708]","[35.203672, 129.1091708]"
1086,35.20013534,129.0547095,"[35.20013534, 129.0547095]","[35.20013534, 129.0547095]"
1087,35.20369183,129.0896308,"[35.20369183, 129.0896308]","[35.20369183, 129.0896308]"
1088,35.20366646,129.0894896,"[35.20366646, 129.0894896]","[35.20366646, 129.0894896]"
1089,35.21161379,129.0788086,"[35.21161379, 129.0788086]","[35.21161379, 129.0788086]"
1090,35.20001257,129.0549049,"[35.20001257, 129.0549049]","[35.20001257, 129.0549049]"
1091,35.20963024,129.0702943,"[35.20963024, 129.0702943]","[35.20963024, 129.0702943]"
1092,35.2108387,129.0707597,"[35.2108387, 129.0707597]","[35.2108387, 129.0707597]"
1093,35.20902722,129.0730528,"[35.20902722, 129.0730528]","[35.20902722, 129.0730528]"
1094,35.21266318,129.072822,"[35.21266318, 129.072822]","[35.21266318, 129.072822]"
1095,35.19441773,129.0876769,"[35.19441773, 129.0876769]","[35.19441773, 129.0876769]"
1096,35.21209537,129.073144,"[35.21209537, 129.073144]","[35.21209537, 129.073144]"
1097,35.21059935,129.0826095,"[35.21059935, 129.0826095]","[35.21059935, 129.0826095]"
1098,35.20072215,129.0996296,"[35.20072215, 129.0996296]","[35.20072215, 129.0996296]"
1099,35.20065649,129.0994539,"[35.20065649, 129.0994539]","[35.20065649, 129.0994539]"
1100,35.19884997,129.0984496,"[35.19884997, 129.0984496]","[35.19884997, 129.0984496]"
1101,35.21002259,129.0801307,"[35.21002259, 129.0801307]","[35.21002259, 129.0801307]"
1102,35.20151544,129.1044283,"[35.20151544, 129.1044283]","[35.20151544, 129.1044283]"
1103,35.20275911,129.0602825,"[35.20275911, 129.0602825]","[35.20275911, 129.0602825]"
1104,35.20250697,129.0635305,"[35.20250697, 129.0635305]","[35.20250697, 129.0635305]"
1105,35.19664499,129.0655917,"[35.19664499, 129.0655917]","[35.19664499, 129.0655917]"
1106,35.20059365,129.0997096,"[35.20059365, 129.0997096]","[35.20059365, 129.0997096]"
1107,35.19921407,129.0539087,"[35.19921407, 129.0539087]","[35.19921407, 129.0539087]"
1108,35.21322686,129.083113,"[35.21322686, 129.083113]","[35.21322686, 129.083113]"
1109,35.21412008,129.0792181,"[35.21412008, 129.0792181]","[35.21412008, 129.0792181]"
1110,35.21666682,129.0783503,"[35.21666682, 129.0783503]","[35.21666682, 129.0783503]"
1111,35.21688208,129.0784686,"[35.21688208, 129.0784686]","[35.21688208, 129.0784686]"
1112,35.21599283,129.0800234,"[35.21599283, 129.0800234]","[35.21599283, 129.0800234]"
1113,35.21717203,129.085986,"[35.21717203, 129.085986]","[35.21717203, 129.085986]"
1114,35.20310994,129.0815594,"[35.20310994, 129.0815594]","[35.20310994, 129.0815594]"
1115,35.20357388,129.0797163,"[35.20357388, 129.0797163]","[35.20357388, 129.0797163]"
1116,35.19871717,129.0619145,"[35.19871717, 129.0619145]","[35.19871717, 129.0619145]"
1117,35.19838238,129.0707288,"[35.19838238, 129.0707288]","[35.19838238, 129.0707288]"
1118,35.19965342,129.0702518,"[35.19965342, 129.0702518]","[35.19965342, 129.0702518]"
1119,35.20749438,129.0820596,"[35.20749438, 129.0820596]","[35.20749438, 129.0820596]"
1120,35.20907291,129.0981029,"[35.20907291, 129.0981029]","[35.20907291, 129.0981029]"
1121,35.20820842,129.0989961,"[35.20820842, 129.0989961]","[35.20820842, 129.0989961]"
1122,35.2016327,129.058689,"[35.2016327, 129.058689]","[35.2016327, 129.058689]"
1123,35.20468344,129.0843727,"[35.20468344, 129.0843727]","[35.20468344, 129.0843727]"
1124,35.21111815,129.0958649,"[35.21111815, 129.0958649]","[35.21111815, 129.0958649]"
1125,35.19614114,129.060906,"[35.19614114, 129.060906]","[35.19614114, 129.060906]"
1126,35.20409388,129.088257,"[35.20409388, 129.088257]","[35.20409388, 129.088257]"
1127,35.20266676,129.0636437,"[35.20266676, 129.0636437]","[35.20266676, 129.0636437]"
1128,35.20659743,129.0851416,"[35.20659743, 129.0851416]","[35.20659743, 129.0851416]"
1129,35.21246087,129.093899,"[35.21246087, 129.093899]","[35.21246087, 129.093899]"
1130,35.20792277,129.0917367,"[35.20792277, 129.0917367]","[35.20792277, 129.0917367]"
1131,35.20758765,129.0977515,"[35.20758765, 129.0977515]","[35.20758765, 129.0977515]"
1132,35.20755742,129.097863,"[35.20755742, 129.097863]","[35.20755742, 129.097863]"
1133,35.21151332,129.1006314,"[35.21151332, 129.1006314]","[35.21151332, 129.1006314]"
1134,35.19668441,129.0536602,"[35.19668441, 129.0536602]","[35.19668441, 129.0536602]"
1135,35.20377714,129.0894322,"[35.20377714, 129.0894322]","[35.20377714, 129.0894322]"
1136,35.21713386,129.0860828,"[35.21713386, 129.0860828]","[35.21713386, 129.0860828]"
1137,35.20042309,129.0642957,"[35.20042309, 129.0642957]","[35.20042309, 129.0642957]"
1138,35.20659487,129.072529,"[35.20659487, 129.072529]","[35.20659487, 129.072529]"
1139,35.20150046,129.0850163,"[35.20150046, 129.0850163]","[35.20150046, 129.0850163]"
1140,35.21592643,129.0873852,"[35.21592643, 129.0873852]","[35.21592643, 129.0873852]"
1141,35.20363525,129.0798844,"[35.20363525, 129.0798844]","[35.20363525, 129.0798844]"
1142,35.20682394,129.0689546,"[35.20682394, 129.0689546]","[35.20682394, 129.0689546]"
1143,35.20026538,129.0906382,"[35.20026538, 129.0906382]","[35.20026538, 129.0906382]"
1144,35.19455134,129.0878703,"[35.19455134, 129.0878703]","[35.19455134, 129.0878703]"
1145,35.20120051,129.0866523,"[35.20120051, 129.0866523]","[35.20120051, 129.0866523]"
1146,35.20055545,129.0842474,"[35.20055545, 129.0842474]","[35.20055545, 129.0842474]"
1147,35.21139195,129.0658442,"[35.21139195, 129.0658442]","[35.21139195, 129.0658442]"
1148,35.19245237,129.1076715,"[35.19245237, 129.1076715]","[35.19245237, 129.1076715]"
1149,35.19420009,129.1086991,"[35.19420009, 129.1086991]","[35.19420009, 129.1086991]"
1150,35.19497803,129.05692,"[35.19497803, 129.05692]","[35.19497803, 129.05692]"
1151,35.1951672,129.0580658,"[35.1951672, 129.0580658]","[35.1951672, 129.0580658]"
1152,35.19524535,129.0586795,"[35.19524535, 129.0586795]","[35.19524535, 129.0586795]"
1153,35.19653364,129.0865899,"[35.19653364, 129.0865899]","[35.19653364, 129.0865899]"
1154,35.19610018,129.0628993,"[35.19610018, 129.0628993]","[35.19610018, 129.0628993]"
1155,35.1959092,129.063572,"[35.1959092, 129.063572]","[35.1959092, 129.063572]"
1156,35.19561516,129.0605405,"[35.19561516, 129.0605405]","[35.19561516, 129.0605405]"
1157,35.19582273,129.0615267,"[35.19582273, 129.0615267]","[35.19582273, 129.0615267]"
1158,35.19137205,129.1071231,"[35.19137205, 129.1071231]","[35.19137205, 129.1071231]"
1159,35.2083966,129.1035129,"[35.2083966, 129.1035129]","[35.2083966, 129.1035129]"
1160,35.19898645,129.0846141,"[35.19898645, 129.0846141]","[35.19898645, 129.0846141]"
1161,35.1992893,129.08486,"[35.1992893, 129.08486]","[35.1992893, 129.08486]"
1162,35.1101238,129.0137442,"[35.1101238, 129.0137442]","[35.1101238, 129.0137442]"
1163,35.19726931,129.0834068,"[35.19726931, 129.0834068]","[35.19726931, 129.0834068]"
1164,35.19420368,129.0918544,"[35.19420368, 129.0918544]","[35.19420368, 129.0918544]"
1165,35.19468885,129.0923883,"[35.19468885, 129.0923883]","[35.19468885, 129.0923883]"
1166,35.1945408,129.1116336,"[35.1945408, 129.1116336]","[35.1945408, 129.1116336]"
1167,35.19441283,129.1128262,"[35.19441283, 129.1128262]","[35.19441283, 129.1128262]"
1168,35.19876471,129.0651465,"[35.19876471, 129.0651465]","[35.19876471, 129.0651465]"
1169,35.19740502,129.0655596,"[35.19740502, 129.0655596]","[35.19740502, 129.0655596]"
1170,35.19490233,129.0638739,"[35.19490233, 129.0638739]","[35.19490233, 129.0638739]"
1171,35.19458765,129.0639688,"[35.19458765, 129.0639688]","[35.19458765, 129.0639688]"
1172,35.19452712,129.0642974,"[35.19452712, 129.0642974]","[35.19452712, 129.0642974]"
1173,35.1947841,129.0641109,"[35.1947841, 129.0641109]","[35.1947841, 129.0641109]"
1174,35.20608365,129.1022802,"[35.20608365, 129.1022802]","[35.20608365, 129.1022802]"
1175,35.20633819,129.1025594,"[35.20633819, 129.1025594]","[35.20633819, 129.1025594]"
1176,35.20453555,129.1013318,"[35.20453555, 129.1013318]","[35.20453555, 129.1013318]"
1177,35.20270237,129.0995729,"[35.20270237, 129.0995729]","[35.20270237, 129.0995729]"
1178,35.20081774,129.0981844,"[35.20081774, 129.0981844]","[35.20081774, 129.0981844]"
1179,35.20095836,129.0983915,"[35.20095836, 129.0983915]","[35.20095836, 129.0983915]"
1180,35.1956132,129.1081171,"[35.1956132, 129.1081171]","[35.1956132, 129.1081171]"
1181,35.19507649,129.1090166,"[35.19507649, 129.1090166]","[35.19507649, 129.1090166]"
1182,35.19504519,129.1091638,"[35.19504519, 129.1091638]","[35.19504519, 129.1091638]"
1183,35.19511364,129.1093618,"[35.19511364, 129.1093618]","[35.19511364, 129.1093618]"
1184,35.19668903,129.1032979,"[35.19668903, 129.1032979]","[35.19668903, 129.1032979]"
1185,35.19657436,129.1031372,"[35.19657436, 129.1031372]","[35.19657436, 129.1031372]"
1186,35.19651308,129.1048176,"[35.19651308, 129.1048176]","[35.19651308, 129.1048176]"
1187,35.19700694,129.1013988,"[35.19700694, 129.1013988]","[35.19700694, 129.1013988]"
1188,35.1983581,129.0963356,"[35.1983581, 129.0963356]","[35.1983581, 129.0963356]"
1189,35.19812545,129.0963738,"[35.19812545, 129.0963738]","[35.19812545, 129.0963738]"
1190,35.19824607,129.0967539,"[35.19824607, 129.0967539]","[35.19824607, 129.0967539]"
1191,35.19891029,129.0970533,"[35.19891029, 129.0970533]","[35.19891029, 129.0970533]"
1192,35.20080501,129.088846,"[35.20080501, 129.088846]","[35.20080501, 129.088846]"
1193,35.20194017,129.0837819,"[35.20194017, 129.0837819]","[35.20194017, 129.0837819]"
1194,35.20180971,129.0836483,"[35.20180971, 129.0836483]","[35.20180971, 129.0836483]"
1195,35.20157641,129.0839192,"[35.20157641, 129.0839192]","[35.20157641, 129.0839192]"
1196,35.20169677,129.0840666,"[35.20169677, 129.0840666]","[35.20169677, 129.0840666]"
1197,35.20292496,129.0814974,"[35.20292496, 129.0814974]","[35.20292496, 129.0814974]"
1198,35.20589065,129.07451,"[35.20589065, 129.07451]","[35.20589065, 129.07451]"
1199,35.20746004,129.0707671,"[35.20746004, 129.0707671]","[35.20746004, 129.0707671]"
1200,35.20665356,129.0726891,"[35.20665356, 129.0726891]","[35.20665356, 129.0726891]"
1201,35.2054674,129.0680498,"[35.2054674, 129.0680498]","[35.2054674, 129.0680498]"
1202,35.20398795,129.0670272,"[35.20398795, 129.0670272]","[35.20398795, 129.0670272]"
1203,35.20190501,129.0656026,"[35.20190501, 129.0656026]","[35.20190501, 129.0656026]"
1204,35.20032884,129.0646776,"[35.20032884, 129.0646776]","[35.20032884, 129.0646776]"
1205,35.20064732,129.0647474,"[35.20064732, 129.0647474]","[35.20064732, 129.0647474]"
1206,35.19851975,129.0755136,"[35.19851975, 129.0755136]","[35.19851975, 129.0755136]"
1207,35.19627789,129.0710806,"[35.19627789, 129.0710806]","[35.19627789, 129.0710806]"
1208,35.19643598,129.0718751,"[35.19643598, 129.0718751]","[35.19643598, 129.0718751]"
1209,35.19592939,129.0694201,"[35.19592939, 129.0694201]","[35.19592939, 129.0694201]"
1210,35.19521377,129.0660863,"[35.19521377, 129.0660863]","[35.19521377, 129.0660863]"
1211,35.1950883,129.0664326,"[35.1950883, 129.0664326]","[35.1950883, 129.0664326]"
1212,35.19533232,129.0666042,"[35.19533232, 129.0666042]","[35.19533232, 129.0666042]"
1213,35.19548271,129.0662982,"[35.19548271, 129.0662982]","[35.19548271, 129.0662982]"
1214,35.21798676,129.0843462,"[35.21798676, 129.0843462]","[35.21798676, 129.0843462]"
1215,35.21833689,129.0846369,"[35.21833689, 129.0846369]","[35.21833689, 129.0846369]"
1216,35.20489902,129.0779828,"[35.20489902, 129.0779828]","[35.20489902, 129.0779828]"
1217,35.20466514,129.0774409,"[35.20466514, 129.0774409]","[35.20466514, 129.0774409]"
1218,35.2040874,129.0780151,"[35.2040874, 129.0780151]","[35.2040874, 129.0780151]"
1219,35.20403235,129.0783596,"[35.20403235, 129.0783596]","[35.20403235, 129.0783596]"
1220,35.19935843,129.0778234,"[35.19935843, 129.0778234]","[35.19935843, 129.0778234]"
1221,35.19963741,129.0779969,"[35.19963741, 129.0779969]","[35.19963741, 129.0779969]"
1222,35.15437003,129.06835,"[35.15437003, 129.06835]","[35.15437003, 129.06835]"
1223,35.17467404,129.0637818,"[35.17467404, 129.0637818]","[35.17467404, 129.0637818]"
1224,35.1519711,129.020441,"[35.1519711, 129.020441]","[35.1519711, 129.020441]"
1225,35.15209013,129.0623465,"[35.15209013, 129.0623465]","[35.15209013, 129.0623465]"
1226,35.15218077,129.0622264,"[35.15218077, 129.0622264]","[35.15218077, 129.0622264]"
1227,35.17500212,129.0637642,"[35.17500212, 129.0637642]","[35.17500212, 129.0637642]"
1228,35.17360719,129.0487976,"[35.17360719, 129.0487976]","[35.17360719, 129.0487976]"
1229,35.17376155,129.048841,"[35.17376155, 129.048841]","[35.17376155, 129.048841]"
1230,35.17194404,129.0485562,"[35.17194404, 129.0485562]","[35.17194404, 129.0485562]"
1231,35.17392698,129.0693885,"[35.17392698, 129.0693885]","[35.17392698, 129.0693885]"
1232,35.17182592,129.0485358,"[35.17182592, 129.0485358]","[35.17182592, 129.0485358]"
1233,35.17174179,129.0486691,"[35.17174179, 129.0486691]","[35.17174179, 129.0486691]"
1234,35.15007745,129.0199767,"[35.15007745, 129.0199767]","[35.15007745, 129.0199767]"
1235,35.16509117,129.0369468,"[35.16509117, 129.0369468]","[35.16509117, 129.0369468]"
1236,35.15008587,129.0298813,"[35.15008587, 129.0298813]","[35.15008587, 129.0298813]"
1237,35.14805015,129.0559536,"[35.14805015, 129.0559536]","[35.14805015, 129.0559536]"
1238,35.16312711,129.0518694,"[35.16312711, 129.0518694]","[35.16312711, 129.0518694]"
1239,35.1482373,129.055848,"[35.1482373, 129.055848]","[35.1482373, 129.055848]"
1240,35.14841846,129.0556032,"[35.14841846, 129.0556032]","[35.14841846, 129.0556032]"
1241,35.15171265,129.0354779,"[35.15171265, 129.0354779]","[35.15171265, 129.0354779]"
1242,35.15187805,129.0354632,"[35.15187805, 129.0354632]","[35.15187805, 129.0354632]"
1243,35.15170894,129.037527,"[35.15170894, 129.037527]","[35.15170894, 129.037527]"
1244,35.14974213,129.0175641,"[35.14974213, 129.0175641]","[35.14974213, 129.0175641]"
1245,35.17166614,129.0587806,"[35.17166614, 129.0587806]","[35.17166614, 129.0587806]"
1246,35.15446109,129.0579771,"[35.15446109, 129.0579771]","[35.15446109, 129.0579771]"
1247,35.16404117,129.0517049,"[35.16404117, 129.0517049]","[35.16404117, 129.0517049]"
1248,35.16429619,129.0516566,"[35.16429619, 129.0516566]","[35.16429619, 129.0516566]"
1249,35.15236239,129.0623787,"[35.15236239, 129.0623787]","[35.15236239, 129.0623787]"
1250,35.15237305,129.0498841,"[35.15237305, 129.0498841]","[35.15237305, 129.0498841]"
1251,35.15274044,129.0203689,"[35.15274044, 129.0203689]","[35.15274044, 129.0203689]"
1252,35.15015535,129.0203179,"[35.15015535, 129.0203179]","[35.15015535, 129.0203179]"
1253,35.1787699,129.0532778,"[35.1787699, 129.0532778]","[35.1787699, 129.0532778]"
1254,35.16325353,129.052159,"[35.16325353, 129.052159]","[35.16325353, 129.052159]"
1255,35.17950174,129.0525428,"[35.17950174, 129.0525428]","[35.17950174, 129.0525428]"
1256,35.15317171,129.0683671,"[35.15317171, 129.0683671]","[35.15317171, 129.0683671]"
1257,35.15036397,129.0492355,"[35.15036397, 129.0492355]","[35.15036397, 129.0492355]"
1258,35.15000566,129.0299945,"[35.15000566, 129.0299945]","[35.15000566, 129.0299945]"
1259,35.15347219,129.0366197,"[35.15347219, 129.0366197]","[35.15347219, 129.0366197]"
1260,35.17915732,129.073289,"[35.17915732, 129.073289]","[35.17915732, 129.073289]"
1261,35.17897243,129.0736404,"[35.17897243, 129.0736404]","[35.17897243, 129.0736404]"
1262,35.15733933,129.0547402,"[35.15733933, 129.0547402]","[35.15733933, 129.0547402]"
1263,35.15788138,129.0547177,"[35.15788138, 129.0547177]","[35.15788138, 129.0547177]"
1264,35.17024182,129.071923,"[35.17024182, 129.071923]","[35.17024182, 129.071923]"
1265,35.15449974,129.0362503,"[35.15449974, 129.0362503]","[35.15449974, 129.0362503]"
1266,35.16054409,129.065149,"[35.16054409, 129.065149]","[35.16054409, 129.065149]"
1267,35.16033727,129.0656755,"[35.16033727, 129.0656755]","[35.16033727, 129.0656755]"
1268,35.15761448,129.0623253,"[35.15761448, 129.0623253]","[35.15761448, 129.0623253]"
1269,35.15763373,129.0624655,"[35.15763373, 129.0624655]","[35.15763373, 129.0624655]"
1270,35.15792556,129.0623226,"[35.15792556, 129.0623226]","[35.15792556, 129.0623226]"
1271,35.15433641,129.0623629,"[35.15433641, 129.0623629]","[35.15433641, 129.0623629]"
1272,35.15448822,129.0622241,"[35.15448822, 129.0622241]","[35.15448822, 129.0622241]"
1273,35.15466405,129.0623611,"[35.15466405, 129.0623611]","[35.15466405, 129.0623611]"
1274,35.15551205,129.0623556,"[35.15551205, 129.0623556]","[35.15551205, 129.0623556]"
1275,35.1594847,129.0623075,"[35.1594847, 129.0623075]","[35.1594847, 129.0623075]"
1276,35.15099578,129.057843,"[35.15099578, 129.057843]","[35.15099578, 129.057843]"
1277,35.16027259,129.034872,"[35.16027259, 129.034872]","[35.16027259, 129.034872]"
1278,35.15835032,129.0275313,"[35.15835032, 129.0275313]","[35.15835032, 129.0275313]"
1279,35.15886728,129.0273451,"[35.15886728, 129.0273451]","[35.15886728, 129.0273451]"
1280,35.15965359,129.0270699,"[35.15965359, 129.0270699]","[35.15965359, 129.0270699]"
1281,35.14700298,129.0199202,"[35.14700298, 129.0199202]","[35.14700298, 129.0199202]"
1282,35.15133575,129.0202468,"[35.15133575, 129.0202468]","[35.15133575, 129.0202468]"
1283,35.16530439,129.0369732,"[35.16530439, 129.0369732]","[35.16530439, 129.0369732]"
1284,35.16520036,129.0392372,"[35.16520036, 129.0392372]","[35.16520036, 129.0392372]"
1285,35.16559437,129.039142,"[35.16559437, 129.039142]","[35.16559437, 129.039142]"
1286,35.1636332,129.0395984,"[35.1636332, 129.0395984]","[35.1636332, 129.0395984]"
1287,35.16262073,129.0398286,"[35.16262073, 129.0398286]","[35.16262073, 129.0398286]"
1288,35.16527455,129.0532622,"[35.16527455, 129.0532622]","[35.16527455, 129.0532622]"
1289,35.14484709,129.062875,"[35.14484709, 129.062875]","[35.14484709, 129.062875]"
1290,35.16130983,129.055954,"[35.16130983, 129.055954]","[35.16130983, 129.055954]"
1291,35.16149069,129.0563765,"[35.16149069, 129.0563765]","[35.16149069, 129.0563765]"
1292,35.1518944,129.0683758,"[35.1518944, 129.0683758]","[35.1518944, 129.0683758]"
1293,35.14494381,129.0627757,"[35.14494381, 129.0627757]","[35.14494381, 129.0627757]"
1294,35.15459049,129.0578059,"[35.15459049, 129.0578059]","[35.15459049, 129.0578059]"
1295,35.14503773,129.0628677,"[35.14503773, 129.0628677]","[35.14503773, 129.0628677]"
1296,35.15445979,129.057626,"[35.15445979, 129.057626]","[35.15445979, 129.057626]"
1297,35.15435419,129.0578127,"[35.15435419, 129.0578127]","[35.15435419, 129.0578127]"
1298,35.1649208,129.0278391,"[35.1649208, 129.0278391]","[35.1649208, 129.0278391]"
1299,35.14492718,129.0617957,"[35.14492718, 129.0617957]","[35.14492718, 129.0617957]"
1300,35.15370762,129.0387578,"[35.15370762, 129.0387578]","[35.15370762, 129.0387578]"
1301,35.15392799,129.0389383,"[35.15392799, 129.0389383]","[35.15392799, 129.0389383]"
1302,35.15392632,129.0386539,"[35.15392632, 129.0386539]","[35.15392632, 129.0386539]"
1303,35.15050214,129.0216447,"[35.15050214, 129.0216447]","[35.15050214, 129.0216447]"
1304,35.16545316,129.0695678,"[35.16545316, 129.0695678]","[35.16545316, 129.0695678]"
1305,35.15134832,129.0510485,"[35.15134832, 129.0510485]","[35.15134832, 129.0510485]"
1306,35.15372412,129.0444245,"[35.15372412, 129.0444245]","[35.15372412, 129.0444245]"
1307,35.15324897,129.0494241,"[35.15324897, 129.0494241]","[35.15324897, 129.0494241]"
1308,35.16225218,129.0431056,"[35.16225218, 129.0431056]","[35.16225218, 129.0431056]"
1309,35.15470642,129.0187363,"[35.15470642, 129.0187363]","[35.15470642, 129.0187363]"
1310,35.15904547,129.0580621,"[35.15904547, 129.0580621]","[35.15904547, 129.0580621]"
1311,35.16742412,129.036886,"[35.16742412, 129.036886]","[35.16742412, 129.036886]"
1312,35.16588372,129.0659913,"[35.16588372, 129.0659913]","[35.16588372, 129.0659913]"
1313,35.1675083,129.0376823,"[35.1675083, 129.0376823]","[35.1675083, 129.0376823]"
1314,35.16414452,129.0653286,"[35.16414452, 129.0653286]","[35.16414452, 129.0653286]"
1315,35.16234172,129.0363602,"[35.16234172, 129.0363602]","[35.16234172, 129.0363602]"
1316,35.16257528,129.0363137,"[35.16257528, 129.0363137]","[35.16257528, 129.0363137]"
1317,35.17329009,129.077863,"[35.17329009, 129.077863]","[35.17329009, 129.077863]"
1318,35.1701188,129.0350214,"[35.1701188, 129.0350214]","[35.1701188, 129.0350214]"
1319,35.17012871,129.034372,"[35.17012871, 129.034372]","[35.17012871, 129.034372]"
1320,35.1661344,129.0653872,"[35.1661344, 129.0653872]","[35.1661344, 129.0653872]"
1321,35.17033977,129.0344981,"[35.17033977, 129.0344981]","[35.17033977, 129.0344981]"
1322,35.1699925,129.0347397,"[35.1699925, 129.0347397]","[35.1699925, 129.0347397]"
1323,35.17367055,129.0309267,"[35.17367055, 129.0309267]","[35.17367055, 129.0309267]"
1324,35.17385365,129.0309846,"[35.17385365, 129.0309846]","[35.17385365, 129.0309846]"
1325,35.17370848,129.0311579,"[35.17370848, 129.0311579]","[35.17370848, 129.0311579]"
1326,35.17382882,129.0311356,"[35.17382882, 129.0311356]","[35.17382882, 129.0311356]"
1327,35.16916762,129.0331094,"[35.16916762, 129.0331094]","[35.16916762, 129.0331094]"
1328,35.1691619,129.0334026,"[35.1691619, 129.0334026]","[35.1691619, 129.0334026]"
1329,35.16928965,129.0333218,"[35.16928965, 129.0333218]","[35.16928965, 129.0333218]"
1330,35.14802074,129.0613937,"[35.14802074, 129.0613937]","[35.14802074, 129.0613937]"
1331,35.17205904,129.0287115,"[35.17205904, 129.0287115]","[35.17205904, 129.0287115]"
1332,35.17201565,129.0285005,"[35.17201565, 129.0285005]","[35.17201565, 129.0285005]"
1333,35.17186842,129.028458,"[35.17186842, 129.028458]","[35.17186842, 129.028458]"
1334,35.15774959,129.0637683,"[35.15774959, 129.0637683]","[35.15774959, 129.0637683]"
1335,35.17187319,129.0286996,"[35.17187319, 129.0286996]","[35.17187319, 129.0286996]"
1336,35.17313252,129.0318983,"[35.17313252, 129.0318983]","[35.17313252, 129.0318983]"
1337,35.15762789,129.0682613,"[35.15762789, 129.0682613]","[35.15762789, 129.0682613]"
1338,35.15795393,129.0682094,"[35.15795393, 129.0682094]","[35.15795393, 129.0682094]"
1339,35.1415711,129.0621851,"[35.1415711, 129.0621851]","[35.1415711, 129.0621851]"
1340,35.14769365,129.0343942,"[35.14769365, 129.0343942]","[35.14769365, 129.0343942]"
1341,35.15114338,129.0298132,"[35.15114338, 129.0298132]","[35.15114338, 129.0298132]"
1342,35.15101672,129.0299431,"[35.15101672, 129.0299431]","[35.15101672, 129.0299431]"
1343,35.151335,129.0299057,"[35.151335, 129.0299057]","[35.151335, 129.0299057]"
1344,35.15060112,129.0684016,"[35.15060112, 129.0684016]","[35.15060112, 129.0684016]"
1345,35.14900681,129.0300421,"[35.14900681, 129.0300421]","[35.14900681, 129.0300421]"
1346,35.16163107,129.034045,"[35.16163107, 129.034045]","[35.16163107, 129.034045]"
1347,35.16113149,129.0342039,"[35.16113149, 129.0342039]","[35.16113149, 129.0342039]"
1348,35.16071398,129.0705325,"[35.16071398, 129.0705325]","[35.16071398, 129.0705325]"
1349,35.17644287,129.0317114,"[35.17644287, 129.0317114]","[35.17644287, 129.0317114]"
1350,35.17328319,129.0303895,"[35.17328319, 129.0303895]","[35.17328319, 129.0303895]"
1351,35.17311086,129.030153,"[35.17311086, 129.030153]","[35.17311086, 129.030153]"
1352,35.14490423,129.0596025,"[35.14490423, 129.0596025]","[35.14490423, 129.0596025]"
1353,35.16267006,129.0618146,"[35.16267006, 129.0618146]","[35.16267006, 129.0618146]"
1354,35.16591599,129.0586471,"[35.16591599, 129.0586471]","[35.16591599, 129.0586471]"
1355,35.16652194,129.0597963,"[35.16652194, 129.0597963]","[35.16652194, 129.0597963]"
1356,35.16665092,129.060069,"[35.16665092, 129.060069]","[35.16665092, 129.060069]"
1357,35.16641378,129.0600506,"[35.16641378, 129.0600506]","[35.16641378, 129.0600506]"
1358,35.16471032,129.0557268,"[35.16471032, 129.0557268]","[35.16471032, 129.0557268]"
1359,35.15319149,129.0251036,"[35.15319149, 129.0251036]","[35.15319149, 129.0251036]"
1360,35.17380094,129.0491741,"[35.17380094, 129.0491741]","[35.17380094, 129.0491741]"
1361,35.16429704,129.0538709,"[35.16429704, 129.0538709]","[35.16429704, 129.0538709]"
1362,35.16396174,129.0539101,"[35.16396174, 129.0539101]","[35.16396174, 129.0539101]"
1363,35.16418091,129.0543541,"[35.16418091, 129.0543541]","[35.16418091, 129.0543541]"
1364,35.18052675,129.050971,"[35.18052675, 129.050971]","[35.18052675, 129.050971]"
1365,35.17049116,129.0692571,"[35.17049116, 129.0692571]","[35.17049116, 129.0692571]"
1366,35.17358092,129.0729423,"[35.17358092, 129.0729423]","[35.17358092, 129.0729423]"
1367,35.17395344,129.0738965,"[35.17395344, 129.0738965]","[35.17395344, 129.0738965]"
1368,35.1747154,129.0668921,"[35.1747154, 129.0668921]","[35.1747154, 129.0668921]"
1369,35.17434986,129.0675511,"[35.17434986, 129.0675511]","[35.17434986, 129.0675511]"
1370,35.17454837,129.0679577,"[35.17454837, 129.0679577]","[35.17454837, 129.0679577]"
1371,35.17538655,129.0675521,"[35.17538655, 129.0675521]","[35.17538655, 129.0675521]"
1372,35.17185123,129.0672938,"[35.17185123, 129.0672938]","[35.17185123, 129.0672938]"
1373,35.17038588,129.0672282,"[35.17038588, 129.0672282]","[35.17038588, 129.0672282]"
1374,35.17037977,129.0673802,"[35.17037977, 129.0673802]","[35.17037977, 129.0673802]"
1375,35.1718467,129.0674679,"[35.1718467, 129.0674679]","[35.1718467, 129.0674679]"
1376,35.17378092,129.0694553,"[35.17378092, 129.0694553]","[35.17378092, 129.0694553]"
1377,35.17440302,129.0750426,"[35.17440302, 129.0750426]","[35.17440302, 129.0750426]"
1378,35.17418195,129.0613164,"[35.17418195, 129.0613164]","[35.17418195, 129.0613164]"
1379,35.17485163,129.0634256,"[35.17485163, 129.0634256]","[35.17485163, 129.0634256]"
1380,35.17475915,129.0658529,"[35.17475915, 129.0658529]","[35.17475915, 129.0658529]"
1381,35.17510959,129.0768607,"[35.17510959, 129.0768607]","[35.17510959, 129.0768607]"
1382,35.17580424,129.0734853,"[35.17580424, 129.0734853]","[35.17580424, 129.0734853]"
1383,35.17608489,129.0737049,"[35.17608489, 129.0737049]","[35.17608489, 129.0737049]"
1384,35.16662668,129.0503779,"[35.16662668, 129.0503779]","[35.16662668, 129.0503779]"
1385,35.16949298,129.0517463,"[35.16949298, 129.0517463]","[35.16949298, 129.0517463]"
1386,35.16309525,129.0653476,"[35.16309525, 129.0653476]","[35.16309525, 129.0653476]"
1387,35.14510109,129.0592789,"[35.14510109, 129.0592789]","[35.14510109, 129.0592789]"
1388,35.14137318,129.061049,"[35.14137318, 129.061049]","[35.14137318, 129.061049]"
1389,35.14137905,129.0618687,"[35.14137905, 129.0618687]","[35.14137905, 129.0618687]"
1390,35.14138679,129.0624144,"[35.14138679, 129.0624144]","[35.14138679, 129.0624144]"
1391,35.17445106,129.0547958,"[35.17445106, 129.0547958]","[35.17445106, 129.0547958]"
1392,35.17349151,129.0548836,"[35.17349151, 129.0548836]","[35.17349151, 129.0548836]"
1393,35.15779549,129.0679531,"[35.15779549, 129.0679531]","[35.15779549, 129.0679531]"
1394,35.15483867,129.0320549,"[35.15483867, 129.0320549]","[35.15483867, 129.0320549]"
1395,35.15483451,129.031911,"[35.15483451, 129.031911]","[35.15483451, 129.031911]"
1396,35.15373431,129.0319941,"[35.15373431, 129.0319941]","[35.15373431, 129.0319941]"
1397,35.15378625,129.0323554,"[35.15378625, 129.0323554]","[35.15378625, 129.0323554]"
1398,35.1548428,129.0321984,"[35.1548428, 129.0321984]","[35.1548428, 129.0321984]"
1399,35.18295687,129.050716,"[35.18295687, 129.050716]","[35.18295687, 129.050716]"
1400,35.17487354,129.0488858,"[35.17487354, 129.0488858]","[35.17487354, 129.0488858]"
1401,35.16336371,129.0303113,"[35.16336371, 129.0303113]","[35.16336371, 129.0303113]"
1402,35.16340987,129.0306678,"[35.16340987, 129.0306678]","[35.16340987, 129.0306678]"
1403,35.1625613,129.0306048,"[35.1625613, 129.0306048]","[35.1625613, 129.0306048]"
1404,35.16434261,129.0315483,"[35.16434261, 129.0315483]","[35.16434261, 129.0315483]"
1405,35.17087017,129.0499179,"[35.17087017, 129.0499179]","[35.17087017, 129.0499179]"
1406,35.17028327,129.0500554,"[35.17028327, 129.0500554]","[35.17028327, 129.0500554]"
1407,35.17269196,129.0494742,"[35.17269196, 129.0494742]","[35.17269196, 129.0494742]"
1408,35.17768021,129.04812,"[35.17768021, 129.04812]","[35.17768021, 129.04812]"
1409,35.1662152,129.0435843,"[35.1662152, 129.0435843]","[35.1662152, 129.0435843]"
1410,35.16594648,129.0454779,"[35.16594648, 129.0454779]","[35.16594648, 129.0454779]"
1411,35.16558507,129.0607969,"[35.16558507, 129.0607969]","[35.16558507, 129.0607969]"
1412,35.16121651,129.0562998,"[35.16121651, 129.0562998]","[35.16121651, 129.0562998]"
1413,35.16037881,129.0569784,"[35.16037881, 129.0569784]","[35.16037881, 129.0569784]"
1414,35.16010518,129.0571971,"[35.16010518, 129.0571971]","[35.16010518, 129.0571971]"
1415,35.16301511,129.0549536,"[35.16301511, 129.0549536]","[35.16301511, 129.0549536]"
1416,35.1666925,129.0518564,"[35.1666925, 129.0518564]","[35.1666925, 129.0518564]"
1417,35.16523961,129.0530232,"[35.16523961, 129.0530232]","[35.16523961, 129.0530232]"
1418,35.18178334,129.0488802,"[35.18178334, 129.0488802]","[35.18178334, 129.0488802]"
1419,35.18153834,129.0489211,"[35.18153834, 129.0489211]","[35.18153834, 129.0489211]"
1420,35.18158824,129.0492906,"[35.18158824, 129.0492906]","[35.18158824, 129.0492906]"
1421,35.18162453,129.0491137,"[35.18162453, 129.0491137]","[35.18162453, 129.0491137]"
1422,35.17937834,129.0525156,"[35.17937834, 129.0525156]","[35.17937834, 129.0525156]"
1423,35.17864533,129.053223,"[35.17864533, 129.053223]","[35.17864533, 129.053223]"
1424,35.17787075,129.0537158,"[35.17787075, 129.0537158]","[35.17787075, 129.0537158]"
1425,35.17735832,129.0540405,"[35.17735832, 129.0540405]","[35.17735832, 129.0540405]"
1426,35.17624254,129.0545744,"[35.17624254, 129.0545744]","[35.17624254, 129.0545744]"
1427,35.16661395,129.0484965,"[35.16661395, 129.0484965]","[35.16661395, 129.0484965]"
1428,35.16595921,129.0415078,"[35.16595921, 129.0415078]","[35.16595921, 129.0415078]"
1429,35.16603162,129.0418613,"[35.16603162, 129.0418613]","[35.16603162, 129.0418613]"
1430,35.16540191,129.0390147,"[35.16540191, 129.0390147]","[35.16540191, 129.0390147]"
1431,35.16547747,129.0393659,"[35.16547747, 129.0393659]","[35.16547747, 129.0393659]"
1432,35.1651771,129.0367788,"[35.1651771, 129.0367788]","[35.1651771, 129.0367788]"
1433,35.16521083,129.0371837,"[35.16521083, 129.0371837]","[35.16521083, 129.0371837]"
1434,35.16494105,129.0345276,"[35.16494105, 129.0345276]","[35.16494105, 129.0345276]"
1435,35.16159655,129.0309423,"[35.16159655, 129.0309423]","[35.16159655, 129.0309423]"
1436,35.16885462,129.0504159,"[35.16885462, 129.0504159]","[35.16885462, 129.0504159]"
1437,35.16806649,129.0500752,"[35.16806649, 129.0500752]","[35.16806649, 129.0500752]"
1438,35.16786139,129.050479,"[35.16786139, 129.050479]","[35.16786139, 129.050479]"
1439,35.16796329,129.0508547,"[35.16796329, 129.0508547]","[35.16796329, 129.0508547]"
1440,35.16872907,129.050876,"[35.16872907, 129.050876]","[35.16872907, 129.050876]"
1441,35.15562671,129.0226347,"[35.15562671, 129.0226347]","[35.15562671, 129.0226347]"
1442,35.15727219,129.0249648,"[35.15727219, 129.0249648]","[35.15727219, 129.0249648]"
1443,35.1580353,129.0274036,"[35.1580353, 129.0274036]","[35.1580353, 129.0274036]"
1444,35.15897241,129.0313785,"[35.15897241, 129.0313785]","[35.15897241, 129.0313785]"
1445,35.15886419,129.0318153,"[35.15886419, 129.0318153]","[35.15886419, 129.0318153]"
1446,35.1596673,129.0316187,"[35.1596673, 129.0316187]","[35.1596673, 129.0316187]"
1447,35.15997752,129.0349417,"[35.15997752, 129.0349417]","[35.15997752, 129.0349417]"
1448,35.16150008,129.0397797,"[35.16150008, 129.0397797]","[35.16150008, 129.0397797]"
1449,35.16270736,129.0455697,"[35.16270736, 129.0455697]","[35.16270736, 129.0455697]"
1450,35.162565,129.0494089,"[35.162565, 129.0494089]","[35.162565, 129.0494089]"
1451,35.16182845,129.0493342,"[35.16182845, 129.0493342]","[35.16182845, 129.0493342]"
1452,35.16198956,129.0497673,"[35.16198956, 129.0497673]","[35.16198956, 129.0497673]"
1453,35.162391,129.0502141,"[35.162391, 129.0502141]","[35.162391, 129.0502141]"
1454,35.1625193,129.0499106,"[35.1625193, 129.0499106]","[35.1625193, 129.0499106]"
1455,35.15993952,129.0501553,"[35.15993952, 129.0501553]","[35.15993952, 129.0501553]"
1456,35.15504909,129.0515669,"[35.15504909, 129.0515669]","[35.15504909, 129.0515669]"
1457,35.1521763,129.0546227,"[35.1521763, 129.0546227]","[35.1521763, 129.0546227]"
1458,35.15157994,129.0550052,"[35.15157994, 129.0550052]","[35.15157994, 129.0550052]"
1459,35.15054777,129.0576733,"[35.15054777, 129.0576733]","[35.15054777, 129.0576733]"
1460,35.15033087,129.057754,"[35.15033087, 129.057754]","[35.15033087, 129.057754]"
1461,35.14466101,129.0559139,"[35.14466101, 129.0559139]","[35.14466101, 129.0559139]"
1462,35.14686864,129.0553221,"[35.14686864, 129.0553221]","[35.14686864, 129.0553221]"
1463,35.14895298,129.0533366,"[35.14895298, 129.0533366]","[35.14895298, 129.0533366]"
1464,35.14811087,129.0540904,"[35.14811087, 129.0540904]","[35.14811087, 129.0540904]"
1465,35.14989169,129.0524415,"[35.14989169, 129.0524415]","[35.14989169, 129.0524415]"
1466,35.15225046,129.0501772,"[35.15225046, 129.0501772]","[35.15225046, 129.0501772]"
1467,35.1576792,129.0506126,"[35.1576792, 129.0506126]","[35.1576792, 129.0506126]"
1468,35.1574515,129.0504248,"[35.1574515, 129.0504248]","[35.1574515, 129.0504248]"
1469,35.15720323,129.0503554,"[35.15720323, 129.0503554]","[35.15720323, 129.0503554]"
1470,35.15732239,129.05069,"[35.15732239, 129.05069]","[35.15732239, 129.05069]"
1471,35.15754282,129.0508789,"[35.15754282, 129.0508789]","[35.15754282, 129.0508789]"
1472,35.15780046,129.0509717,"[35.15780046, 129.0509717]","[35.15780046, 129.0509717]"
1473,35.17185859,129.0550298,"[35.17185859, 129.0550298]","[35.17185859, 129.0550298]"
1474,35.17079481,129.054936,"[35.17079481, 129.054936]","[35.17079481, 129.054936]"
1475,35.17053851,129.055092,"[35.17053851, 129.055092]","[35.17053851, 129.055092]"
1476,35.17081992,129.0552057,"[35.17081992, 129.0552057]","[35.17081992, 129.0552057]"
1477,35.1716302,129.0590482,"[35.1716302, 129.0590482]","[35.1716302, 129.0590482]"
1478,35.15041015,129.0624688,"[35.15041015, 129.0624688]","[35.15041015, 129.0624688]"
1479,35.15056318,129.0625994,"[35.15056318, 129.0625994]","[35.15056318, 129.0625994]"
1480,35.15071096,129.0590235,"[35.15071096, 129.0590235]","[35.15071096, 129.0590235]"
1481,35.15017194,129.0590101,"[35.15017194, 129.0590101]","[35.15017194, 129.0590101]"
1482,35.15032684,129.0592008,"[35.15032684, 129.0592008]","[35.15032684, 129.0592008]"
1483,35.15072866,129.0593724,"[35.15072866, 129.0593724]","[35.15072866, 129.0593724]"
1484,35.15780749,129.0622605,"[35.15780749, 129.0622605]","[35.15780749, 129.0622605]"
1485,35.15775267,129.0621461,"[35.15775267, 129.0621461]","[35.15775267, 129.0621461]"
1486,35.15771754,129.0623607,"[35.15771754, 129.0623607]","[35.15771754, 129.0623607]"
1487,35.15776033,129.0624958,"[35.15776033, 129.0624958]","[35.15776033, 129.0624958]"
1488,35.15775703,129.0623162,"[35.15775703, 129.0623162]","[35.15775703, 129.0623162]"
1489,35.14108422,129.0600793,"[35.14108422, 129.0600793]","[35.14108422, 129.0600793]"
1490,35.1413555,129.060316,"[35.1413555, 129.060316]","[35.1413555, 129.060316]"
1491,35.14680479,129.0587439,"[35.14680479, 129.0587439]","[35.14680479, 129.0587439]"
1492,35.14749362,129.0598684,"[35.14749362, 129.0598684]","[35.14749362, 129.0598684]"
1493,35.14891323,129.0633071,"[35.14891323, 129.0633071]","[35.14891323, 129.0633071]"
1494,35.14859493,129.063314,"[35.14859493, 129.063314]","[35.14859493, 129.063314]"
1495,35.14842617,129.0625568,"[35.14842617, 129.0625568]","[35.14842617, 129.0625568]"
1496,35.14898492,129.0631789,"[35.14898492, 129.0631789]","[35.14898492, 129.0631789]"
1497,35.14975854,129.0649735,"[35.14975854, 129.0649735]","[35.14975854, 129.0649735]"
1498,35.14929761,129.0652159,"[35.14929761, 129.0652159]","[35.14929761, 129.0652159]"
1499,35.14921363,129.0655932,"[35.14921363, 129.0655932]","[35.14921363, 129.0655932]"
1500,35.14927011,129.0658752,"[35.14927011, 129.0658752]","[35.14927011, 129.0658752]"
1501,35.14947319,129.0657618,"[35.14947319, 129.0657618]","[35.14947319, 129.0657618]"
1502,35.14975486,129.0654169,"[35.14975486, 129.0654169]","[35.14975486, 129.0654169]"
1503,35.15461938,129.0653497,"[35.15461938, 129.0653497]","[35.15461938, 129.0653497]"
1504,35.15548153,129.0653604,"[35.15548153, 129.0653604]","[35.15548153, 129.0653604]"
1505,35.15777596,129.0651179,"[35.15777596, 129.0651179]","[35.15777596, 129.0651179]"
1506,35.15764799,129.0654128,"[35.15764799, 129.0654128]","[35.15764799, 129.0654128]"
1507,35.15777364,129.0656422,"[35.15777364, 129.0656422]","[35.15777364, 129.0656422]"
1508,35.15809823,129.065454,"[35.15809823, 129.065454]","[35.15809823, 129.065454]"
1509,35.16137862,129.0654006,"[35.16137862, 129.0654006]","[35.16137862, 129.0654006]"
1510,35.16015659,129.0654339,"[35.16015659, 129.0654339]","[35.16015659, 129.0654339]"
1511,35.160723,129.0654262,"[35.160723, 129.0654262]","[35.160723, 129.0654262]"
1512,35.15348605,129.0205763,"[35.15348605, 129.0205763]","[35.15348605, 129.0205763]"
1513,35.15473346,129.0364584,"[35.15473346, 129.0364584]","[35.15473346, 129.0364584]"
1514,35.15760781,129.054537,"[35.15760781, 129.054537]","[35.15760781, 129.054537]"
1515,35.16414829,129.0634873,"[35.16414829, 129.0634873]","[35.16414829, 129.0634873]"
1516,35.1637863,129.0641978,"[35.1637863, 129.0641978]","[35.1637863, 129.0641978]"
1517,35.16393525,129.0643711,"[35.16393525, 129.0643711]","[35.16393525, 129.0643711]"
1518,35.16403022,129.0640929,"[35.16403022, 129.0640929]","[35.16403022, 129.0640929]"
1519,35.15839383,129.0585837,"[35.15839383, 129.0585837]","[35.15839383, 129.0585837]"
1520,35.15773586,129.0599531,"[35.15773586, 129.0599531]","[35.15773586, 129.0599531]"
1521,35.08161042,129.0707521,"[35.08161042, 129.0707521]","[35.08161042, 129.0707521]"
1522,35.06510762,129.081097,"[35.06510762, 129.081097]","[35.06510762, 129.081097]"
1523,35.09148796,129.0376053,"[35.09148796, 129.0376053]","[35.09148796, 129.0376053]"
1524,35.08449687,129.0682114,"[35.08449687, 129.0682114]","[35.08449687, 129.0682114]"
1525,35.0763,129.0654593,"[35.0763, 129.0654593]","[35.0763, 129.0654593]"
1526,35.07617442,129.0652946,"[35.07617442, 129.0652946]","[35.07617442, 129.0652946]"
1527,35.07215514,129.0754361,"[35.07215514, 129.0754361]","[35.07215514, 129.0754361]"
1528,35.07227041,129.0754687,"[35.07227041, 129.0754687]","[35.07227041, 129.0754687]"
1529,35.07165637,129.0762823,"[35.07165637, 129.0762823]","[35.07165637, 129.0762823]"
1530,35.07331852,129.0746494,"[35.07331852, 129.0746494]","[35.07331852, 129.0746494]"
1531,35.08320724,129.0427471,"[35.08320724, 129.0427471]","[35.08320724, 129.0427471]"
1532,35.08617478,129.0719173,"[35.08617478, 129.0719173]","[35.08617478, 129.0719173]"
1533,35.08630264,129.0722723,"[35.08630264, 129.0722723]","[35.08630264, 129.0722723]"
1534,35.07119036,129.0788135,"[35.07119036, 129.0788135]","[35.07119036, 129.0788135]"
1535,35.07122826,129.0792401,"[35.07122826, 129.0792401]","[35.07122826, 129.0792401]"
1536,35.07103477,129.0792081,"[35.07103477, 129.0792081]","[35.07103477, 129.0792081]"
1537,35.08449791,129.0747659,"[35.08449791, 129.0747659]","[35.08449791, 129.0747659]"
1538,35.0830868,129.0426885,"[35.0830868, 129.0426885]","[35.0830868, 129.0426885]"
1539,35.08398873,129.07616,"[35.08398873, 129.07616]","[35.08398873, 129.07616]"
1540,35.08093649,129.0746354,"[35.08093649, 129.0746354]","[35.08093649, 129.0746354]"
1541,35.08802176,129.0355337,"[35.08802176, 129.0355337]","[35.08802176, 129.0355337]"
1542,35.08811567,129.0357156,"[35.08811567, 129.0357156]","[35.08811567, 129.0357156]"
1543,35.0870882,129.0351778,"[35.0870882, 129.0351778]","[35.0870882, 129.0351778]"
1544,35.08779649,129.0355626,"[35.08779649, 129.0355626]","[35.08779649, 129.0355626]"
1545,35.08024913,129.0749277,"[35.08024913, 129.0749277]","[35.08024913, 129.0749277]"
1546,35.08052838,129.0748193,"[35.08052838, 129.0748193]","[35.08052838, 129.0748193]"
1547,35.07503978,129.0755518,"[35.07503978, 129.0755518]","[35.07503978, 129.0755518]"
1548,35.07520813,129.0753464,"[35.07520813, 129.0753464]","[35.07520813, 129.0753464]"
1549,35.07543142,129.0753979,"[35.07543142, 129.0753979]","[35.07543142, 129.0753979]"
1550,35.07631231,129.0751671,"[35.07631231, 129.0751671]","[35.07631231, 129.0751671]"
1551,35.08867785,129.0360248,"[35.08867785, 129.0360248]","[35.08867785, 129.0360248]"
1552,35.09466699,129.0488763,"[35.09466699, 129.0488763]","[35.09466699, 129.0488763]"
1553,35.06890327,129.0802838,"[35.06890327, 129.0802838]","[35.06890327, 129.0802838]"
1554,35.06812076,129.0808476,"[35.06812076, 129.0808476]","[35.06812076, 129.0808476]"
1555,35.06822433,129.080525,"[35.06822433, 129.080525]","[35.06822433, 129.080525]"
1556,35.08187855,129.0414073,"[35.08187855, 129.0414073]","[35.08187855, 129.0414073]"
1557,35.09663257,129.0624257,"[35.09663257, 129.0624257]","[35.09663257, 129.0624257]"
1558,35.09706254,129.0603426,"[35.09706254, 129.0603426]","[35.09706254, 129.0603426]"
1559,35.08167266,129.0708741,"[35.08167266, 129.0708741]","[35.08167266, 129.0708741]"
1560,35.0945493,129.0673334,"[35.0945493, 129.0673334]","[35.0945493, 129.0673334]"
1561,35.09862935,129.0566851,"[35.09862935, 129.0566851]","[35.09862935, 129.0566851]"
1562,35.07209622,129.0710636,"[35.07209622, 129.0710636]","[35.07209622, 129.0710636]"
1563,35.07115981,129.0695352,"[35.07115981, 129.0695352]","[35.07115981, 129.0695352]"
1564,35.07118563,129.0696611,"[35.07118563, 129.0696611]","[35.07118563, 129.0696611]"
1565,35.06933835,129.0641711,"[35.06933835, 129.0641711]","[35.06933835, 129.0641711]"
1566,35.07117978,129.0666321,"[35.07117978, 129.0666321]","[35.07117978, 129.0666321]"
1567,35.08571521,129.0757059,"[35.08571521, 129.0757059]","[35.08571521, 129.0757059]"
1568,35.0828379,129.0412622,"[35.0828379, 129.0412622]","[35.0828379, 129.0412622]"
1569,35.08295717,129.0412048,"[35.08295717, 129.0412048]","[35.08295717, 129.0412048]"
1570,35.08066025,129.0750312,"[35.08066025, 129.0750312]","[35.08066025, 129.0750312]"
1571,35.08378782,129.0772686,"[35.08378782, 129.0772686]","[35.08378782, 129.0772686]"
1572,35.0711788,129.0667689,"[35.0711788, 129.0667689]","[35.0711788, 129.0667689]"
1573,35.09279023,129.0384201,"[35.09279023, 129.0384201]","[35.09279023, 129.0384201]"
1574,35.09157634,129.0413435,"[35.09157634, 129.0413435]","[35.09157634, 129.0413435]"
1575,35.09084027,129.0433545,"[35.09084027, 129.0433545]","[35.09084027, 129.0433545]"
1576,35.08996788,129.043121,"[35.08996788, 129.043121]","[35.08996788, 129.043121]"
1577,35.08832491,129.0422372,"[35.08832491, 129.0422372]","[35.08832491, 129.0422372]"
1578,35.08820801,129.0420545,"[35.08820801, 129.0420545]","[35.08820801, 129.0420545]"
1579,35.08800327,129.0420672,"[35.08800327, 129.0420672]","[35.08800327, 129.0420672]"
1580,35.08244137,129.0425507,"[35.08244137, 129.0425507]","[35.08244137, 129.0425507]"
1581,35.08809849,129.0423579,"[35.08809849, 129.0423579]","[35.08809849, 129.0423579]"
1582,35.09331746,129.0651991,"[35.09331746, 129.0651991]","[35.09331746, 129.0651991]"
1583,35.08998128,129.0675994,"[35.08998128, 129.0675994]","[35.08998128, 129.0675994]"
1584,35.09604794,129.0450483,"[35.09604794, 129.0450483]","[35.09604794, 129.0450483]"
1585,35.08975715,129.0449257,"[35.08975715, 129.0449257]","[35.08975715, 129.0449257]"
1586,35.08982061,129.0450308,"[35.08982061, 129.0450308]","[35.08982061, 129.0450308]"
1587,35.08992275,129.0449937,"[35.08992275, 129.0449937]","[35.08992275, 129.0449937]"
1588,35.08694981,129.0414995,"[35.08694981, 129.0414995]","[35.08694981, 129.0414995]"
1589,35.08901244,129.0646407,"[35.08901244, 129.0646407]","[35.08901244, 129.0646407]"
1590,35.08886989,129.0717635,"[35.08886989, 129.0717635]","[35.08886989, 129.0717635]"
1591,35.08774663,129.0646701,"[35.08774663, 129.0646701]","[35.08774663, 129.0646701]"
1592,35.09253862,129.038217,"[35.09253862, 129.038217]","[35.09253862, 129.038217]"
1593,35.09123405,129.0422795,"[35.09123405, 129.0422795]","[35.09123405, 129.0422795]"
1594,35.09054965,129.0434385,"[35.09054965, 129.0434385]","[35.09054965, 129.0434385]"
1595,35.09097268,129.0436508,"[35.09097268, 129.0436508]","[35.09097268, 129.0436508]"
1596,35.09157891,129.0439887,"[35.09157891, 129.0439887]","[35.09157891, 129.0439887]"
1597,35.09252575,129.0445002,"[35.09252575, 129.0445002]","[35.09252575, 129.0445002]"
1598,35.09418397,129.0646264,"[35.09418397, 129.0646264]","[35.09418397, 129.0646264]"
1599,35.09214644,129.0659071,"[35.09214644, 129.0659071]","[35.09214644, 129.0659071]"
1600,35.09112187,129.0662374,"[35.09112187, 129.0662374]","[35.09112187, 129.0662374]"
1601,35.07090786,129.0586798,"[35.07090786, 129.0586798]","[35.07090786, 129.0586798]"
1602,35.07095646,129.0589104,"[35.07095646, 129.0589104]","[35.07095646, 129.0589104]"
1603,35.07168914,129.0620235,"[35.07168914, 129.0620235]","[35.07168914, 129.0620235]"
1604,35.07152519,129.0617834,"[35.07152519, 129.0617834]","[35.07152519, 129.0617834]"
1605,35.07288423,129.072412,"[35.07288423, 129.072412]","[35.07288423, 129.072412]"
1606,35.07271168,129.0723767,"[35.07271168, 129.0723767]","[35.07271168, 129.0723767]"
1607,35.07292393,129.0722607,"[35.07292393, 129.0722607]","[35.07292393, 129.0722607]"
1608,35.07383018,129.071687,"[35.07383018, 129.071687]","[35.07383018, 129.071687]"
1609,35.09834031,129.0566696,"[35.09834031, 129.0566696]","[35.09834031, 129.0566696]"
1610,35.09382913,129.0681073,"[35.09382913, 129.0681073]","[35.09382913, 129.0681073]"
1611,35.09520503,129.0661122,"[35.09520503, 129.0661122]","[35.09520503, 129.0661122]"
1612,35.09443279,129.0673087,"[35.09443279, 129.0673087]","[35.09443279, 129.0673087]"
1613,35.09667487,129.0625852,"[35.09667487, 129.0625852]","[35.09667487, 129.0625852]"
1614,35.09627504,129.063545,"[35.09627504, 129.063545]","[35.09627504, 129.063545]"
1615,35.09772418,129.0603067,"[35.09772418, 129.0603067]","[35.09772418, 129.0603067]"
1616,35.09846829,129.0589998,"[35.09846829, 129.0589998]","[35.09846829, 129.0589998]"
1617,35.09935327,129.0579908,"[35.09935327, 129.0579908]","[35.09935327, 129.0579908]"
1618,35.09524251,129.0639312,"[35.09524251, 129.0639312]","[35.09524251, 129.0639312]"
1619,35.0953649,129.0640528,"[35.0953649, 129.0640528]","[35.0953649, 129.0640528]"
1620,35.09753762,129.0593377,"[35.09753762, 129.0593377]","[35.09753762, 129.0593377]"
1621,35.09696644,129.0603361,"[35.09696644, 129.0603361]","[35.09696644, 129.0603361]"
1622,35.0964821,129.0612748,"[35.0964821, 129.0612748]","[35.0964821, 129.0612748]"
1623,35.09612663,129.062165,"[35.09612663, 129.062165]","[35.09612663, 129.062165]"
1624,35.09326282,129.0437593,"[35.09326282, 129.0437593]","[35.09326282, 129.0437593]"
1625,35.0859569,129.0408496,"[35.0859569, 129.0408496]","[35.0859569, 129.0408496]"
1626,35.08611214,129.0409157,"[35.08611214, 129.0409157]","[35.08611214, 129.0409157]"
1627,35.08744981,129.0392496,"[35.08744981, 129.0392496]","[35.08744981, 129.0392496]"
1628,35.0865621,129.0396622,"[35.0865621, 129.0396622]","[35.0865621, 129.0396622]"
1629,35.08975713,129.0383653,"[35.08975713, 129.0383653]","[35.08975713, 129.0383653]"
1630,35.08936428,129.0383514,"[35.08936428, 129.0383514]","[35.08936428, 129.0383514]"
1631,35.09044211,129.0387379,"[35.09044211, 129.0387379]","[35.09044211, 129.0387379]"
1632,35.09223702,129.0395822,"[35.09223702, 129.0395822]","[35.09223702, 129.0395822]"
1633,35.09209606,129.0396372,"[35.09209606, 129.0396372]","[35.09209606, 129.0396372]"
1634,35.09214303,129.0397834,"[35.09214303, 129.0397834]","[35.09214303, 129.0397834]"
1635,35.09229704,129.0397284,"[35.09229704, 129.0397284]","[35.09229704, 129.0397284]"
1636,35.09275928,129.0381327,"[35.09275928, 129.0381327]","[35.09275928, 129.0381327]"
1637,35.09263717,129.0384844,"[35.09263717, 129.0384844]","[35.09263717, 129.0384844]"
1638,35.09348435,129.0371941,"[35.09348435, 129.0371941]","[35.09348435, 129.0371941]"
1639,35.1236459,129.0433967,"[35.1236459, 129.0433967]","[35.1236459, 129.0433967]"
1640,35.13444986,129.043636,"[35.13444986, 129.043636]","[35.13444986, 129.043636]"
1641,35.12189057,129.0425047,"[35.12189057, 129.0425047]","[35.12189057, 129.0425047]"
1642,35.12387009,129.0446386,"[35.12387009, 129.0446386]","[35.12387009, 129.0446386]"
1643,35.13089209,129.0469496,"[35.13089209, 129.0469496]","[35.13089209, 129.0469496]"
1644,35.13101152,129.0468251,"[35.13101152, 129.0468251]","[35.13101152, 129.0468251]"
1645,35.13075339,129.040381,"[35.13075339, 129.040381]","[35.13075339, 129.040381]"
1646,35.12207167,129.0425967,"[35.12207167, 129.0425967]","[35.12207167, 129.0425967]"
1647,35.14108842,129.0622579,"[35.14108842, 129.0622579]","[35.14108842, 129.0622579]"
1648,35.12427737,129.0418674,"[35.12427737, 129.0418674]","[35.12427737, 129.0418674]"
1649,35.12411156,129.0418513,"[35.12411156, 129.0418513]","[35.12411156, 129.0418513]"
1650,35.12286515,129.0404121,"[35.12286515, 129.0404121]","[35.12286515, 129.0404121]"
1651,35.12280899,129.0402555,"[35.12280899, 129.0402555]","[35.12280899, 129.0402555]"
1652,35.14107332,129.0620152,"[35.14107332, 129.0620152]","[35.14107332, 129.0620152]"
1654,35.12425571,129.0404561,"[35.12425571, 129.0404561]","[35.12425571, 129.0404561]"
1655,35.14124845,129.0639859,"[35.14124845, 129.0639859]","[35.14124845, 129.0639859]"
1656,35.11985747,129.0425156,"[35.11985747, 129.0425156]","[35.11985747, 129.0425156]"
1657,35.12155392,129.0332265,"[35.12155392, 129.0332265]","[35.12155392, 129.0332265]"
1658,35.13820924,129.0562949,"[35.13820924, 129.0562949]","[35.13820924, 129.0562949]"
1659,35.1273807,129.040993,"[35.1273807, 129.040993]","[35.1273807, 129.040993]"
1660,35.11713477,129.03349,"[35.11713477, 129.03349]","[35.11713477, 129.03349]"
1661,35.13903787,129.060753,"[35.13903787, 129.060753]","[35.13903787, 129.060753]"
1662,35.12045781,129.0417924,"[35.12045781, 129.0417924]","[35.12045781, 129.0417924]"
1663,35.12553428,129.0459657,"[35.12553428, 129.0459657]","[35.12553428, 129.0459657]"
1664,35.13115638,129.0558813,"[35.13115638, 129.0558813]","[35.13115638, 129.0558813]"
1665,35.13124923,129.0571721,"[35.13124923, 129.0571721]","[35.13124923, 129.0571721]"
1666,35.12577027,129.0444811,"[35.12577027, 129.0444811]","[35.12577027, 129.0444811]"
1667,35.12603257,129.0448177,"[35.12603257, 129.0448177]","[35.12603257, 129.0448177]"
1668,35.12614039,129.0446486,"[35.12614039, 129.0446486]","[35.12614039, 129.0446486]"
1669,35.13981968,129.0497138,"[35.13981968, 129.0497138]","[35.13981968, 129.0497138]"
1670,35.12595707,129.0348424,"[35.12595707, 129.0348424]","[35.12595707, 129.0348424]"
1671,35.13355625,129.0425808,"[35.13355625, 129.0425808]","[35.13355625, 129.0425808]"
1672,35.12646369,129.0391518,"[35.12646369, 129.0391518]","[35.12646369, 129.0391518]"
1673,35.12398492,129.0427418,"[35.12398492, 129.0427418]","[35.12398492, 129.0427418]"
1674,35.13891378,129.0593709,"[35.13891378, 129.0593709]","[35.13891378, 129.0593709]"
1675,35.21513645,129.0377599,"[35.21513645, 129.0377599]","[35.21513645, 129.0377599]"
1676,35.21677101,129.0352458,"[35.21677101, 129.0352458]","[35.21677101, 129.0352458]"
1677,35.21623573,129.0337082,"[35.21623573, 129.0337082]","[35.21623573, 129.0337082]"
1678,35.12906421,129.0491442,"[35.12906421, 129.0491442]","[35.12906421, 129.0491442]"
1679,35.12406248,129.0445257,"[35.12406248, 129.0445257]","[35.12406248, 129.0445257]"
1680,35.13094511,129.051027,"[35.13094511, 129.051027]","[35.13094511, 129.051027]"
1681,35.13693518,129.0566759,"[35.13693518, 129.0566759]","[35.13693518, 129.0566759]"
1682,35.13730798,129.0566775,"[35.13730798, 129.0566775]","[35.13730798, 129.0566775]"
1683,35.1153099,129.0397107,"[35.1153099, 129.0397107]","[35.1153099, 129.0397107]"
1684,35.13483993,129.0548963,"[35.13483993, 129.0548963]","[35.13483993, 129.0548963]"
1685,35.13928193,129.0617709,"[35.13928193, 129.0617709]","[35.13928193, 129.0617709]"
1686,35.13897198,129.0620703,"[35.13897198, 129.0620703]","[35.13897198, 129.0620703]"
1687,35.120008,129.042374,"[35.120008, 129.042374]","[35.120008, 129.042374]"
1688,35.12567023,129.0457079,"[35.12567023, 129.0457079]","[35.12567023, 129.0457079]"
1689,35.13298287,129.0535489,"[35.13298287, 129.0535489]","[35.13298287, 129.0535489]"
1690,35.14261083,129.0559732,"[35.14261083, 129.0559732]","[35.14261083, 129.0559732]"
1691,35.14204925,129.0559356,"[35.14204925, 129.0559356]","[35.14204925, 129.0559356]"
1692,35.1412886,129.0565663,"[35.1412886, 129.0565663]","[35.1412886, 129.0565663]"
1693,35.14220949,129.0566175,"[35.14220949, 129.0566175]","[35.14220949, 129.0566175]"
1694,35.14225007,129.0563455,"[35.14225007, 129.0563455]","[35.14225007, 129.0563455]"
1695,35.13813432,129.0564878,"[35.13813432, 129.0564878]","[35.13813432, 129.0564878]"
1696,35.13933865,129.0564969,"[35.13933865, 129.0564969]","[35.13933865, 129.0564969]"
1697,35.13729585,129.0635035,"[35.13729585, 129.0635035]","[35.13729585, 129.0635035]"
1698,35.13690588,129.0637804,"[35.13690588, 129.0637804]","[35.13690588, 129.0637804]"
1699,35.13714159,129.0637267,"[35.13714159, 129.0637267]","[35.13714159, 129.0637267]"
1700,35.11097335,129.0416564,"[35.11097335, 129.0416564]","[35.11097335, 129.0416564]"
1701,35.14017227,129.0609353,"[35.14017227, 129.0609353]","[35.14017227, 129.0609353]"
1702,35.12584044,129.0519528,"[35.12584044, 129.0519528]","[35.12584044, 129.0519528]"
1703,35.12618893,129.0521359,"[35.12618893, 129.0521359]","[35.12618893, 129.0521359]"
1704,35.12654541,129.0545992,"[35.12654541, 129.0545992]","[35.12654541, 129.0545992]"
1705,35.12631775,129.0547436,"[35.12631775, 129.0547436]","[35.12631775, 129.0547436]"
1706,35.12671329,129.0548216,"[35.12671329, 129.0548216]","[35.12671329, 129.0548216]"
1707,35.130038,129.0598284,"[35.130038, 129.0598284]","[35.130038, 129.0598284]"
1708,35.13003651,129.0600094,"[35.13003651, 129.0600094]","[35.13003651, 129.0600094]"
1709,35.13006493,129.0601274,"[35.13006493, 129.0601274]","[35.13006493, 129.0601274]"
1710,35.13131235,129.0597883,"[35.13131235, 129.0597883]","[35.13131235, 129.0597883]"
1711,35.1344413,129.0590831,"[35.1344413, 129.0590831]","[35.1344413, 129.0590831]"
1712,35.13416472,129.0591252,"[35.13416472, 129.0591252]","[35.13416472, 129.0591252]"
1713,35.13410375,129.0595101,"[35.13410375, 129.0595101]","[35.13410375, 129.0595101]"
1714,35.1342006,129.0596503,"[35.1342006, 129.0596503]","[35.1342006, 129.0596503]"
1715,35.13443564,129.0596425,"[35.13443564, 129.0596425]","[35.13443564, 129.0596425]"
1716,35.07834008,129.0056772,"[35.07834008, 129.0056772]","[35.07834008, 129.0056772]"
1717,35.10207587,129.021436,"[35.10207587, 129.021436]","[35.10207587, 129.021436]"
1718,35.08947045,129.0234359,"[35.08947045, 129.0234359]","[35.08947045, 129.0234359]"
1719,35.07928613,129.0200181,"[35.07928613, 129.0200181]","[35.07928613, 129.0200181]"
1720,35.09287699,129.0221321,"[35.09287699, 129.0221321]","[35.09287699, 129.0221321]"
1721,35.09446231,129.0221669,"[35.09446231, 129.0221669]","[35.09446231, 129.0221669]"
1722,35.09803572,129.0169227,"[35.09803572, 129.0169227]","[35.09803572, 129.0169227]"
1723,35.07282018,129.0065654,"[35.07282018, 129.0065654]","[35.07282018, 129.0065654]"
1724,35.07144163,129.0074537,"[35.07144163, 129.0074537]","[35.07144163, 129.0074537]"
1725,35.07043941,129.0081045,"[35.07043941, 129.0081045]","[35.07043941, 129.0081045]"
1726,35.06839396,129.0094129,"[35.06839396, 129.0094129]","[35.06839396, 129.0094129]"
1727,35.06850268,129.0090416,"[35.06850268, 129.0090416]","[35.06850268, 129.0090416]"
1728,35.10331756,129.0197454,"[35.10331756, 129.0197454]","[35.10331756, 129.0197454]"
1729,35.11602258,129.0176868,"[35.11602258, 129.0176868]","[35.11602258, 129.0176868]"
1730,35.09177372,129.0225454,"[35.09177372, 129.0225454]","[35.09177372, 129.0225454]"
1731,35.11774704,129.0164605,"[35.11774704, 129.0164605]","[35.11774704, 129.0164605]"
1732,35.11677448,129.0134828,"[35.11677448, 129.0134828]","[35.11677448, 129.0134828]"
1733,35.07790022,129.0162661,"[35.07790022, 129.0162661]","[35.07790022, 129.0162661]"
1734,35.07588145,129.0166118,"[35.07588145, 129.0166118]","[35.07588145, 129.0166118]"
1735,35.11824225,129.0187796,"[35.11824225, 129.0187796]","[35.11824225, 129.0187796]"
1736,35.08084398,129.0242228,"[35.08084398, 129.0242228]","[35.08084398, 129.0242228]"
1737,35.07873328,129.0174457,"[35.07873328, 129.0174457]","[35.07873328, 129.0174457]"
1738,35.1099203,129.022464,"[35.1099203, 129.022464]","[35.1099203, 129.022464]"
1739,35.08102433,129.024243,"[35.08102433, 129.024243]","[35.08102433, 129.024243]"
1740,35.07988474,129.0221206,"[35.07988474, 129.0221206]","[35.07988474, 129.0221206]"
1741,35.08017628,129.0222622,"[35.08017628, 129.0222622]","[35.08017628, 129.0222622]"
1742,35.07660335,129.0160433,"[35.07660335, 129.0160433]","[35.07660335, 129.0160433]"
1743,35.07596076,129.0161156,"[35.07596076, 129.0161156]","[35.07596076, 129.0161156]"
1744,35.07571275,129.0162524,"[35.07571275, 129.0162524]","[35.07571275, 129.0162524]"
1745,35.11978746,129.0108053,"[35.11978746, 129.0108053]","[35.11978746, 129.0108053]"
1746,35.11925753,129.0112708,"[35.11925753, 129.0112708]","[35.11925753, 129.0112708]"
1747,35.11807778,129.0119239,"[35.11807778, 129.0119239]","[35.11807778, 129.0119239]"
1748,35.11722159,129.012402,"[35.11722159, 129.012402]","[35.11722159, 129.012402]"
1749,35.08251623,129.025035,"[35.08251623, 129.025035]","[35.08251623, 129.025035]"
1750,35.0819601,129.0124057,"[35.0819601, 129.0124057]","[35.0819601, 129.0124057]"
1751,35.09970377,129.0209535,"[35.09970377, 129.0209535]","[35.09970377, 129.0209535]"
1752,35.09965621,129.0220336,"[35.09965621, 129.0220336]","[35.09965621, 129.0220336]"
1753,35.09960173,129.0233562,"[35.09960173, 129.0233562]","[35.09960173, 129.0233562]"
1754,35.0998722,129.0176245,"[35.0998722, 129.0176245]","[35.0998722, 129.0176245]"
1755,35.09982589,129.0183753,"[35.09982589, 129.0183753]","[35.09982589, 129.0183753]"
1756,35.10514812,129.0213134,"[35.10514812, 129.0213134]","[35.10514812, 129.0213134]"
1757,35.10467597,129.0212918,"[35.10467597, 129.0212918]","[35.10467597, 129.0212918]"
1758,35.10610856,129.0214944,"[35.10610856, 129.0214944]","[35.10610856, 129.0214944]"
1759,35.10870073,129.0189937,"[35.10870073, 129.0189937]","[35.10870073, 129.0189937]"
1760,35.10949329,129.0149855,"[35.10949329, 129.0149855]","[35.10949329, 129.0149855]"
1761,35.10952407,129.0163157,"[35.10952407, 129.0163157]","[35.10952407, 129.0163157]"
1762,35.07781062,129.0161248,"[35.07781062, 129.0161248]","[35.07781062, 129.0161248]"
1763,35.07849514,129.0164599,"[35.07849514, 129.0164599]","[35.07849514, 129.0164599]"
1764,35.07956678,129.0177957,"[35.07956678, 129.0177957]","[35.07956678, 129.0177957]"
1765,35.08144439,129.0154834,"[35.08144439, 129.0154834]","[35.08144439, 129.0154834]"
1766,35.08125164,129.0162562,"[35.08125164, 129.0162562]","[35.08125164, 129.0162562]"
1767,35.07938186,129.0211127,"[35.07938186, 129.0211127]","[35.07938186, 129.0211127]"
1768,35.07959475,129.0211071,"[35.07959475, 129.0211071]","[35.07959475, 129.0211071]"
1769,35.08534403,129.0247462,"[35.08534403, 129.0247462]","[35.08534403, 129.0247462]"
1770,35.08452155,129.0248318,"[35.08452155, 129.0248318]","[35.08452155, 129.0248318]"
1771,35.08743734,129.0245281,"[35.08743734, 129.0245281]","[35.08743734, 129.0245281]"
1772,35.0863902,129.0246369,"[35.0863902, 129.0246369]","[35.0863902, 129.0246369]"
1773,35.0892849,129.0243281,"[35.0892849, 129.0243281]","[35.0892849, 129.0243281]"
1774,35.08867349,129.0243956,"[35.08867349, 129.0243956]","[35.08867349, 129.0243956]"
1775,35.09073187,129.0241787,"[35.09073187, 129.0241787]","[35.09073187, 129.0241787]"
1776,35.09320347,129.0239178,"[35.09320347, 129.0239178]","[35.09320347, 129.0239178]"
1777,35.09208418,129.0240343,"[35.09208418, 129.0240343]","[35.09208418, 129.0240343]"
1778,35.09503316,129.0242277,"[35.09503316, 129.0242277]","[35.09503316, 129.0242277]"
1779,35.09432454,129.0240748,"[35.09432454, 129.0240748]","[35.09432454, 129.0240748]"
1780,35.11342852,129.016033,"[35.11342852, 129.016033]","[35.11342852, 129.016033]"
1781,35.11242487,129.0165728,"[35.11242487, 129.0165728]","[35.11242487, 129.0165728]"
1782,35.11107027,129.0206817,"[35.11107027, 129.0206817]","[35.11107027, 129.0206817]"
1783,35.11097313,129.0204065,"[35.11097313, 129.0204065]","[35.11097313, 129.0204065]"
1784,35.11129761,129.0217874,"[35.11129761, 129.0217874]","[35.11129761, 129.0217874]"
1785,35.11149757,129.0219203,"[35.11149757, 129.0219203]","[35.11149757, 129.0219203]"
1786,35.11137065,129.021509,"[35.11137065, 129.021509]","[35.11137065, 129.021509]"
1787,35.11173148,129.021876,"[35.11173148, 129.021876]","[35.11173148, 129.021876]"
1788,35.11157393,129.0216396,"[35.11157393, 129.0216396]","[35.11157393, 129.0216396]"
1789,35.11338615,129.0206931,"[35.11338615, 129.0206931]","[35.11338615, 129.0206931]"
1790,35.1152406,129.0181482,"[35.1152406, 129.0181482]","[35.1152406, 129.0181482]"
1791,35.11469923,129.0141424,"[35.11469923, 129.0141424]","[35.11469923, 129.0141424]"
1792,35.11475896,129.0153145,"[35.11475896, 129.0153145]","[35.11475896, 129.0153145]"
1793,35.11508648,129.0153435,"[35.11508648, 129.0153435]","[35.11508648, 129.0153435]"
1794,35.11494615,129.0150468,"[35.11494615, 129.0150468]","[35.11494615, 129.0150468]"
1795,35.11263033,129.0132837,"[35.11263033, 129.0132837]","[35.11263033, 129.0132837]"
1796,35.11374927,129.013908,"[35.11374927, 129.013908]","[35.11374927, 129.013908]"
1797,35.11069185,129.0116753,"[35.11069185, 129.0116753]","[35.11069185, 129.0116753]"
1798,35.11129203,129.0125062,"[35.11129203, 129.0125062]","[35.11129203, 129.0125062]"
1799,35.11054475,129.017598,"[35.11054475, 129.017598]","[35.11054475, 129.017598]"
1800,35.1100103,129.0177074,"[35.1100103, 129.0177074]","[35.1100103, 129.0177074]"
1801,35.1099348,129.0179458,"[35.1099348, 129.0179458]","[35.1099348, 129.0179458]"
1802,35.11012251,129.0180253,"[35.11012251, 129.0180253]","[35.11012251, 129.0180253]"
1803,35.11049685,129.0190837,"[35.11049685, 129.0190837]","[35.11049685, 129.0190837]"
1804,35.10784202,129.0199928,"[35.10784202, 129.0199928]","[35.10784202, 129.0199928]"
1805,35.10750823,129.0201755,"[35.10750823, 129.0201755]","[35.10750823, 129.0201755]"
1806,35.1076213,129.0203355,"[35.1076213, 129.0203355]","[35.1076213, 129.0203355]"
1807,35.1046908,129.0200491,"[35.1046908, 129.0200491]","[35.1046908, 129.0200491]"
1808,35.10594015,129.0201279,"[35.10594015, 129.0201279]","[35.10594015, 129.0201279]"
1809,35.10331098,129.0210123,"[35.10331098, 129.0210123]","[35.10331098, 129.0210123]"
1810,35.10314708,129.0212037,"[35.10314708, 129.0212037]","[35.10314708, 129.0212037]"
1811,35.10328857,129.021496,"[35.10328857, 129.021496]","[35.10328857, 129.021496]"
1812,35.10346527,129.0212519,"[35.10346527, 129.0212519]","[35.10346527, 129.0212519]"
1813,35.10343436,129.0199755,"[35.10343436, 129.0199755]","[35.10343436, 129.0199755]"
1814,35.1033707,129.0198767,"[35.1033707, 129.0198767]","[35.1033707, 129.0198767]"
1815,35.10333082,129.0199437,"[35.10333082, 129.0199437]","[35.10333082, 129.0199437]"
1816,35.10331329,129.0197978,"[35.10331329, 129.0197978]","[35.10331329, 129.0197978]"
1817,35.10323448,129.0199389,"[35.10323448, 129.0199389]","[35.10323448, 129.0199389]"
1818,35.10329298,129.0199888,"[35.10329298, 129.0199888]","[35.10329298, 129.0199888]"
1819,35.10332438,129.020103,"[35.10332438, 129.020103]","[35.10332438, 129.020103]"
1820,35.09977194,129.0194526,"[35.09977194, 129.0194526]","[35.09977194, 129.0194526]"
1821,35.0997518,129.0199686,"[35.0997518, 129.0199686]","[35.0997518, 129.0199686]"
1822,35.10114251,129.0198082,"[35.10114251, 129.0198082]","[35.10114251, 129.0198082]"
1823,35.09773354,129.0209753,"[35.09773354, 129.0209753]","[35.09773354, 129.0209753]"
1824,35.0979682,129.0207194,"[35.0979682, 129.0207194]","[35.0979682, 129.0207194]"
1825,35.09657952,129.02242,"[35.09657952, 129.02242]","[35.09657952, 129.02242]"
1826,35.09657195,129.0231647,"[35.09657195, 129.0231647]","[35.09657195, 129.0231647]"
1827,35.09649076,129.0238036,"[35.09649076, 129.0238036]","[35.09649076, 129.0238036]"
1828,35.0960853,129.024459,"[35.0960853, 129.024459]","[35.0960853, 129.024459]"
1829,35.32829802,129.1687243,"[35.32829802, 129.1687243]","[35.32829802, 129.1687243]"
1830,35.24124629,129.2133067,"[35.24124629, 129.2133067]","[35.24124629, 129.2133067]"
1831,35.32188456,129.2352953,"[35.32188456, 129.2352953]","[35.32188456, 129.2352953]"
1832,35.31604858,129.2601695,"[35.31604858, 129.2601695]","[35.31604858, 129.2601695]"
1833,35.35308052,129.1368272,"[35.35308052, 129.1368272]","[35.35308052, 129.1368272]"
1834,35.33069397,129.171587,"[35.33069397, 129.171587]","[35.33069397, 129.171587]"
1835,35.34751855,129.1587659,"[35.34751855, 129.1587659]","[35.34751855, 129.1587659]"
1836,35.27448954,129.1504221,"[35.27448954, 129.1504221]","[35.27448954, 129.1504221]"
1837,35.27380298,129.1511852,"[35.27380298, 129.1511852]","[35.27380298, 129.1511852]"
1838,35.27360373,129.1512859,"[35.27360373, 129.1512859]","[35.27360373, 129.1512859]"
1839,35.27319228,129.1520056,"[35.27319228, 129.1520056]","[35.27319228, 129.1520056]"
1840,35.32888089,129.1791026,"[35.32888089, 129.1791026]","[35.32888089, 129.1791026]"
1841,35.24623811,129.2137539,"[35.24623811, 129.2137539]","[35.24623811, 129.2137539]"
1842,35.3288063,129.1789244,"[35.3288063, 129.1789244]","[35.3288063, 129.1789244]"
1843,35.32900955,129.1790195,"[35.32900955, 129.1790195]","[35.32900955, 129.1790195]"
1844,35.21777046,129.2110093,"[35.21777046, 129.2110093]","[35.21777046, 129.2110093]"
1845,35.18627906,129.2114813,"[35.18627906, 129.2114813]","[35.18627906, 129.2114813]"
1846,35.22682817,129.2121415,"[35.22682817, 129.2121415]","[35.22682817, 129.2121415]"
1847,35.27471648,129.1497726,"[35.27471648, 129.1497726]","[35.27471648, 129.1497726]"
1848,35.27463106,129.1499191,"[35.27463106, 129.1499191]","[35.27463106, 129.1499191]"
1849,35.23421424,129.2131975,"[35.23421424, 129.2131975]","[35.23421424, 129.2131975]"
1850,35.234075,129.2130862,"[35.234075, 129.2130862]","[35.234075, 129.2130862]"
1851,35.23421967,129.2169294,"[35.23421967, 129.2169294]","[35.23421967, 129.2169294]"
1852,35.24518488,129.2134922,"[35.24518488, 129.2134922]","[35.24518488, 129.2134922]"
1853,35.23537873,129.2131726,"[35.23537873, 129.2131726]","[35.23537873, 129.2131726]"
1854,35.23676204,129.2132343,"[35.23676204, 129.2132343]","[35.23676204, 129.2132343]"
1855,35.23775868,129.2132827,"[35.23775868, 129.2132827]","[35.23775868, 129.2132827]"
1856,35.25397955,129.2158389,"[35.25397955, 129.2158389]","[35.25397955, 129.2158389]"
1857,35.37055211,129.2435793,"[35.37055211, 129.2435793]","[35.37055211, 129.2435793]"
1858,35.31232666,129.1148213,"[35.31232666, 129.1148213]","[35.31232666, 129.1148213]"
1859,35.24103385,129.2200807,"[35.24103385, 129.2200807]","[35.24103385, 129.2200807]"
1860,35.25436017,129.2169667,"[35.25436017, 129.2169667]","[35.25436017, 129.2169667]"
1861,35.24516669,129.2139114,"[35.24516669, 129.2139114]","[35.24516669, 129.2139114]"
1862,35.2545971,129.217643,"[35.2545971, 129.217643]","[35.2545971, 129.217643]"
1863,35.25482014,129.2179059,"[35.25482014, 129.2179059]","[35.25482014, 129.2179059]"
1864,35.25575494,129.2190229,"[35.25575494, 129.2190229]","[35.25575494, 129.2190229]"
1865,35.25623282,129.2196124,"[35.25623282, 129.2196124]","[35.25623282, 129.2196124]"
1866,35.24124285,129.2137086,"[35.24124285, 129.2137086]","[35.24124285, 129.2137086]"
1867,35.33131762,129.2587861,"[35.33131762, 129.2587861]","[35.33131762, 129.2587861]"
1868,35.24317023,129.2137153,"[35.24317023, 129.2137153]","[35.24317023, 129.2137153]"
1869,35.21271645,129.2217312,"[35.21271645, 129.2217312]","[35.21271645, 129.2217312]"
1870,35.19619799,129.2220251,"[35.19619799, 129.2220251]","[35.19619799, 129.2220251]"
1871,35.32507119,129.1681231,"[35.32507119, 129.1681231]","[35.32507119, 129.1681231]"
1872,35.32566622,129.1694425,"[35.32566622, 129.1694425]","[35.32566622, 129.1694425]"
1873,35.32738723,129.1693466,"[35.32738723, 129.1693466]","[35.32738723, 129.1693466]"
1874,35.19500781,129.2212668,"[35.19500781, 129.2212668]","[35.19500781, 129.2212668]"
1875,35.24688992,129.2137847,"[35.24688992, 129.2137847]","[35.24688992, 129.2137847]"
1876,35.24017463,129.2134265,"[35.24017463, 129.2134265]","[35.24017463, 129.2134265]"
1877,35.20165236,129.2062927,"[35.20165236, 129.2062927]","[35.20165236, 129.2062927]"
1878,35.3239903,129.2020931,"[35.3239903, 129.2020931]","[35.3239903, 129.2020931]"
1879,35.34821421,129.2578884,"[35.34821421, 129.2578884]","[35.34821421, 129.2578884]"
1880,35.3483074,129.2579397,"[35.3483074, 129.2579397]","[35.3483074, 129.2579397]"
1881,35.3483112,129.2578442,"[35.3483112, 129.2578442]","[35.3483112, 129.2578442]"
1882,35.34694723,129.2633989,"[35.34694723, 129.2633989]","[35.34694723, 129.2633989]"
1883,35.34717349,129.2628985,"[35.34717349, 129.2628985]","[35.34717349, 129.2628985]"
1884,35.34493289,129.2669227,"[35.34493289, 129.2669227]","[35.34493289, 129.2669227]"
1885,35.34514065,129.2666032,"[35.34514065, 129.2666032]","[35.34514065, 129.2666032]"
1886,35.33690886,129.27517,"[35.33690886, 129.27517]","[35.33690886, 129.27517]"
1887,35.33684383,129.2753376,"[35.33684383, 129.2753376]","[35.33684383, 129.2753376]"
1888,35.33208035,129.2796486,"[35.33208035, 129.2796486]","[35.33208035, 129.2796486]"
1889,35.24971737,129.2089562,"[35.24971737, 129.2089562]","[35.24971737, 129.2089562]"
1890,35.24644598,129.1798233,"[35.24644598, 129.1798233]","[35.24644598, 129.1798233]"
1891,35.32063,129.2082929,"[35.32063, 129.2082929]","[35.32063, 129.2082929]"
1892,35.31946222,129.2008479,"[35.31946222, 129.2008479]","[35.31946222, 129.2008479]"
1893,35.3400276,129.2616063,"[35.3400276, 129.2616063]","[35.3400276, 129.2616063]"
1894,35.34099769,129.2593443,"[35.34099769, 129.2593443]","[35.34099769, 129.2593443]"
1895,35.34103985,129.2595825,"[35.34103985, 129.2595825]","[35.34103985, 129.2595825]"
1896,35.34857364,129.2565594,"[35.34857364, 129.2565594]","[35.34857364, 129.2565594]"
1897,35.34850312,129.2564081,"[35.34850312, 129.2564081]","[35.34850312, 129.2564081]"
1898,35.3483839,129.2565551,"[35.3483839, 129.2565551]","[35.3483839, 129.2565551]"
1899,35.34843732,129.2567275,"[35.34843732, 129.2567275]","[35.34843732, 129.2567275]"
1900,35.35202536,129.255266,"[35.35202536, 129.255266]","[35.35202536, 129.255266]"
1901,35.29701683,129.258834,"[35.29701683, 129.258834]","[35.29701683, 129.258834]"
1902,35.2608355,129.2277514,"[35.2608355, 129.2277514]","[35.2608355, 129.2277514]"
1903,35.2625768,129.2316656,"[35.2625768, 129.2316656]","[35.2625768, 129.2316656]"
1904,35.26301895,129.2322856,"[35.26301895, 129.2322856]","[35.26301895, 129.2322856]"
1905,35.32672958,129.2620538,"[35.32672958, 129.2620538]","[35.32672958, 129.2620538]"
1906,35.32647909,129.2619952,"[35.32647909, 129.2619952]","[35.32647909, 129.2619952]"
1907,35.32643521,129.2623056,"[35.32643521, 129.2623056]","[35.32643521, 129.2623056]"
1908,35.32667842,129.2623553,"[35.32667842, 129.2623553]","[35.32667842, 129.2623553]"
1909,35.32784417,129.2611691,"[35.32784417, 129.2611691]","[35.32784417, 129.2611691]"
1910,35.32760621,129.2611018,"[35.32760621, 129.2611018]","[35.32760621, 129.2611018]"
1911,35.32756418,129.2614057,"[35.32756418, 129.2614057]","[35.32756418, 129.2614057]"
1912,35.32779325,129.2614635,"[35.32779325, 129.2614635]","[35.32779325, 129.2614635]"
1913,35.3289785,129.2602821,"[35.3289785, 129.2602821]","[35.3289785, 129.2602821]"
1914,35.32873381,129.2602192,"[35.32873381, 129.2602192]","[35.32873381, 129.2602192]"
1915,35.32871536,129.260517,"[35.32871536, 129.260517]","[35.32871536, 129.260517]"
1916,35.32892795,129.2606036,"[35.32892795, 129.2606036]","[35.32892795, 129.2606036]"
1917,35.33300386,129.2584861,"[35.33300386, 129.2584861]","[35.33300386, 129.2584861]"
1918,35.33649124,129.2585032,"[35.33649124, 129.2585032]","[35.33649124, 129.2585032]"
1919,35.33894074,129.2585257,"[35.33894074, 129.2585257]","[35.33894074, 129.2585257]"
1920,35.31682433,129.2592656,"[35.31682433, 129.2592656]","[35.31682433, 129.2592656]"
1921,35.31618715,129.2603983,"[35.31618715, 129.2603983]","[35.31618715, 129.2603983]"
1922,35.38506012,129.2557349,"[35.38506012, 129.2557349]","[35.38506012, 129.2557349]"
1923,35.32975167,129.283008,"[35.32975167, 129.283008]","[35.32975167, 129.283008]"
1924,35.34115971,129.2502338,"[35.34115971, 129.2502338]","[35.34115971, 129.2502338]"
1925,35.31854897,129.2400945,"[35.31854897, 129.2400945]","[35.31854897, 129.2400945]"
1926,35.31825141,129.2402342,"[35.31825141, 129.2402342]","[35.31825141, 129.2402342]"
1927,35.31830747,129.2405414,"[35.31830747, 129.2405414]","[35.31830747, 129.2405414]"
1928,35.31856816,129.2404074,"[35.31856816, 129.2404074]","[35.31856816, 129.2404074]"
1929,35.32249207,129.2423064,"[35.32249207, 129.2423064]","[35.32249207, 129.2423064]"
1930,35.29913454,129.258289,"[35.29913454, 129.258289]","[35.29913454, 129.258289]"
1931,35.29829337,129.2585425,"[35.29829337, 129.2585425]","[35.29829337, 129.2585425]"
1932,35.27013465,129.2297302,"[35.27013465, 129.2297302]","[35.27013465, 129.2297302]"
1933,35.2637913,129.2328429,"[35.2637913, 129.2328429]","[35.2637913, 129.2328429]"
1934,35.26456488,129.2330819,"[35.26456488, 129.2330819]","[35.26456488, 129.2330819]"
1935,35.26541363,129.233348,"[35.26541363, 129.233348]","[35.26541363, 129.233348]"
1936,35.30579489,129.2404887,"[35.30579489, 129.2404887]","[35.30579489, 129.2404887]"
1937,35.30905153,129.2403985,"[35.30905153, 129.2403985]","[35.30905153, 129.2403985]"
1938,35.29531149,129.2368518,"[35.29531149, 129.2368518]","[35.29531149, 129.2368518]"
1939,35.27477436,129.2313546,"[35.27477436, 129.2313546]","[35.27477436, 129.2313546]"
1940,35.27478943,129.2316642,"[35.27478943, 129.2316642]","[35.27478943, 129.2316642]"
1941,35.2745624,129.2315766,"[35.2745624, 129.2315766]","[35.2745624, 129.2315766]"
1942,35.27971371,129.2327229,"[35.27971371, 129.2327229]","[35.27971371, 129.2327229]"
1943,35.27426641,129.2303471,"[35.27426641, 129.2303471]","[35.27426641, 129.2303471]"
1944,35.26665868,129.2336954,"[35.26665868, 129.2336954]","[35.26665868, 129.2336954]"
1945,35.26630811,129.2336069,"[35.26630811, 129.2336069]","[35.26630811, 129.2336069]"
1946,35.32668024,129.1768149,"[35.32668024, 129.1768149]","[35.32668024, 129.1768149]"
1947,35.35302021,129.1366405,"[35.35302021, 129.1366405]","[35.35302021, 129.1366405]"
1948,35.35798761,129.1404238,"[35.35798761, 129.1404238]","[35.35798761, 129.1404238]"
1949,35.35782682,129.1403265,"[35.35782682, 129.1403265]","[35.35782682, 129.1403265]"
1950,35.35762309,129.140599,"[35.35762309, 129.140599]","[35.35762309, 129.140599]"
1951,35.35774267,129.1409832,"[35.35774267, 129.1409832]","[35.35774267, 129.1409832]"
1952,35.35796302,129.1408266,"[35.35796302, 129.1408266]","[35.35796302, 129.1408266]"
1953,35.35525464,129.1483804,"[35.35525464, 129.1483804]","[35.35525464, 129.1483804]"
1954,35.35507342,129.1483349,"[35.35507342, 129.1483349]","[35.35507342, 129.1483349]"
1955,35.35535775,129.1485908,"[35.35535775, 129.1485908]","[35.35535775, 129.1485908]"
1956,35.35052639,129.1583721,"[35.35052639, 129.1583721]","[35.35052639, 129.1583721]"
1957,35.32218906,129.2148156,"[35.32218906, 129.2148156]","[35.32218906, 129.2148156]"
1958,35.31697457,129.1845287,"[35.31697457, 129.1845287]","[35.31697457, 129.1845287]"
1959,35.31680641,129.1843911,"[35.31680641, 129.1843911]","[35.31680641, 129.1843911]"
1960,35.31667811,129.1845745,"[35.31667811, 129.1845745]","[35.31667811, 129.1845745]"
1961,35.31685561,129.1847073,"[35.31685561, 129.1847073]","[35.31685561, 129.1847073]"
1962,35.31811945,129.1921734,"[35.31811945, 129.1921734]","[35.31811945, 129.1921734]"
1963,35.31795162,129.1920663,"[35.31795162, 129.1920663]","[35.31795162, 129.1920663]"
1964,35.31781879,129.1922563,"[35.31781879, 129.1922563]","[35.31781879, 129.1922563]"
1965,35.31798904,129.1924064,"[35.31798904, 129.1924064]","[35.31798904, 129.1924064]"
1966,35.31890412,129.1975103,"[35.31890412, 129.1975103]","[35.31890412, 129.1975103]"
1967,35.31874277,129.1973566,"[35.31874277, 129.1973566]","[35.31874277, 129.1973566]"
1968,35.31861793,129.1975391,"[35.31861793, 129.1975391]","[35.31861793, 129.1975391]"
1969,35.31880015,129.1976983,"[35.31880015, 129.1976983]","[35.31880015, 129.1976983]"
1970,35.31954826,129.2006239,"[35.31954826, 129.2006239]","[35.31954826, 129.2006239]"
1971,35.31968398,129.2009092,"[35.31968398, 129.2009092]","[35.31968398, 129.2009092]"
1972,35.32077181,129.2081115,"[35.32077181, 129.2081115]","[35.32077181, 129.2081115]"
1973,35.32077574,129.2084899,"[35.32077574, 129.2084899]","[35.32077574, 129.2084899]"
1974,35.32081399,129.210638,"[35.32081399, 129.210638]","[35.32081399, 129.210638]"
1975,35.31967495,129.1870486,"[35.31967495, 129.1870486]","[35.31967495, 129.1870486]"
1976,35.32332911,129.1906627,"[35.32332911, 129.1906627]","[35.32332911, 129.1906627]"
1977,35.32462985,129.1891259,"[35.32462985, 129.1891259]","[35.32462985, 129.1891259]"
1978,35.32462831,129.1888605,"[35.32462831, 129.1888605]","[35.32462831, 129.1888605]"
1979,35.323202,129.1965059,"[35.323202, 129.1965059]","[35.323202, 129.1965059]"
1980,35.3224279,129.1938267,"[35.3224279, 129.1938267]","[35.3224279, 129.1938267]"
1981,35.32149276,129.1911945,"[35.32149276, 129.1911945]","[35.32149276, 129.1911945]"
1982,35.32161879,129.1910187,"[35.32161879, 129.1910187]","[35.32161879, 129.1910187]"
1983,35.3216831,129.1912827,"[35.3216831, 129.1912827]","[35.3216831, 129.1912827]"
1984,35.32180355,129.1911154,"[35.32180355, 129.1911154]","[35.32180355, 129.1911154]"
1985,35.32202072,129.1924299,"[35.32202072, 129.1924299]","[35.32202072, 129.1924299]"
1986,35.32003673,129.1916537,"[35.32003673, 129.1916537]","[35.32003673, 129.1916537]"
1987,35.32029764,129.1913704,"[35.32029764, 129.1913704]","[35.32029764, 129.1913704]"
1988,35.32037097,129.1915225,"[35.32037097, 129.1915225]","[35.32037097, 129.1915225]"
1989,35.32011724,129.1918032,"[35.32011724, 129.1918032]","[35.32011724, 129.1918032]"
1990,35.32085596,129.1890564,"[35.32085596, 129.1890564]","[35.32085596, 129.1890564]"
1991,35.32089621,129.188839,"[35.32089621, 129.188839]","[35.32089621, 129.188839]"
1992,35.32073852,129.1888673,"[35.32073852, 129.1888673]","[35.32073852, 129.1888673]"
1993,35.32068662,129.1891089,"[35.32068662, 129.1891089]","[35.32068662, 129.1891089]"
1994,35.32375882,129.185262,"[35.32375882, 129.185262]","[35.32375882, 129.185262]"
1995,35.32365917,129.1850143,"[35.32365917, 129.1850143]","[35.32365917, 129.1850143]"
1996,35.32244785,129.1847641,"[35.32244785, 129.1847641]","[35.32244785, 129.1847641]"
1997,35.32231771,129.1848632,"[35.32231771, 129.1848632]","[35.32231771, 129.1848632]"
1998,35.32239804,129.1845923,"[35.32239804, 129.1845923]","[35.32239804, 129.1845923]"
1999,35.32222375,129.1847238,"[35.32222375, 129.1847238]","[35.32222375, 129.1847238]"
2000,35.31961892,129.1840522,"[35.31961892, 129.1840522]","[35.31961892, 129.1840522]"
2001,35.31945232,129.1838741,"[35.31945232, 129.1838741]","[35.31945232, 129.1838741]"
2002,35.31944703,129.1842088,"[35.31944703, 129.1842088]","[35.31944703, 129.1842088]"
2003,35.31927468,129.1840582,"[35.31927468, 129.1840582]","[35.31927468, 129.1840582]"
2004,35.31972917,129.1811741,"[35.31972917, 129.1811741]","[35.31972917, 129.1811741]"
2005,35.31989866,129.1810959,"[35.31989866, 129.1810959]","[35.31989866, 129.1810959]"
2006,35.3195766,129.1809151,"[35.3195766, 129.1809151]","[35.3195766, 129.1809151]"
2007,35.31975989,129.1808768,"[35.31975989, 129.1808768]","[35.31975989, 129.1808768]"
2008,35.32047741,129.1786394,"[35.32047741, 129.1786394]","[35.32047741, 129.1786394]"
2009,35.32070826,129.1785116,"[35.32070826, 129.1785116]","[35.32070826, 129.1785116]"
2010,35.32063544,129.1781798,"[35.32063544, 129.1781798]","[35.32063544, 129.1781798]"
2011,35.32036463,129.1783402,"[35.32036463, 129.1783402]","[35.32036463, 129.1783402]"
2012,35.31916981,129.1776939,"[35.31916981, 129.1776939]","[35.31916981, 129.1776939]"
2013,35.3192513,129.1779922,"[35.3192513, 129.1779922]","[35.3192513, 129.1779922]"
2014,35.3194397,129.1778142,"[35.3194397, 129.1778142]","[35.3194397, 129.1778142]"
2015,35.31939481,129.1775293,"[35.31939481, 129.1775293]","[35.31939481, 129.1775293]"
2016,35.31734399,129.1764734,"[35.31734399, 129.1764734]","[35.31734399, 129.1764734]"
2017,35.3172601,129.1768824,"[35.3172601, 129.1768824]","[35.3172601, 129.1768824]"
2018,35.31745194,129.1767605,"[35.31745194, 129.1767605]","[35.31745194, 129.1767605]"
2019,35.3218852,129.1747567,"[35.3218852, 129.1747567]","[35.3218852, 129.1747567]"
2020,35.32166038,129.1748299,"[35.32166038, 129.1748299]","[35.32166038, 129.1748299]"
2021,35.32175736,129.1751268,"[35.32175736, 129.1751268]","[35.32175736, 129.1751268]"
2022,35.3219694,129.1750432,"[35.3219694, 129.1750432]","[35.3219694, 129.1750432]"
2023,35.31942869,129.1724582,"[35.31942869, 129.1724582]","[35.31942869, 129.1724582]"
2024,35.31927197,129.1726493,"[35.31927197, 129.1726493]","[35.31927197, 129.1726493]"
2025,35.32294196,129.1729044,"[35.32294196, 129.1729044]","[35.32294196, 129.1729044]"
2026,35.32304817,129.1727642,"[35.32304817, 129.1727642]","[35.32304817, 129.1727642]"
2027,35.32201466,129.1692676,"[35.32201466, 129.1692676]","[35.32201466, 129.1692676]"
2028,35.32594092,129.1703173,"[35.32594092, 129.1703173]","[35.32594092, 129.1703173]"
2029,35.32597605,129.1700948,"[35.32597605, 129.1700948]","[35.32597605, 129.1700948]"
2030,35.32610702,129.1704257,"[35.32610702, 129.1704257]","[35.32610702, 129.1704257]"
2031,35.32614708,129.1702002,"[35.32614708, 129.1702002]","[35.32614708, 129.1702002]"
2032,35.32474199,129.1670028,"[35.32474199, 129.1670028]","[35.32474199, 129.1670028]"
2033,35.32471081,129.1672883,"[35.32471081, 129.1672883]","[35.32471081, 129.1672883]"
2034,35.32450783,129.1671588,"[35.32450783, 129.1671588]","[35.32450783, 129.1671588]"
2035,35.32949206,129.1680116,"[35.32949206, 129.1680116]","[35.32949206, 129.1680116]"
2036,35.32928632,129.1678803,"[35.32928632, 129.1678803]","[35.32928632, 129.1678803]"
2037,35.32925083,129.1681155,"[35.32925083, 129.1681155]","[35.32925083, 129.1681155]"
2038,35.3294533,129.1682492,"[35.3294533, 129.1682492]","[35.3294533, 129.1682492]"
2039,35.32802493,129.1647317,"[35.32802493, 129.1647317]","[35.32802493, 129.1647317]"
2040,35.32776454,129.164905,"[35.32776454, 129.164905]","[35.32776454, 129.164905]"
2041,35.33032613,129.1634135,"[35.33032613, 129.1634135]","[35.33032613, 129.1634135]"
2042,35.33397232,129.1657093,"[35.33397232, 129.1657093]","[35.33397232, 129.1657093]"
2043,35.33390644,129.1659406,"[35.33390644, 129.1659406]","[35.33390644, 129.1659406]"
2044,35.3337929,129.1655635,"[35.3337929, 129.1655635]","[35.3337929, 129.1655635]"
2045,35.33372291,129.1658132,"[35.33372291, 129.1658132]","[35.33372291, 129.1658132]"
2046,35.33412208,129.1616117,"[35.33412208, 129.1616117]","[35.33412208, 129.1616117]"
2047,35.33282173,129.1622495,"[35.33282173, 129.1622495]","[35.33282173, 129.1622495]"
2048,35.33251942,129.1623878,"[35.33251942, 129.1623878]","[35.33251942, 129.1623878]"
2049,35.33527599,129.1650643,"[35.33527599, 129.1650643]","[35.33527599, 129.1650643]"
2050,35.33509858,129.1651391,"[35.33509858, 129.1651391]","[35.33509858, 129.1651391]"
2051,35.3371597,129.16264,"[35.3371597, 129.16264]","[35.3371597, 129.16264]"
2052,35.33713521,129.1629323,"[35.33713521, 129.1629323]","[35.33713521, 129.1629323]"
2053,35.33730739,129.1612928,"[35.33730739, 129.1612928]","[35.33730739, 129.1612928]"
2054,35.33716726,129.1615136,"[35.33716726, 129.1615136]","[35.33716726, 129.1615136]"
2055,35.33698836,129.1612804,"[35.33698836, 129.1612804]","[35.33698836, 129.1612804]"
2056,35.34000931,129.1611756,"[35.34000931, 129.1611756]","[35.34000931, 129.1611756]"
2057,35.34246949,129.1601408,"[35.34246949, 129.1601408]","[35.34246949, 129.1601408]"
2058,35.34239364,129.1603762,"[35.34239364, 129.1603762]","[35.34239364, 129.1603762]"
2059,35.3422188,129.160244,"[35.3422188, 129.160244]","[35.3422188, 129.160244]"
2060,35.34228989,129.1600136,"[35.34228989, 129.1600136]","[35.34228989, 129.1600136]"
2061,35.34402772,129.1593261,"[35.34402772, 129.1593261]","[35.34402772, 129.1593261]"
2062,35.32688076,129.1718437,"[35.32688076, 129.1718437]","[35.32688076, 129.1718437]"
2063,35.32672218,129.1717888,"[35.32672218, 129.1717888]","[35.32672218, 129.1717888]"
2064,35.32667471,129.1719692,"[35.32667471, 129.1719692]","[35.32667471, 129.1719692]"
2065,35.32682639,129.1720144,"[35.32682639, 129.1720144]","[35.32682639, 129.1720144]"
2066,35.32366794,129.1761894,"[35.32366794, 129.1761894]","[35.32366794, 129.1761894]"
2067,35.32369456,129.1763562,"[35.32369456, 129.1763562]","[35.32369456, 129.1763562]"
2068,35.32381084,129.176282,"[35.32381084, 129.176282]","[35.32381084, 129.176282]"
2069,35.32622793,129.1777733,"[35.32622793, 129.1777733]","[35.32622793, 129.1777733]"
2070,35.32602537,129.1777942,"[35.32602537, 129.1777942]","[35.32602537, 129.1777942]"
2071,35.32612237,129.1780173,"[35.32612237, 129.1780173]","[35.32612237, 129.1780173]"
2072,35.32631969,129.1779707,"[35.32631969, 129.1779707]","[35.32631969, 129.1779707]"
2073,35.32711152,129.1759126,"[35.32711152, 129.1759126]","[35.32711152, 129.1759126]"
2074,35.32780508,129.1742268,"[35.32780508, 129.1742268]","[35.32780508, 129.1742268]"
2075,35.32778914,129.174493,"[35.32778914, 129.174493]","[35.32778914, 129.174493]"
2076,35.32220224,129.179371,"[35.32220224, 129.179371]","[35.32220224, 129.179371]"
2077,35.32238457,129.179218,"[35.32238457, 129.179218]","[35.32238457, 129.179218]"
2078,35.32238895,129.179454,"[35.32238895, 129.179454]","[35.32238895, 129.179454]"
2079,35.32222224,129.1796832,"[35.32222224, 129.1796832]","[35.32222224, 129.1796832]"
2080,35.3249576,129.1805872,"[35.3249576, 129.1805872]","[35.3249576, 129.1805872]"
2081,35.32467068,129.1807402,"[35.32467068, 129.1807402]","[35.32467068, 129.1807402]"
2082,35.32473276,129.1809611,"[35.32473276, 129.1809611]","[35.32473276, 129.1809611]"
2083,35.32498192,129.1808644,"[35.32498192, 129.1808644]","[35.32498192, 129.1808644]"
2084,35.3242854,129.2088474,"[35.3242854, 129.2088474]","[35.3242854, 129.2088474]"
2085,35.32440172,129.2101663,"[35.32440172, 129.2101663]","[35.32440172, 129.2101663]"
2086,35.32449657,129.2126659,"[35.32449657, 129.2126659]","[35.32449657, 129.2126659]"
2087,35.31663771,129.1798775,"[35.31663771, 129.1798775]","[35.31663771, 129.1798775]"
2088,35.31646643,129.180014,"[35.31646643, 129.180014]","[35.31646643, 129.180014]"
2089,35.31660587,129.1802332,"[35.31660587, 129.1802332]","[35.31660587, 129.1802332]"
2090,35.31678445,129.180068,"[35.31678445, 129.180068]","[35.31678445, 129.180068]"
2091,35.31868499,129.1841431,"[35.31868499, 129.1841431]","[35.31868499, 129.1841431]"
2092,35.32745407,129.1751894,"[35.32745407, 129.1751894]","[35.32745407, 129.1751894]"
2093,35.32742094,129.1733545,"[35.32742094, 129.1733545]","[35.32742094, 129.1733545]"
2094,35.32158318,129.2355226,"[35.32158318, 129.2355226]","[35.32158318, 129.2355226]"
2095,35.3188958,129.1919362,"[35.3188958, 129.1919362]","[35.3188958, 129.1919362]"
2096,35.22428062,129.2135841,"[35.22428062, 129.2135841]","[35.22428062, 129.2135841]"
2097,35.31017175,129.2410541,"[35.31017175, 129.2410541]","[35.31017175, 129.2410541]"
2098,35.23618267,129.1686596,"[35.23618267, 129.1686596]","[35.23618267, 129.1686596]"
2099,35.25623284,129.2241994,"[35.25623284, 129.2241994]","[35.25623284, 129.2241994]"
2100,35.21138096,129.2221425,"[35.21138096, 129.2221425]","[35.21138096, 129.2221425]"
2101,35.21147113,129.2219489,"[35.21147113, 129.2219489]","[35.21147113, 129.2219489]"
2102,35.2378695,129.1728354,"[35.2378695, 129.1728354]","[35.2378695, 129.1728354]"
2103,35.2361806,129.1617525,"[35.2361806, 129.1617525]","[35.2361806, 129.1617525]"
2104,35.24630343,129.1798062,"[35.24630343, 129.1798062]","[35.24630343, 129.1798062]"
2105,35.24299595,129.2135378,"[35.24299595, 129.2135378]","[35.24299595, 129.2135378]"
2106,35.24330818,129.2135576,"[35.24330818, 129.2135576]","[35.24330818, 129.2135576]"
2107,35.25054024,129.18942,"[35.25054024, 129.18942]","[35.25054024, 129.18942]"
2108,35.25409038,129.2156726,"[35.25409038, 129.2156726]","[35.25409038, 129.2156726]"
2109,35.25416612,129.2160199,"[35.25416612, 129.2160199]","[35.25416612, 129.2160199]"
2110,35.2380536,129.2133139,"[35.2380536, 129.2133139]","[35.2380536, 129.2133139]"
2111,35.23469887,129.2186222,"[35.23469887, 129.2186222]","[35.23469887, 129.2186222]"
2112,35.23433988,129.2188661,"[35.23433988, 129.2188661]","[35.23433988, 129.2188661]"
2113,35.24112178,129.213486,"[35.24112178, 129.213486]","[35.24112178, 129.213486]"
2114,35.24140983,129.2134928,"[35.24140983, 129.2134928]","[35.24140983, 129.2134928]"
2115,35.24807904,129.213832,"[35.24807904, 129.213832]","[35.24807904, 129.213832]"
2116,35.24506332,129.2136863,"[35.24506332, 129.2136863]","[35.24506332, 129.2136863]"
2117,35.20527758,129.2242068,"[35.20527758, 129.2242068]","[35.20527758, 129.2242068]"
2118,35.1976477,129.222901,"[35.1976477, 129.222901]","[35.1976477, 129.222901]"
2119,35.19414129,129.2202795,"[35.19414129, 129.2202795]","[35.19414129, 129.2202795]"
2120,35.19144881,129.2157007,"[35.19144881, 129.2157007]","[35.19144881, 129.2157007]"
2121,35.18386969,129.2102972,"[35.18386969, 129.2102972]","[35.18386969, 129.2102972]"
2122,35.18640755,129.2113961,"[35.18640755, 129.2113961]","[35.18640755, 129.2113961]"
2123,35.25315885,129.1928022,"[35.25315885, 129.1928022]","[35.25315885, 129.1928022]"
2124,35.25389799,129.1955277,"[35.25389799, 129.1955277]","[35.25389799, 129.1955277]"
2125,35.2531757,129.2039878,"[35.2531757, 129.2039878]","[35.2531757, 129.2039878]"
2126,35.24973408,129.2091294,"[35.24973408, 129.2091294]","[35.24973408, 129.2091294]"
2127,35.24913777,129.2138516,"[35.24913777, 129.2138516]","[35.24913777, 129.2138516]"
2128,35.2487655,129.2137911,"[35.2487655, 129.2137911]","[35.2487655, 129.2137911]"
2129,35.24904285,129.2140138,"[35.24904285, 129.2140138]","[35.24904285, 129.2140138]"
2130,35.25061518,129.2156748,"[35.25061518, 129.2156748]","[35.25061518, 129.2156748]"
2131,35.25074708,129.2159447,"[35.25074708, 129.2159447]","[35.25074708, 129.2159447]"
2132,35.25098764,129.2169732,"[35.25098764, 129.2169732]","[35.25098764, 129.2169732]"
2133,35.25120308,129.2209936,"[35.25120308, 129.2209936]","[35.25120308, 129.2209936]"
2134,35.25143562,129.2209135,"[35.25143562, 129.2209135]","[35.25143562, 129.2209135]"
2135,35.2517326,129.2208634,"[35.2517326, 129.2208634]","[35.2517326, 129.2208634]"
2136,35.24506287,129.220961,"[35.24506287, 129.220961]","[35.24506287, 129.220961]"
2137,35.24339796,129.2206641,"[35.24339796, 129.2206641]","[35.24339796, 129.2206641]"
2138,35.2409244,129.2203877,"[35.2409244, 129.2203877]","[35.2409244, 129.2203877]"
2139,35.24189544,129.2204188,"[35.24189544, 129.2204188]","[35.24189544, 129.2204188]"
2140,35.23935736,129.2199868,"[35.23935736, 129.2199868]","[35.23935736, 129.2199868]"
2141,35.23768245,129.218926,"[35.23768245, 129.218926]","[35.23768245, 129.218926]"
2142,35.23606383,129.2177135,"[35.23606383, 129.2177135]","[35.23606383, 129.2177135]"
2143,35.23574362,129.2177077,"[35.23574362, 129.2177077]","[35.23574362, 129.2177077]"
2144,35.23578173,129.2179271,"[35.23578173, 129.2179271]","[35.23578173, 129.2179271]"
2145,35.23612138,129.217941,"[35.23612138, 129.217941]","[35.23612138, 129.217941]"
2146,35.22751369,129.2151691,"[35.22751369, 129.2151691]","[35.22751369, 129.2151691]"
2147,35.20673726,129.2076212,"[35.20673726, 129.2076212]","[35.20673726, 129.2076212]"
2148,35.20477654,129.2063282,"[35.20477654, 129.2063282]","[35.20477654, 129.2063282]"
2149,35.20460901,129.206119,"[35.20460901, 129.206119]","[35.20460901, 129.206119]"
2150,35.2044672,129.206341,"[35.2044672, 129.206341]","[35.2044672, 129.206341]"
2151,35.20460081,129.2065484,"[35.20460081, 129.2065484]","[35.20460081, 129.2065484]"
2152,35.20182437,129.2064955,"[35.20182437, 129.2064955]","[35.20182437, 129.2064955]"
2153,35.20037896,129.2066206,"[35.20037896, 129.2066206]","[35.20037896, 129.2066206]"
2154,35.14603538,128.9847288,"[35.14603538, 128.9847288]","[35.14603538, 128.9847288]"
2155,35.13886171,128.9792522,"[35.13886171, 128.9792522]","[35.13886171, 128.9792522]"
2156,35.14159733,128.983708,"[35.14159733, 128.983708]","[35.14159733, 128.983708]"
2157,35.14192481,128.9775948,"[35.14192481, 128.9775948]","[35.14192481, 128.9775948]"
2158,35.13733579,128.9936119,"[35.13733579, 128.9936119]","[35.13733579, 128.9936119]"
2159,35.14111786,128.9704363,"[35.14111786, 128.9704363]","[35.14111786, 128.9704363]"
2160,35.12449304,128.96774,"[35.12449304, 128.96774]","[35.12449304, 128.96774]"
2161,35.15212523,128.9902163,"[35.15212523, 128.9902163]","[35.15212523, 128.9902163]"
2162,35.15216613,128.9898889,"[35.15216613, 128.9898889]","[35.15216613, 128.9898889]"
2163,35.136217,128.9758107,"[35.136217, 128.9758107]","[35.136217, 128.9758107]"
2164,35.1364342,128.9760303,"[35.1364342, 128.9760303]","[35.1364342, 128.9760303]"
2165,35.13629591,128.9760236,"[35.13629591, 128.9760236]","[35.13629591, 128.9760236]"
2166,35.16948149,128.9886688,"[35.16948149, 128.9886688]","[35.16948149, 128.9886688]"
2167,35.14021263,128.9820752,"[35.14021263, 128.9820752]","[35.14021263, 128.9820752]"
2168,35.14057514,128.9829474,"[35.14057514, 128.9829474]","[35.14057514, 128.9829474]"
2169,35.15916901,128.9758744,"[35.15916901, 128.9758744]","[35.15916901, 128.9758744]"
2170,35.14944963,129.0112884,"[35.14944963, 129.0112884]","[35.14944963, 129.0112884]"
2171,35.15031867,128.9857623,"[35.15031867, 128.9857623]","[35.15031867, 128.9857623]"
2172,35.14986485,128.9856522,"[35.14986485, 128.9856522]","[35.14986485, 128.9856522]"
2173,35.14246404,128.9838817,"[35.14246404, 128.9838817]","[35.14246404, 128.9838817]"
2174,35.14243143,128.9701606,"[35.14243143, 128.9701606]","[35.14243143, 128.9701606]"
2175,35.15097589,128.9722624,"[35.15097589, 128.9722624]","[35.15097589, 128.9722624]"
2176,35.15370921,128.9731842,"[35.15370921, 128.9731842]","[35.15370921, 128.9731842]"
2177,35.15928552,128.9757803,"[35.15928552, 128.9757803]","[35.15928552, 128.9757803]"
2178,35.1590781,128.9757256,"[35.1590781, 128.9757256]","[35.1590781, 128.9757256]"
2179,35.16809073,128.9769903,"[35.16809073, 128.9769903]","[35.16809073, 128.9769903]"
2180,35.15302008,129.0111758,"[35.15302008, 129.0111758]","[35.15302008, 129.0111758]"
2181,35.15256297,129.0055974,"[35.15256297, 129.0055974]","[35.15256297, 129.0055974]"
2182,35.14411027,128.9716803,"[35.14411027, 128.9716803]","[35.14411027, 128.9716803]"
2183,35.18724586,128.9906462,"[35.18724586, 128.9906462]","[35.18724586, 128.9906462]"
2184,35.15425193,128.9929236,"[35.15425193, 128.9929236]","[35.15425193, 128.9929236]"
2185,35.15596483,128.9905141,"[35.15596483, 128.9905141]","[35.15596483, 128.9905141]"
2186,35.16731376,128.9835391,"[35.16731376, 128.9835391]","[35.16731376, 128.9835391]"
2187,35.16735306,128.9837587,"[35.16735306, 128.9837587]","[35.16735306, 128.9837587]"
2188,35.19178118,128.9893181,"[35.19178118, 128.9893181]","[35.19178118, 128.9893181]"
2189,35.1534051,129.0015639,"[35.1534051, 129.0015639]","[35.1534051, 129.0015639]"
2190,35.14189817,128.9820938,"[35.14189817, 128.9820938]","[35.14189817, 128.9820938]"
2191,35.16768242,128.9822436,"[35.16768242, 128.9822436]","[35.16768242, 128.9822436]"
2192,35.16710634,128.9821261,"[35.16710634, 128.9821261]","[35.16710634, 128.9821261]"
2193,35.12793188,128.9695562,"[35.12793188, 128.9695562]","[35.12793188, 128.9695562]"
2194,35.1578212,128.9744403,"[35.1578212, 128.9744403]","[35.1578212, 128.9744403]"
2195,35.15053236,129.0059653,"[35.15053236, 129.0059653]","[35.15053236, 129.0059653]"
2196,35.15628931,128.9888302,"[35.15628931, 128.9888302]","[35.15628931, 128.9888302]"
2197,35.15777739,128.9835862,"[35.15777739, 128.9835862]","[35.15777739, 128.9835862]"
2198,35.15770687,128.9838602,"[35.15770687, 128.9838602]","[35.15770687, 128.9838602]"
2199,35.17517007,128.9884318,"[35.17517007, 128.9884318]","[35.17517007, 128.9884318]"
2200,35.19291122,128.9863188,"[35.19291122, 128.9863188]","[35.19291122, 128.9863188]"
2201,35.18975245,128.9914957,"[35.18975245, 128.9914957]","[35.18975245, 128.9914957]"
2202,35.1584685,128.9797496,"[35.1584685, 128.9797496]","[35.1584685, 128.9797496]"
2203,35.19117519,128.9920339,"[35.19117519, 128.9920339]","[35.19117519, 128.9920339]"
2204,35.15470446,128.9831173,"[35.15470446, 128.9831173]","[35.15470446, 128.9831173]"
2205,35.15475339,128.9828563,"[35.15475339, 128.9828563]","[35.15475339, 128.9828563]"
2206,35.1541074,128.9865934,"[35.1541074, 128.9865934]","[35.1541074, 128.9865934]"
2207,35.19073905,128.9918682,"[35.19073905, 128.9918682]","[35.19073905, 128.9918682]"
2208,35.15406603,128.9868339,"[35.15406603, 128.9868339]","[35.15406603, 128.9868339]"
2209,35.15418973,128.9867397,"[35.15418973, 128.9867397]","[35.15418973, 128.9867397]"
2210,35.15097503,129.0113328,"[35.15097503, 129.0113328]","[35.15097503, 129.0113328]"
2211,35.17372382,128.9849503,"[35.17372382, 128.9849503]","[35.17372382, 128.9849503]"
2212,35.17524999,128.984342,"[35.17524999, 128.984342]","[35.17524999, 128.984342]"
2213,35.17975009,128.9854445,"[35.17975009, 128.9854445]","[35.17975009, 128.9854445]"
2214,35.14899698,129.0060963,"[35.14899698, 129.0060963]","[35.14899698, 129.0060963]"
2215,35.18624838,128.987028,"[35.18624838, 128.987028]","[35.18624838, 128.987028]"
2216,35.14685021,128.9885259,"[35.14685021, 128.9885259]","[35.14685021, 128.9885259]"
2217,35.14640523,128.9942888,"[35.14640523, 128.9942888]","[35.14640523, 128.9942888]"
2218,35.18378528,128.9864265,"[35.18378528, 128.9864265]","[35.18378528, 128.9864265]"
2219,35.13092405,128.9722353,"[35.13092405, 128.9722353]","[35.13092405, 128.9722353]"
2220,35.18749557,128.9875883,"[35.18749557, 128.9875883]","[35.18749557, 128.9875883]"
2221,35.18307332,128.9764615,"[35.18307332, 128.9764615]","[35.18307332, 128.9764615]"
2222,35.15367246,128.9982451,"[35.15367246, 128.9982451]","[35.15367246, 128.9982451]"
2223,35.19253874,128.9927631,"[35.19253874, 128.9927631]","[35.19253874, 128.9927631]"
2224,35.1533335,128.9903449,"[35.1533335, 128.9903449]","[35.1533335, 128.9903449]"
2225,35.18115807,128.986069,"[35.18115807, 128.986069]","[35.18115807, 128.986069]"
2226,35.18125414,128.9856561,"[35.18125414, 128.9856561]","[35.18125414, 128.9856561]"
2227,35.1321156,128.9651575,"[35.1321156, 128.9651575]","[35.1321156, 128.9651575]"
2228,35.18555694,128.9917663,"[35.18555694, 128.9917663]","[35.18555694, 128.9917663]"
2229,35.12422491,128.9706378,"[35.12422491, 128.9706378]","[35.12422491, 128.9706378]"
2230,35.12312853,128.9733838,"[35.12312853, 128.9733838]","[35.12312853, 128.9733838]"
2231,35.1940742,128.9842877,"[35.1940742, 128.9842877]","[35.1940742, 128.9842877]"
2232,35.12976895,128.9743448,"[35.12976895, 128.9743448]","[35.12976895, 128.9743448]"
2233,35.14964868,129.0114828,"[35.14964868, 129.0114828]","[35.14964868, 129.0114828]"
2234,35.16951022,128.9781959,"[35.16951022, 128.9781959]","[35.16951022, 128.9781959]"
2235,35.18248942,128.9794997,"[35.18248942, 128.9794997]","[35.18248942, 128.9794997]"
2236,35.18429944,128.9958956,"[35.18429944, 128.9958956]","[35.18429944, 128.9958956]"
2237,35.18441208,128.9957733,"[35.18441208, 128.9957733]","[35.18441208, 128.9957733]"
2238,35.18446208,128.9959923,"[35.18446208, 128.9959923]","[35.18446208, 128.9959923]"
2239,35.18462713,129.0016362,"[35.18462713, 129.0016362]","[35.18462713, 129.0016362]"
2240,35.19308638,128.9858383,"[35.19308638, 128.9858383]","[35.19308638, 128.9858383]"
2241,35.14757367,128.985087,"[35.14757367, 128.985087]","[35.14757367, 128.985087]"
2242,35.19501489,128.9938566,"[35.19501489, 128.9938566]","[35.19501489, 128.9938566]"
2243,35.15467836,128.990678,"[35.15467836, 128.990678]","[35.15467836, 128.990678]"
2244,35.15425852,128.9968722,"[35.15425852, 128.9968722]","[35.15425852, 128.9968722]"
2245,35.17167879,128.9881855,"[35.17167879, 128.9881855]","[35.17167879, 128.9881855]"
2246,35.17344593,128.9884722,"[35.17344593, 128.9884722]","[35.17344593, 128.9884722]"
2247,35.17364353,128.9882312,"[35.17364353, 128.9882312]","[35.17364353, 128.9882312]"
2248,35.12491566,128.9758435,"[35.12491566, 128.9758435]","[35.12491566, 128.9758435]"
2249,35.12553406,128.9765458,"[35.12553406, 128.9765458]","[35.12553406, 128.9765458]"
2250,35.15329787,129.0143614,"[35.15329787, 129.0143614]","[35.15329787, 129.0143614]"
2251,35.1422892,128.9699958,"[35.1422892, 128.9699958]","[35.1422892, 128.9699958]"
2252,35.15349245,128.9826494,"[35.15349245, 128.9826494]","[35.15349245, 128.9826494]"
2253,35.15463611,128.9829421,"[35.15463611, 128.9829421]","[35.15463611, 128.9829421]"
2254,35.14265928,128.9756138,"[35.14265928, 128.9756138]","[35.14265928, 128.9756138]"
2255,35.14352546,128.9732643,"[35.14352546, 128.9732643]","[35.14352546, 128.9732643]"
2256,35.18588472,128.9910229,"[35.18588472, 128.9910229]","[35.18588472, 128.9910229]"
2257,35.1734349,128.9860041,"[35.1734349, 128.9860041]","[35.1734349, 128.9860041]"
2258,35.17423753,128.9793816,"[35.17423753, 128.9793816]","[35.17423753, 128.9793816]"
2259,35.17421718,128.9798652,"[35.17421718, 128.9798652]","[35.17421718, 128.9798652]"
2260,35.16315159,128.9769954,"[35.16315159, 128.9769954]","[35.16315159, 128.9769954]"
2261,35.16295322,128.9784517,"[35.16295322, 128.9784517]","[35.16295322, 128.9784517]"
2262,35.16259455,128.9808655,"[35.16259455, 128.9808655]","[35.16259455, 128.9808655]"
2263,35.15898924,128.9839104,"[35.15898924, 128.9839104]","[35.15898924, 128.9839104]"
2264,35.15756016,128.9836663,"[35.15756016, 128.9836663]","[35.15756016, 128.9836663]"
2265,35.15790391,128.9837361,"[35.15790391, 128.9837361]","[35.15790391, 128.9837361]"
2266,35.12926169,128.9705473,"[35.12926169, 128.9705473]","[35.12926169, 128.9705473]"
2267,35.15229747,128.9900709,"[35.15229747, 128.9900709]","[35.15229747, 128.9900709]"
2268,35.14515859,128.9689546,"[35.14515859, 128.9689546]","[35.14515859, 128.9689546]"
2269,35.15794727,128.9742683,"[35.15794727, 128.9742683]","[35.15794727, 128.9742683]"
2270,35.15211215,128.9961366,"[35.15211215, 128.9961366]","[35.15211215, 128.9961366]"
2271,35.1661733,128.9826892,"[35.1661733, 128.9826892]","[35.1661733, 128.9826892]"
2272,35.17411797,128.9816632,"[35.17411797, 128.9816632]","[35.17411797, 128.9816632]"
2273,35.18583321,128.9943648,"[35.18583321, 128.9943648]","[35.18583321, 128.9943648]"
2274,35.18606854,128.9946466,"[35.18606854, 128.9946466]","[35.18606854, 128.9946466]"
2275,35.15829623,128.992902,"[35.15829623, 128.992902]","[35.15829623, 128.992902]"
2276,35.12747753,128.9645802,"[35.12747753, 128.9645802]","[35.12747753, 128.9645802]"
2277,35.12770039,128.9636197,"[35.12770039, 128.9636197]","[35.12770039, 128.9636197]"
2278,35.12756569,128.9632614,"[35.12756569, 128.9632614]","[35.12756569, 128.9632614]"
2279,35.13629359,128.974589,"[35.13629359, 128.974589]","[35.13629359, 128.974589]"
2280,35.13935583,128.9773555,"[35.13935583, 128.9773555]","[35.13935583, 128.9773555]"
2281,35.15161787,128.9769999,"[35.15161787, 128.9769999]","[35.15161787, 128.9769999]"
2282,35.15554413,128.9952443,"[35.15554413, 128.9952443]","[35.15554413, 128.9952443]"
2283,35.19372172,128.9901691,"[35.19372172, 128.9901691]","[35.19372172, 128.9901691]"
2284,35.19145878,128.9894899,"[35.19145878, 128.9894899]","[35.19145878, 128.9894899]"
2285,35.18825077,128.987958,"[35.18825077, 128.987958]","[35.18825077, 128.987958]"
2286,35.18865799,128.9881466,"[35.18865799, 128.9881466]","[35.18865799, 128.9881466]"
2287,35.18537786,128.9868126,"[35.18537786, 128.9868126]","[35.18537786, 128.9868126]"
2288,35.18092139,128.9857282,"[35.18092139, 128.9857282]","[35.18092139, 128.9857282]"
2289,35.18140221,128.9858433,"[35.18140221, 128.9858433]","[35.18140221, 128.9858433]"
2290,35.17750286,128.9848952,"[35.17750286, 128.9848952]","[35.17750286, 128.9848952]"
2291,35.17398546,128.9838873,"[35.17398546, 128.9838873]","[35.17398546, 128.9838873]"
2292,35.17383523,128.983997,"[35.17383523, 128.983997]","[35.17383523, 128.983997]"
2293,35.17395134,128.9841808,"[35.17395134, 128.9841808]","[35.17395134, 128.9841808]"
2294,35.17409415,128.9840555,"[35.17409415, 128.9840555]","[35.17409415, 128.9840555]"
2295,35.16944982,128.9824309,"[35.16944982, 128.9824309]","[35.16944982, 128.9824309]"
2296,35.16855989,128.9821743,"[35.16855989, 128.9821743]","[35.16855989, 128.9821743]"
2297,35.17218787,128.9833427,"[35.17218787, 128.9833427]","[35.17218787, 128.9833427]"
2298,35.17146769,128.9830579,"[35.17146769, 128.9830579]","[35.17146769, 128.9830579]"
2299,35.17055092,128.9827559,"[35.17055092, 128.9827559]","[35.17055092, 128.9827559]"
2300,35.16791316,128.9820511,"[35.16791316, 128.9820511]","[35.16791316, 128.9820511]"
2301,35.16719824,128.9821915,"[35.16719824, 128.9821915]","[35.16719824, 128.9821915]"
2302,35.1649063,128.9833309,"[35.1649063, 128.9833309]","[35.1649063, 128.9833309]"
2303,35.16386448,128.9838249,"[35.16386448, 128.9838249]","[35.16386448, 128.9838249]"
2304,35.16252996,128.9845301,"[35.16252996, 128.9845301]","[35.16252996, 128.9845301]"
2305,35.16217923,128.9842289,"[35.16217923, 128.9842289]","[35.16217923, 128.9842289]"
2306,35.16194517,128.9841181,"[35.16194517, 128.9841181]","[35.16194517, 128.9841181]"
2307,35.16172597,128.9843336,"[35.16172597, 128.9843336]","[35.16172597, 128.9843336]"
2308,35.16159705,128.9852662,"[35.16159705, 128.9852662]","[35.16159705, 128.9852662]"
2309,35.16215465,128.9849766,"[35.16215465, 128.9849766]","[35.16215465, 128.9849766]"
2310,35.16007038,128.9867224,"[35.16007038, 128.9867224]","[35.16007038, 128.9867224]"
2311,35.15921706,128.9875507,"[35.15921706, 128.9875507]","[35.15921706, 128.9875507]"
2312,35.15751132,128.9892049,"[35.15751132, 128.9892049]","[35.15751132, 128.9892049]"
2313,35.1561659,128.9905186,"[35.1561659, 128.9905186]","[35.1561659, 128.9905186]"
2314,35.15439548,128.992865,"[35.15439548, 128.992865]","[35.15439548, 128.992865]"
2315,35.15374191,128.9937947,"[35.15374191, 128.9937947]","[35.15374191, 128.9937947]"
2316,35.15126412,128.9979528,"[35.15126412, 128.9979528]","[35.15126412, 128.9979528]"
2317,35.12462397,128.9665514,"[35.12462397, 128.9665514]","[35.12462397, 128.9665514]"
2318,35.14114644,128.9889083,"[35.14114644, 128.9889083]","[35.14114644, 128.9889083]"
2319,35.18693056,128.9778053,"[35.18693056, 128.9778053]","[35.18693056, 128.9778053]"
2320,35.19271073,128.9926782,"[35.19271073, 128.9926782]","[35.19271073, 128.9926782]"
2321,35.18712182,128.9907852,"[35.18712182, 128.9907852]","[35.18712182, 128.9907852]"
2322,35.18847868,128.9910164,"[35.18847868, 128.9910164]","[35.18847868, 128.9910164]"
2323,35.18245236,128.9887846,"[35.18245236, 128.9887846]","[35.18245236, 128.9887846]"
2324,35.1818561,128.9885328,"[35.1818561, 128.9885328]","[35.1818561, 128.9885328]"
2325,35.18234883,128.988576,"[35.18234883, 128.988576]","[35.18234883, 128.988576]"
2326,35.17879183,128.9885305,"[35.17879183, 128.9885305]","[35.17879183, 128.9885305]"
2327,35.17659109,128.988476,"[35.17659109, 128.988476]","[35.17659109, 128.988476]"
2328,35.16984082,128.9884694,"[35.16984082, 128.9884694]","[35.16984082, 128.9884694]"
2329,35.16646966,128.9889236,"[35.16646966, 128.9889236]","[35.16646966, 128.9889236]"
2330,35.15269275,129.0037141,"[35.15269275, 129.0037141]","[35.15269275, 129.0037141]"
2331,35.1524783,129.0052764,"[35.1524783, 129.0052764]","[35.1524783, 129.0052764]"
2332,35.15391818,129.0164394,"[35.15391818, 129.0164394]","[35.15391818, 129.0164394]"
2333,35.15447816,129.0185394,"[35.15447816, 129.0185394]","[35.15447816, 129.0185394]"
2334,35.19521606,128.9857391,"[35.19521606, 128.9857391]","[35.19521606, 128.9857391]"
2335,35.19301798,128.9829865,"[35.19301798, 128.9829865]","[35.19301798, 128.9829865]"
2336,35.19040425,128.9804593,"[35.19040425, 128.9804593]","[35.19040425, 128.9804593]"
2337,35.18332115,128.976295,"[35.18332115, 128.976295]","[35.18332115, 128.976295]"
2338,35.1771333,128.9763215,"[35.1771333, 128.9763215]","[35.1771333, 128.9763215]"
2339,35.17461055,128.9765915,"[35.17461055, 128.9765915]","[35.17461055, 128.9765915]"
2340,35.17439518,128.9768062,"[35.17439518, 128.9768062]","[35.17439518, 128.9768062]"
2341,35.1682831,128.9767495,"[35.1682831, 128.9767495]","[35.1682831, 128.9767495]"
2342,35.1697169,128.9768268,"[35.1697169, 128.9768268]","[35.1697169, 128.9768268]"
2343,35.16355017,128.9759485,"[35.16355017, 128.9759485]","[35.16355017, 128.9759485]"
2344,35.16358881,128.9757289,"[35.16358881, 128.9757289]","[35.16358881, 128.9757289]"
2345,35.1538618,128.9730206,"[35.1538618, 128.9730206]","[35.1538618, 128.9730206]"
2346,35.15112738,128.9720922,"[35.15112738, 128.9720922]","[35.15112738, 128.9720922]"
2347,35.14866817,128.9711662,"[35.14866817, 128.9711662]","[35.14866817, 128.9711662]"
2348,35.14450074,128.9695796,"[35.14450074, 128.9695796]","[35.14450074, 128.9695796]"
2349,35.14474372,128.9697717,"[35.14474372, 128.9697717]","[35.14474372, 128.9697717]"
2350,35.14540694,128.9697194,"[35.14540694, 128.9697194]","[35.14540694, 128.9697194]"
2351,35.14120449,128.9702187,"[35.14120449, 128.9702187]","[35.14120449, 128.9702187]"
2352,35.13947525,128.9705187,"[35.13947525, 128.9705187]","[35.13947525, 128.9705187]"
2353,35.13734316,128.970922,"[35.13734316, 128.970922]","[35.13734316, 128.970922]"
2354,35.13379918,128.9715875,"[35.13379918, 128.9715875]","[35.13379918, 128.9715875]"
2355,35.13092164,128.9718782,"[35.13092164, 128.9718782]","[35.13092164, 128.9718782]"
2356,35.13133993,128.9720297,"[35.13133993, 128.9720297]","[35.13133993, 128.9720297]"
2357,35.12660324,128.9684355,"[35.12660324, 128.9684355]","[35.12660324, 128.9684355]"
2358,35.12689853,128.9684451,"[35.12689853, 128.9684451]","[35.12689853, 128.9684451]"
2359,35.12642281,128.9684906,"[35.12642281, 128.9684906]","[35.12642281, 128.9684906]"
2360,35.1507858,128.9818368,"[35.1507858, 128.9818368]","[35.1507858, 128.9818368]"
2361,35.15095731,128.982,"[35.15095731, 128.982]","[35.15095731, 128.982]"
2362,35.1507366,128.9820769,"[35.1507366, 128.9820769]","[35.1507366, 128.9820769]"
2363,35.15226709,128.982336,"[35.15226709, 128.982336]","[35.15226709, 128.982336]"
2364,35.14852052,128.9995541,"[35.14852052, 128.9995541]","[35.14852052, 128.9995541]"
2365,35.14837442,128.9998011,"[35.14837442, 128.9998011]","[35.14837442, 128.9998011]"
2366,35.14851528,128.9998827,"[35.14851528, 128.9998827]","[35.14851528, 128.9998827]"
2367,35.14132611,128.9792368,"[35.14132611, 128.9792368]","[35.14132611, 128.9792368]"
2368,35.14105231,128.9791443,"[35.14105231, 128.9791443]","[35.14105231, 128.9791443]"
2369,35.14131579,128.9798598,"[35.14131579, 128.9798598]","[35.14131579, 128.9798598]"
2370,35.14144594,128.9796413,"[35.14144594, 128.9796413]","[35.14144594, 128.9796413]"
2371,35.14225709,128.9836585,"[35.14225709, 128.9836585]","[35.14225709, 128.9836585]"
2372,35.14214528,128.9838179,"[35.14214528, 128.9838179]","[35.14214528, 128.9838179]"
2373,35.14231701,128.9839518,"[35.14231701, 128.9839518]","[35.14231701, 128.9839518]"
2374,35.14569478,128.9929341,"[35.14569478, 128.9929341]","[35.14569478, 128.9929341]"
2375,35.14635636,128.9944413,"[35.14635636, 128.9944413]","[35.14635636, 128.9944413]"
2376,35.14692326,128.9887379,"[35.14692326, 128.9887379]","[35.14692326, 128.9887379]"
2377,35.1431409,128.9873613,"[35.1431409, 128.9873613]","[35.1431409, 128.9873613]"
2378,35.14363443,128.9883443,"[35.14363443, 128.9883443]","[35.14363443, 128.9883443]"
2379,35.15014653,128.9855568,"[35.15014653, 128.9855568]","[35.15014653, 128.9855568]"
2380,35.15009278,128.9858621,"[35.15009278, 128.9858621]","[35.15009278, 128.9858621]"
2381,35.14954705,128.9892429,"[35.14954705, 128.9892429]","[35.14954705, 128.9892429]"
2382,35.1493453,128.9893696,"[35.1493453, 128.9893696]","[35.1493453, 128.9893696]"
2383,35.14953002,128.9895794,"[35.14953002, 128.9895794]","[35.14953002, 128.9895794]"
2384,35.14972886,128.9894514,"[35.14972886, 128.9894514]","[35.14972886, 128.9894514]"
2385,35.14990245,128.9958265,"[35.14990245, 128.9958265]","[35.14990245, 128.9958265]"
2386,35.15055998,128.9995437,"[35.15055998, 128.9995437]","[35.15055998, 128.9995437]"
2387,35.15003434,129.0001172,"[35.15003434, 129.0001172]","[35.15003434, 129.0001172]"
2388,35.15025436,129.0002568,"[35.15025436, 129.0002568]","[35.15025436, 129.0002568]"
2389,35.15053662,129.0002471,"[35.15053662, 129.0002471]","[35.15053662, 129.0002471]"
2390,35.1543692,129.1196982,"[35.1543692, 129.1196982]","[35.1543692, 129.1196982]"
2391,35.17022772,129.1208421,"[35.17022772, 129.1208421]","[35.17022772, 129.1208421]"
2392,35.17002355,129.1033122,"[35.17002355, 129.1033122]","[35.17002355, 129.1033122]"
2393,35.17147207,129.1205822,"[35.17147207, 129.1205822]","[35.17147207, 129.1205822]"
2394,35.1715425,129.120416,"[35.1715425, 129.120416]","[35.1715425, 129.120416]"
2395,35.15404253,129.1174109,"[35.15404253, 129.1174109]","[35.15404253, 129.1174109]"
2396,35.15974781,129.1270304,"[35.15974781, 129.1270304]","[35.15974781, 129.1270304]"
2397,35.15934103,129.1257158,"[35.15934103, 129.1257158]","[35.15934103, 129.1257158]"
2398,35.16015088,129.1294319,"[35.16015088, 129.1294319]","[35.16015088, 129.1294319]"
2399,35.13930118,129.1147807,"[35.13930118, 129.1147807]","[35.13930118, 129.1147807]"
2400,35.15408229,129.1192335,"[35.15408229, 129.1192335]","[35.15408229, 129.1192335]"
2401,35.15437886,129.1193221,"[35.15437886, 129.1193221]","[35.15437886, 129.1193221]"
2402,35.16096668,129.1201443,"[35.16096668, 129.1201443]","[35.16096668, 129.1201443]"
2403,35.13715062,129.1124904,"[35.13715062, 129.1124904]","[35.13715062, 129.1124904]"
2404,35.16108663,129.1202146,"[35.16108663, 129.1202146]","[35.16108663, 129.1202146]"
2405,35.15521449,129.1172209,"[35.15521449, 129.1172209]","[35.15521449, 129.1172209]"
2406,35.17174313,129.1206169,"[35.17174313, 129.1206169]","[35.17174313, 129.1206169]"
2407,35.16950618,129.1226768,"[35.16950618, 129.1226768]","[35.16950618, 129.1226768]"
2408,35.16109316,129.1198613,"[35.16109316, 129.1198613]","[35.16109316, 129.1198613]"
2409,35.15481197,129.1179965,"[35.15481197, 129.1179965]","[35.15481197, 129.1179965]"
2410,35.16128169,129.1200331,"[35.16128169, 129.1200331]","[35.16128169, 129.1200331]"
2411,35.15576809,129.123678,"[35.15576809, 129.123678]","[35.15576809, 129.123678]"
2412,35.15591372,129.12423,"[35.15591372, 129.12423]","[35.15591372, 129.12423]"
2413,35.17779309,129.1130298,"[35.17779309, 129.1130298]","[35.17779309, 129.1130298]"
2414,35.17367691,129.1147554,"[35.17367691, 129.1147554]","[35.17367691, 129.1147554]"
2415,35.17388376,129.1136394,"[35.17388376, 129.1136394]","[35.17388376, 129.1136394]"
2416,35.14592776,129.1110439,"[35.14592776, 129.1110439]","[35.14592776, 129.1110439]"
2417,35.15640569,129.125653,"[35.15640569, 129.125653]","[35.15640569, 129.125653]"
2418,35.15634923,129.1258185,"[35.15634923, 129.1258185]","[35.15634923, 129.1258185]"
2419,35.15656437,129.1257512,"[35.15656437, 129.1257512]","[35.15656437, 129.1257512]"
2420,35.15654134,129.1258951,"[35.15654134, 129.1258951]","[35.15654134, 129.1258951]"
2421,35.15508938,129.1182077,"[35.15508938, 129.1182077]","[35.15508938, 129.1182077]"
2422,35.15855872,129.1208643,"[35.15855872, 129.1208643]","[35.15855872, 129.1208643]"
2423,35.13965158,129.1149662,"[35.13965158, 129.1149662]","[35.13965158, 129.1149662]"
2424,35.15632938,129.1151361,"[35.15632938, 129.1151361]","[35.15632938, 129.1151361]"
2425,35.1566767,129.1194255,"[35.1566767, 129.1194255]","[35.1566767, 129.1194255]"
2426,35.1619434,129.1198012,"[35.1619434, 129.1198012]","[35.1619434, 129.1198012]"
2427,35.16629556,129.1182764,"[35.16629556, 129.1182764]","[35.16629556, 129.1182764]"
2428,35.14102823,129.1149906,"[35.14102823, 129.1149906]","[35.14102823, 129.1149906]"
2429,35.15560543,129.1235671,"[35.15560543, 129.1235671]","[35.15560543, 129.1235671]"
2430,35.15582964,129.124378,"[35.15582964, 129.124378]","[35.15582964, 129.124378]"
2431,35.15709911,129.1280583,"[35.15709911, 129.1280583]","[35.15709911, 129.1280583]"
2432,35.15705516,129.1275226,"[35.15705516, 129.1275226]","[35.15705516, 129.1275226]"
2433,35.15696375,129.1273403,"[35.15696375, 129.1273403]","[35.15696375, 129.1273403]"
2434,35.15839331,129.1319556,"[35.15839331, 129.1319556]","[35.15839331, 129.1319556]"
2435,35.15841789,129.1322615,"[35.15841789, 129.1322615]","[35.15841789, 129.1322615]"
2436,35.15669304,129.1335752,"[35.15669304, 129.1335752]","[35.15669304, 129.1335752]"
2437,35.16384523,129.1191244,"[35.16384523, 129.1191244]","[35.16384523, 129.1191244]"
2438,35.16495075,129.1187423,"[35.16495075, 129.1187423]","[35.16495075, 129.1187423]"
2439,35.15609036,129.1320487,"[35.15609036, 129.1320487]","[35.15609036, 129.1320487]"
2440,35.16823556,129.1200076,"[35.16823556, 129.1200076]","[35.16823556, 129.1200076]"
2441,35.17188425,129.1191274,"[35.17188425, 129.1191274]","[35.17188425, 129.1191274]"
2442,35.17008999,129.1029573,"[35.17008999, 129.1029573]","[35.17008999, 129.1029573]"
2443,35.169719,129.119769,"[35.169719, 129.119769]","[35.169719, 129.119769]"
2444,35.17950814,129.1153996,"[35.17950814, 129.1153996]","[35.17950814, 129.1153996]"
2445,35.17958904,129.1156323,"[35.17958904, 129.1156323]","[35.17958904, 129.1156323]"
2446,35.15028857,129.1112619,"[35.15028857, 129.1112619]","[35.15028857, 129.1112619]"
2447,35.17941515,129.1155677,"[35.17941515, 129.1155677]","[35.17941515, 129.1155677]"
2448,35.14577326,129.1111005,"[35.14577326, 129.1111005]","[35.14577326, 129.1111005]"
2449,35.14576476,129.1113181,"[35.14576476, 129.1113181]","[35.14576476, 129.1113181]"
2450,35.14593491,129.1112283,"[35.14593491, 129.1112283]","[35.14593491, 129.1112283]"
2451,35.14693343,129.1119802,"[35.14693343, 129.1119802]","[35.14693343, 129.1119802]"
2452,35.14879949,129.1134065,"[35.14879949, 129.1134065]","[35.14879949, 129.1134065]"
2453,35.14897868,129.1133928,"[35.14897868, 129.1133928]","[35.14897868, 129.1133928]"
2454,35.1488488,129.1135663,"[35.1488488, 129.1135663]","[35.1488488, 129.1135663]"
2455,35.14899947,129.1135604,"[35.14899947, 129.1135604]","[35.14899947, 129.1135604]"
2456,35.15040107,129.1146273,"[35.15040107, 129.1146273]","[35.15040107, 129.1146273]"
2457,35.15313392,129.1167133,"[35.15313392, 129.1167133]","[35.15313392, 129.1167133]"
2458,35.15244283,129.116192,"[35.15244283, 129.116192]","[35.15244283, 129.116192]"
2459,35.15132944,129.1153429,"[35.15132944, 129.1153429]","[35.15132944, 129.1153429]"
2460,35.15500018,129.1179482,"[35.15500018, 129.1179482]","[35.15500018, 129.1179482]"
2461,35.15490325,129.1182703,"[35.15490325, 129.1182703]","[35.15490325, 129.1182703]"
2462,35.15883901,129.1208918,"[35.15883901, 129.1208918]","[35.15883901, 129.1208918]"
2463,35.15867591,129.1211224,"[35.15867591, 129.1211224]","[35.15867591, 129.1211224]"
2464,35.15888421,129.1232559,"[35.15888421, 129.1232559]","[35.15888421, 129.1232559]"
2465,35.15915523,129.1251094,"[35.15915523, 129.1251094]","[35.15915523, 129.1251094]"
2466,35.15545255,129.1162809,"[35.15545255, 129.1162809]","[35.15545255, 129.1162809]"
2467,35.17961265,129.1154418,"[35.17961265, 129.1154418]","[35.17961265, 129.1154418]"
2468,35.14847218,129.1146814,"[35.14847218, 129.1146814]","[35.14847218, 129.1146814]"
2469,35.14701191,129.1143243,"[35.14701191, 129.1143243]","[35.14701191, 129.1143243]"
2470,35.14583009,129.114774,"[35.14583009, 129.114774]","[35.14583009, 129.114774]"
2471,35.1459883,129.1148271,"[35.1459883, 129.1148271]","[35.1459883, 129.1148271]"
2472,35.14505072,129.1150589,"[35.14505072, 129.1150589]","[35.14505072, 129.1150589]"
2473,35.14309634,129.1148813,"[35.14309634, 129.1148813]","[35.14309634, 129.1148813]"
2474,35.14299781,129.1150325,"[35.14299781, 129.1150325]","[35.14299781, 129.1150325]"
2475,35.14318462,129.1150454,"[35.14318462, 129.1150454]","[35.14318462, 129.1150454]"
2476,35.14410934,129.1150656,"[35.14410934, 129.1150656]","[35.14410934, 129.1150656]"
2477,35.15561754,129.1229904,"[35.15561754, 129.1229904]","[35.15561754, 129.1229904]"
2478,35.15270476,129.1177606,"[35.15270476, 129.1177606]","[35.15270476, 129.1177606]"
2479,35.17396643,129.1081053,"[35.17396643, 129.1081053]","[35.17396643, 129.1081053]"
2480,35.1693983,129.1228738,"[35.1693983, 129.1228738]","[35.1693983, 129.1228738]"
2481,35.17939942,129.1170457,"[35.17939942, 129.1170457]","[35.17939942, 129.1170457]"
2482,35.17473903,129.1190909,"[35.17473903, 129.1190909]","[35.17473903, 129.1190909]"
2483,35.17428502,129.119959,"[35.17428502, 129.119959]","[35.17428502, 129.119959]"
2484,35.17268649,129.1037134,"[35.17268649, 129.1037134]","[35.17268649, 129.1037134]"
2485,35.18259361,129.1153083,"[35.18259361, 129.1153083]","[35.18259361, 129.1153083]"
2486,35.17042175,129.1106831,"[35.17042175, 129.1106831]","[35.17042175, 129.1106831]"
2487,35.17682886,129.1179138,"[35.17682886, 129.1179138]","[35.17682886, 129.1179138]"
2488,35.18153125,129.1157602,"[35.18153125, 129.1157602]","[35.18153125, 129.1157602]"
2489,35.1731263,129.1085511,"[35.1731263, 129.1085511]","[35.1731263, 129.1085511]"
2490,35.16840217,129.1196606,"[35.16840217, 129.1196606]","[35.16840217, 129.1196606]"
2491,35.17225852,129.1055169,"[35.17225852, 129.1055169]","[35.17225852, 129.1055169]"
2492,35.17197248,129.1091507,"[35.17197248, 129.1091507]","[35.17197248, 129.1091507]"
2493,35.17526207,129.1075001,"[35.17526207, 129.1075001]","[35.17526207, 129.1075001]"
2494,35.17476296,129.1076725,"[35.17476296, 129.1076725]","[35.17476296, 129.1076725]"
2495,35.17314068,129.0997033,"[35.17314068, 129.0997033]","[35.17314068, 129.0997033]"
2496,35.17311984,129.1010169,"[35.17311984, 129.1010169]","[35.17311984, 129.1010169]"
2497,35.17317387,129.0981899,"[35.17317387, 129.0981899]","[35.17317387, 129.0981899]"
2498,35.16932113,129.1122865,"[35.16932113, 129.1122865]","[35.16932113, 129.1122865]"
2499,35.16572854,129.1250991,"[35.16572854, 129.1250991]","[35.16572854, 129.1250991]"
2500,35.16553837,129.1250289,"[35.16553837, 129.1250289]","[35.16553837, 129.1250289]"
2501,35.16474505,129.1146044,"[35.16474505, 129.1146044]","[35.16474505, 129.1146044]"
2502,35.14745971,129.110317,"[35.14745971, 129.110317]","[35.14745971, 129.110317]"
2503,35.16785874,129.1167147,"[35.16785874, 129.1167147]","[35.16785874, 129.1167147]"
2504,35.13631675,129.1109955,"[35.13631675, 129.1109955]","[35.13631675, 129.1109955]"
2505,35.13587449,129.1104911,"[35.13587449, 129.1104911]","[35.13587449, 129.1104911]"
2506,35.13571665,129.1109695,"[35.13571665, 129.1109695]","[35.13571665, 129.1109695]"
2507,35.13551146,129.1112746,"[35.13551146, 129.1112746]","[35.13551146, 129.1112746]"
2508,35.13550672,129.1116019,"[35.13550672, 129.1116019]","[35.13550672, 129.1116019]"
2509,35.13573333,129.112007,"[35.13573333, 129.112007]","[35.13573333, 129.112007]"
2510,35.15948694,129.1134904,"[35.15948694, 129.1134904]","[35.15948694, 129.1134904]"
2511,35.16804507,129.1141519,"[35.16804507, 129.1141519]","[35.16804507, 129.1141519]"
2512,35.16179204,129.1139798,"[35.16179204, 129.1139798]","[35.16179204, 129.1139798]"
2513,35.16206722,129.1140357,"[35.16206722, 129.1140357]","[35.16206722, 129.1140357]"
2514,35.15468189,129.1123739,"[35.15468189, 129.1123739]","[35.15468189, 129.1123739]"
2515,35.15619252,129.1127836,"[35.15619252, 129.1127836]","[35.15619252, 129.1127836]"
2516,35.15141765,129.111418,"[35.15141765, 129.111418]","[35.15141765, 129.111418]"
2517,35.15248878,129.1117361,"[35.15248878, 129.1117361]","[35.15248878, 129.1117361]"
2518,35.14413985,129.1093889,"[35.14413985, 129.1093889]","[35.14413985, 129.1093889]"
2519,35.19183224,129.0865873,"[35.19183224, 129.0865873]","[35.19183224, 129.0865873]"
2520,35.19188233,129.0850679,"[35.19188233, 129.0850679]","[35.19188233, 129.0850679]"
2521,35.19216668,129.0835289,"[35.19216668, 129.0835289]","[35.19216668, 129.0835289]"
2522,35.19229778,129.0836053,"[35.19229778, 129.0836053]","[35.19229778, 129.0836053]"
2523,35.1906161,129.0731753,"[35.1906161, 129.0731753]","[35.1906161, 129.0731753]"
2524,35.19080074,129.0732074,"[35.19080074, 129.0732074]","[35.19080074, 129.0732074]"
2525,35.19243198,129.0749072,"[35.19243198, 129.0749072]","[35.19243198, 129.0749072]"
2526,35.19242117,129.0753113,"[35.19242117, 129.0753113]","[35.19242117, 129.0753113]"
2527,35.19277533,129.074859,"[35.19277533, 129.074859]","[35.19277533, 129.074859]"
2528,35.18946204,129.0784806,"[35.18946204, 129.0784806]","[35.18946204, 129.0784806]"
2529,35.17939315,129.064104,"[35.17939315, 129.064104]","[35.17939315, 129.064104]"
2530,35.17965593,129.0643337,"[35.17965593, 129.0643337]","[35.17965593, 129.0643337]"
2531,35.17982116,129.0641507,"[35.17982116, 129.0641507]","[35.17982116, 129.0641507]"
2532,35.17346347,129.0829555,"[35.17346347, 129.0829555]","[35.17346347, 129.0829555]"
2533,35.17342623,129.0831211,"[35.17342623, 129.0831211]","[35.17342623, 129.0831211]"
2534,35.1735931,129.0829619,"[35.1735931, 129.0829619]","[35.1735931, 129.0829619]"
2535,35.17356889,129.0831288,"[35.17356889, 129.0831288]","[35.17356889, 129.0831288]"
2536,35.17481007,129.0840659,"[35.17481007, 129.0840659]","[35.17481007, 129.0840659]"
2537,35.19054399,129.0903033,"[35.19054399, 129.0903033]","[35.19054399, 129.0903033]"
2538,35.18267824,129.087249,"[35.18267824, 129.087249]","[35.18267824, 129.087249]"
2539,35.18905591,129.0874223,"[35.18905591, 129.0874223]","[35.18905591, 129.0874223]"
2540,35.18930465,129.0875657,"[35.18930465, 129.0875657]","[35.18930465, 129.0875657]"
2541,35.18974972,129.0885565,"[35.18974972, 129.0885565]","[35.18974972, 129.0885565]"
2542,35.18961857,129.0884449,"[35.18961857, 129.0884449]","[35.18961857, 129.0884449]"
2543,35.18075201,129.072461,"[35.18075201, 129.072461]","[35.18075201, 129.072461]"
2544,35.18072506,129.072267,"[35.18072506, 129.072267]","[35.18072506, 129.072267]"
2545,35.17633691,129.085728,"[35.17633691, 129.085728]","[35.17633691, 129.085728]"
2546,35.17403276,129.0922231,"[35.17403276, 129.0922231]","[35.17403276, 129.0922231]"
2547,35.17380351,129.0921761,"[35.17380351, 129.0921761]","[35.17380351, 129.0921761]"
2548,35.19206996,129.0836576,"[35.19206996, 129.0836576]","[35.19206996, 129.0836576]"
2549,35.19309818,129.0672205,"[35.19309818, 129.0672205]","[35.19309818, 129.0672205]"
2550,35.18580057,129.0758806,"[35.18580057, 129.0758806]","[35.18580057, 129.0758806]"
2551,35.18444431,129.0749086,"[35.18444431, 129.0749086]","[35.18444431, 129.0749086]"
2552,35.1823213,129.0652017,"[35.1823213, 129.0652017]","[35.1823213, 129.0652017]"
2553,35.17803213,129.0893114,"[35.17803213, 129.0893114]","[35.17803213, 129.0893114]"
2554,35.18440252,129.1112326,"[35.18440252, 129.1112326]","[35.18440252, 129.1112326]"
2555,35.19175602,129.0887544,"[35.19175602, 129.0887544]","[35.19175602, 129.0887544]"
2556,35.18779293,129.0772929,"[35.18779293, 129.0772929]","[35.18779293, 129.0772929]"
2557,35.17918094,129.0735916,"[35.17918094, 129.0735916]","[35.17918094, 129.0735916]"
2558,35.19027769,129.0868815,"[35.19027769, 129.0868815]","[35.19027769, 129.0868815]"
2559,35.19040907,129.0874212,"[35.19040907, 129.0874212]","[35.19040907, 129.0874212]"
2560,35.18757256,129.1014093,"[35.18757256, 129.1014093]","[35.18757256, 129.1014093]"
2561,35.1876754,129.1045322,"[35.1876754, 129.1045322]","[35.1876754, 129.1045322]"
2562,35.1803583,129.1072545,"[35.1803583, 129.1072545]","[35.1803583, 129.1072545]"
2563,35.18160193,129.1072499,"[35.18160193, 129.1072499]","[35.18160193, 129.1072499]"
2564,35.18426237,129.0747444,"[35.18426237, 129.0747444]","[35.18426237, 129.0747444]"
2565,35.17980227,129.0883669,"[35.17980227, 129.0883669]","[35.17980227, 129.0883669]"
2566,35.17837746,129.0825915,"[35.17837746, 129.0825915]","[35.17837746, 129.0825915]"
2567,35.17822693,129.0826138,"[35.17822693, 129.0826138]","[35.17822693, 129.0826138]"
2568,35.17714019,129.0833213,"[35.17714019, 129.0833213]","[35.17714019, 129.0833213]"
2569,35.18527923,129.1040773,"[35.18527923, 129.1040773]","[35.18527923, 129.1040773]"
2570,35.18429489,129.1023585,"[35.18429489, 129.1023585]","[35.18429489, 129.1023585]"
2571,35.19155448,129.0800518,"[35.19155448, 129.0800518]","[35.19155448, 129.0800518]"
2572,35.19163772,129.0804355,"[35.19163772, 129.0804355]","[35.19163772, 129.0804355]"
2573,35.18543264,129.1025929,"[35.18543264, 129.1025929]","[35.18543264, 129.1025929]"
2574,35.18577757,129.0959286,"[35.18577757, 129.0959286]","[35.18577757, 129.0959286]"
2575,35.18560525,129.0961627,"[35.18560525, 129.0961627]","[35.18560525, 129.0961627]"
2576,35.18456555,129.1058022,"[35.18456555, 129.1058022]","[35.18456555, 129.1058022]"
2577,35.17618873,129.0783427,"[35.17618873, 129.0783427]","[35.17618873, 129.0783427]"
2578,35.19051308,129.0772761,"[35.19051308, 129.0772761]","[35.19051308, 129.0772761]"
2579,35.18436998,129.1024649,"[35.18436998, 129.1024649]","[35.18436998, 129.1024649]"
2580,35.19110655,129.0739198,"[35.19110655, 129.0739198]","[35.19110655, 129.0739198]"
2581,35.19165991,129.0741033,"[35.19165991, 129.0741033]","[35.19165991, 129.0741033]"
2582,35.19173687,129.0743418,"[35.19173687, 129.0743418]","[35.19173687, 129.0743418]"
2583,35.19408692,129.0720462,"[35.19408692, 129.0720462]","[35.19408692, 129.0720462]"
2584,35.19430093,129.0722439,"[35.19430093, 129.0722439]","[35.19430093, 129.0722439]"
2585,35.19394183,129.0731496,"[35.19394183, 129.0731496]","[35.19394183, 129.0731496]"
2586,35.17866832,129.0759729,"[35.17866832, 129.0759729]","[35.17866832, 129.0759729]"
2587,35.17780606,129.0765447,"[35.17780606, 129.0765447]","[35.17780606, 129.0765447]"
2588,35.17883941,129.0760783,"[35.17883941, 129.0760783]","[35.17883941, 129.0760783]"
2589,35.1772571,129.0769122,"[35.1772571, 129.0769122]","[35.1772571, 129.0769122]"
2590,35.1830993,129.1070131,"[35.1830993, 129.1070131]","[35.1830993, 129.1070131]"
2591,35.18576217,129.087265,"[35.18576217, 129.087265]","[35.18576217, 129.087265]"
2592,35.17685654,129.0895858,"[35.17685654, 129.0895858]","[35.17685654, 129.0895858]"
2593,35.18906878,129.0872251,"[35.18906878, 129.0872251]","[35.18906878, 129.0872251]"
2594,35.18944941,129.087407,"[35.18944941, 129.087407]","[35.18944941, 129.087407]"
2595,35.18056332,129.0723588,"[35.18056332, 129.0723588]","[35.18056332, 129.0723588]"
2596,35.18060344,129.072509,"[35.18060344, 129.072509]","[35.18060344, 129.072509]"
2597,35.18137255,129.0779093,"[35.18137255, 129.0779093]","[35.18137255, 129.0779093]"
2598,35.18770775,129.1007586,"[35.18770775, 129.1007586]","[35.18770775, 129.1007586]"
2599,35.18771631,129.1023545,"[35.18771631, 129.1023545]","[35.18771631, 129.1023545]"
2600,35.18778521,129.1044145,"[35.18778521, 129.1044145]","[35.18778521, 129.1044145]"
2601,35.17317471,129.1204552,"[35.17317471, 129.1204552]","[35.17317471, 129.1204552]"
2602,35.1720703,129.1212586,"[35.1720703, 129.1212586]","[35.1720703, 129.1212586]"
2603,35.18703173,129.0695827,"[35.18703173, 129.0695827]","[35.18703173, 129.0695827]"
2604,35.1960056,129.0809595,"[35.1960056, 129.0809595]","[35.1960056, 129.0809595]"
2605,35.18915238,129.0726094,"[35.18915238, 129.0726094]","[35.18915238, 129.0726094]"
2606,35.18807865,129.0733485,"[35.18807865, 129.0733485]","[35.18807865, 129.0733485]"
2607,35.18819266,129.0749195,"[35.18819266, 129.0749195]","[35.18819266, 129.0749195]"
2608,35.19277294,129.0670565,"[35.19277294, 129.0670565]","[35.19277294, 129.0670565]"
2609,35.1847853,129.0529312,"[35.1847853, 129.0529312]","[35.1847853, 129.0529312]"
2610,35.18746108,129.0564138,"[35.18746108, 129.0564138]","[35.18746108, 129.0564138]"
2611,35.18848548,129.0606021,"[35.18848548, 129.0606021]","[35.18848548, 129.0606021]"
2612,35.18946166,129.0624619,"[35.18946166, 129.0624619]","[35.18946166, 129.0624619]"
2613,35.19044128,129.0650664,"[35.19044128, 129.0650664]","[35.19044128, 129.0650664]"
2614,35.19074845,129.0651765,"[35.19074845, 129.0651765]","[35.19074845, 129.0651765]"
2615,35.19244543,129.0646227,"[35.19244543, 129.0646227]","[35.19244543, 129.0646227]"
2616,35.19197226,129.0647403,"[35.19197226, 129.0647403]","[35.19197226, 129.0647403]"
2617,35.18962986,129.0754892,"[35.18962986, 129.0754892]","[35.18962986, 129.0754892]"
2618,35.19059892,129.0770155,"[35.19059892, 129.0770155]","[35.19059892, 129.0770155]"
2619,35.19023281,129.0704012,"[35.19023281, 129.0704012]","[35.19023281, 129.0704012]"
2620,35.18790108,129.097657,"[35.18790108, 129.097657]","[35.18790108, 129.097657]"
2621,35.18678326,129.0825701,"[35.18678326, 129.0825701]","[35.18678326, 129.0825701]"
2622,35.18449701,129.1104969,"[35.18449701, 129.1104969]","[35.18449701, 129.1104969]"
2623,35.18448453,129.1113943,"[35.18448453, 129.1113943]","[35.18448453, 129.1113943]"
2624,35.18450045,129.1080149,"[35.18450045, 129.1080149]","[35.18450045, 129.1080149]"
2625,35.18449857,129.1090923,"[35.18449857, 129.1090923]","[35.18449857, 129.1090923]"
2626,35.18791248,129.1080281,"[35.18791248, 129.1080281]","[35.18791248, 129.1080281]"
2627,35.18438548,129.113432,"[35.18438548, 129.113432]","[35.18438548, 129.113432]"
2628,35.18426572,129.1137391,"[35.18426572, 129.1137391]","[35.18426572, 129.1137391]"
2629,35.18437716,129.1138692,"[35.18437716, 129.1138692]","[35.18437716, 129.1138692]"
2630,35.18571704,129.0846461,"[35.18571704, 129.0846461]","[35.18571704, 129.0846461]"
2631,35.18568026,129.0859527,"[35.18568026, 129.0859527]","[35.18568026, 129.0859527]"
2632,35.18568869,129.0857566,"[35.18568869, 129.0857566]","[35.18568869, 129.0857566]"
2633,35.18589872,129.0934129,"[35.18589872, 129.0934129]","[35.18589872, 129.0934129]"
2634,35.1858436,129.0944372,"[35.1858436, 129.0944372]","[35.1858436, 129.0944372]"
2635,35.18563464,129.0971999,"[35.18563464, 129.0971999]","[35.18563464, 129.0971999]"
2636,35.18560439,129.0979263,"[35.18560439, 129.0979263]","[35.18560439, 129.0979263]"
2637,35.18680208,129.0794968,"[35.18680208, 129.0794968]","[35.18680208, 129.0794968]"
2638,35.18468775,129.1057555,"[35.18468775, 129.1057555]","[35.18468775, 129.1057555]"
2639,35.18570683,129.0958064,"[35.18570683, 129.0958064]","[35.18570683, 129.0958064]"
2640,35.18568901,129.0963262,"[35.18568901, 129.0963262]","[35.18568901, 129.0963262]"
2641,35.18562411,129.1011762,"[35.18562411, 129.1011762]","[35.18562411, 129.1011762]"
2642,35.1918727,129.0801341,"[35.1918727, 129.0801341]","[35.1918727, 129.0801341]"
2643,35.18556336,129.1022828,"[35.18556336, 129.1022828]","[35.18556336, 129.1022828]"
2644,35.18545704,129.1038712,"[35.18545704, 129.1038712]","[35.18545704, 129.1038712]"
2645,35.18770169,129.0770133,"[35.18770169, 129.0770133]","[35.18770169, 129.0770133]"
2646,35.18758958,129.0773714,"[35.18758958, 129.0773714]","[35.18758958, 129.0773714]"
2647,35.18565106,129.0871081,"[35.18565106, 129.0871081]","[35.18565106, 129.0871081]"
2648,35.18564765,129.0873826,"[35.18564765, 129.0873826]","[35.18564765, 129.0873826]"
2649,35.18294165,129.1071294,"[35.18294165, 129.1071294]","[35.18294165, 129.1071294]"
2650,35.18963323,129.0716411,"[35.18963323, 129.0716411]","[35.18963323, 129.0716411]"
2651,35.19134659,129.0779942,"[35.19134659, 129.0779942]","[35.19134659, 129.0779942]"
2652,35.19262942,129.0787661,"[35.19262942, 129.0787661]","[35.19262942, 129.0787661]"
2653,35.19161152,129.0673984,"[35.19161152, 129.0673984]","[35.19161152, 129.0673984]"
2654,35.19027995,129.0676643,"[35.19027995, 129.0676643]","[35.19027995, 129.0676643]"
2655,35.19098965,129.0678249,"[35.19098965, 129.0678249]","[35.19098965, 129.0678249]"
2656,35.18123026,129.0838513,"[35.18123026, 129.0838513]","[35.18123026, 129.0838513]"
2657,35.18864716,129.0809739,"[35.18864716, 129.0809739]","[35.18864716, 129.0809739]"
2658,35.17556453,129.0787851,"[35.17556453, 129.0787851]","[35.17556453, 129.0787851]"
2659,35.17574671,129.0788589,"[35.17574671, 129.0788589]","[35.17574671, 129.0788589]"
2660,35.17490038,129.0843971,"[35.17490038, 129.0843971]","[35.17490038, 129.0843971]"
2661,35.17699321,129.067859,"[35.17699321, 129.067859]","[35.17699321, 129.067859]"
2662,35.18906082,129.068039,"[35.18906082, 129.068039]","[35.18906082, 129.068039]"
2663,35.18804373,129.0686095,"[35.18804373, 129.0686095]","[35.18804373, 129.0686095]"
2664,35.17756324,129.1072223,"[35.17756324, 129.1072223]","[35.17756324, 129.1072223]"
2665,35.17620506,129.1073824,"[35.17620506, 129.1073824]","[35.17620506, 129.1073824]"
2666,35.18051477,129.1071165,"[35.18051477, 129.1071165]","[35.18051477, 129.1071165]"
2667,35.18151258,129.1071216,"[35.18151258, 129.1071216]","[35.18151258, 129.1071216]"
2668,35.18452314,129.1069999,"[35.18452314, 129.1069999]","[35.18452314, 129.1069999]"
2669,35.18435198,129.1071381,"[35.18435198, 129.1071381]","[35.18435198, 129.1071381]"
2670,35.18462739,129.1071397,"[35.18462739, 129.1071397]","[35.18462739, 129.1071397]"
2671,35.18450625,129.1072693,"[35.18450625, 129.1072693]","[35.18450625, 129.1072693]"
2672,35.18618488,129.1071424,"[35.18618488, 129.1071424]","[35.18618488, 129.1071424]"
2673,35.18787106,129.1068685,"[35.18787106, 129.1068685]","[35.18787106, 129.1068685]"
2674,35.18762676,129.1071495,"[35.18762676, 129.1071495]","[35.18762676, 129.1071495]"
2675,35.18789997,129.107389,"[35.18789997, 129.107389]","[35.18789997, 129.107389]"
2676,35.18812358,129.1071579,"[35.18812358, 129.1071579]","[35.18812358, 129.1071579]"
2677,35.18842289,129.0956056,"[35.18842289, 129.0956056]","[35.18842289, 129.0956056]"
2678,35.18899185,129.0935548,"[35.18899185, 129.0935548]","[35.18899185, 129.0935548]"
2679,35.19070598,129.0903104,"[35.19070598, 129.0903104]","[35.19070598, 129.0903104]"
2680,35.18979307,129.091857,"[35.18979307, 129.091857]","[35.18979307, 129.091857]"
2681,35.19158053,129.0887351,"[35.19158053, 129.0887351]","[35.19158053, 129.0887351]"
2682,35.19200701,129.0894714,"[35.19200701, 129.0894714]","[35.19200701, 129.0894714]"
2683,35.19217346,129.0894691,"[35.19217346, 129.0894691]","[35.19217346, 129.0894691]"
2684,35.19004949,129.0867617,"[35.19004949, 129.0867617]","[35.19004949, 129.0867617]"
2685,35.18833037,129.0845595,"[35.18833037, 129.0845595]","[35.18833037, 129.0845595]"
2686,35.18929186,129.0857834,"[35.18929186, 129.0857834]","[35.18929186, 129.0857834]"
2687,35.18408995,129.0826735,"[35.18408995, 129.0826735]","[35.18408995, 129.0826735]"
2688,35.18266736,129.0832619,"[35.18266736, 129.0832619]","[35.18266736, 129.0832619]"
2689,35.17809601,129.0851639,"[35.17809601, 129.0851639]","[35.17809601, 129.0851639]"
2690,35.17646006,129.0858692,"[35.17646006, 129.0858692]","[35.17646006, 129.0858692]"
2691,35.17388382,129.09245,"[35.17388382, 129.09245]","[35.17388382, 129.09245]"
2692,35.17425641,129.089534,"[35.17425641, 129.089534]","[35.17425641, 129.089534]"
2693,35.17465783,129.0863261,"[35.17465783, 129.0863261]","[35.17465783, 129.0863261]"
2694,35.17480311,129.0865405,"[35.17480311, 129.0865405]","[35.17480311, 129.0865405]"
2695,35.17528471,129.0816482,"[35.17528471, 129.0816482]","[35.17528471, 129.0816482]"
2696,35.18579008,129.071529,"[35.18579008, 129.071529]","[35.18579008, 129.071529]"
2697,35.18545711,129.0821018,"[35.18545711, 129.0821018]","[35.18545711, 129.0821018]"
2698,35.18594739,129.0824137,"[35.18594739, 129.0824137]","[35.18594739, 129.0824137]"
2699,35.17826268,129.0754171,"[35.17826268, 129.0754171]","[35.17826268, 129.0754171]"
2700,35.18039465,129.069139,"[35.18039465, 129.069139]","[35.18039465, 129.069139]"
2701,35.19610666,129.0799412,"[35.19610666, 129.0799412]","[35.19610666, 129.0799412]"
2702,35.16876263,128.9354548,"[35.16876263, 128.9354548]","[35.16876263, 128.9354548]"
2703,35.08918701,128.881939,"[35.08918701, 128.881939]","[35.08918701, 128.881939]"
2704,35.08917979,128.8774661,"[35.08917979, 128.8774661]","[35.08917979, 128.8774661]"
2705,35.08867816,128.877467,"[35.08867816, 128.877467]","[35.08867816, 128.877467]"
2706,35.08823857,128.8994557,"[35.08823857, 128.8994557]","[35.08823857, 128.8994557]"
2707,35.09367866,128.849209,"[35.09367866, 128.849209]","[35.09367866, 128.849209]"
2708,35.09325129,128.849214,"[35.09325129, 128.849214]","[35.09325129, 128.849214]"
2709,35.08878276,128.8427414,"[35.08878276, 128.8427414]","[35.08878276, 128.8427414]"
2710,35.08920522,128.8427433,"[35.08920522, 128.8427433]","[35.08920522, 128.8427433]"
2711,35.08921376,128.8492212,"[35.08921376, 128.8492212]","[35.08921376, 128.8492212]"
2712,35.08869881,128.8492254,"[35.08869881, 128.8492254]","[35.08869881, 128.8492254]"
2713,35.08783968,128.8524338,"[35.08783968, 128.8524338]","[35.08783968, 128.8524338]"
2714,35.08783396,128.8527967,"[35.08783396, 128.8527967]","[35.08783396, 128.8527967]"
2715,35.08784347,128.859041,"[35.08784347, 128.859041]","[35.08784347, 128.859041]"
2716,35.08784197,128.8593706,"[35.08784197, 128.8593706]","[35.08784197, 128.8593706]"
2717,35.08923263,128.8620779,"[35.08923263, 128.8620779]","[35.08923263, 128.8620779]"
2718,35.08871656,128.8620789,"[35.08871656, 128.8620789]","[35.08871656, 128.8620789]"
2719,35.08155563,128.8730024,"[35.08155563, 128.8730024]","[35.08155563, 128.8730024]"
2720,35.09820449,128.8591852,"[35.09820449, 128.8591852]","[35.09820449, 128.8591852]"
2721,35.09819829,128.852606,"[35.09819829, 128.852606]","[35.09819829, 128.852606]"
2722,35.09819558,128.849207,"[35.09819558, 128.849207]","[35.09819558, 128.849207]"
2723,35.09818925,128.846025,"[35.09818925, 128.846025]","[35.09818925, 128.846025]"
2724,35.09819014,128.832729,"[35.09819014, 128.832729]","[35.09819014, 128.832729]"
2725,35.08579747,128.8427516,"[35.08579747, 128.8427516]","[35.08579747, 128.8427516]"
2726,35.0856621,128.8425874,"[35.0856621, 128.8425874]","[35.0856621, 128.8425874]"
2727,35.08452586,128.8524429,"[35.08452586, 128.8524429]","[35.08452586, 128.8524429]"
2728,35.08452263,128.8528087,"[35.08452263, 128.8528087]","[35.08452263, 128.8528087]"
2729,35.2152351,128.9581974,"[35.2152351, 128.9581974]","[35.2152351, 128.9581974]"
2730,35.08132401,128.8733282,"[35.08132401, 128.8733282]","[35.08132401, 128.8733282]"
2731,35.08872027,128.857117,"[35.08872027, 128.857117]","[35.08872027, 128.857117]"
2732,35.08921323,128.8570875,"[35.08921323, 128.8570875]","[35.08921323, 128.8570875]"
2733,35.09559308,128.8391474,"[35.09559308, 128.8391474]","[35.09559308, 128.8391474]"
2734,35.09559113,128.839763,"[35.09559113, 128.839763]","[35.09559113, 128.839763]"
2735,35.09818714,128.8427279,"[35.09818714, 128.8427279]","[35.09818714, 128.8427279]"
2736,35.09954469,128.8397373,"[35.09954469, 128.8397373]","[35.09954469, 128.8397373]"
2737,35.10502229,128.8428106,"[35.10502229, 128.8428106]","[35.10502229, 128.8428106]"
2738,35.20766102,128.9738926,"[35.20766102, 128.9738926]","[35.20766102, 128.9738926]"
2739,35.08333382,128.8817607,"[35.08333382, 128.8817607]","[35.08333382, 128.8817607]"
2740,35.19558047,128.9249617,"[35.19558047, 128.9249617]","[35.19558047, 128.9249617]"
2741,35.12538506,128.897875,"[35.12538506, 128.897875]","[35.12538506, 128.897875]"
2742,35.10387233,128.8395736,"[35.10387233, 128.8395736]","[35.10387233, 128.8395736]"
2743,35.08645314,128.9078193,"[35.08645314, 128.9078193]","[35.08645314, 128.9078193]"
2744,35.08920523,128.8970905,"[35.08920523, 128.8970905]","[35.08920523, 128.8970905]"
2745,35.08685732,128.8994544,"[35.08685732, 128.8994544]","[35.08685732, 128.8994544]"
2746,35.0866693,128.8996899,"[35.0866693, 128.8996899]","[35.0866693, 128.8996899]"
2747,35.08648139,128.8994548,"[35.08648139, 128.8994548]","[35.08648139, 128.8994548]"
2748,35.08432244,128.896321,"[35.08432244, 128.896321]","[35.08432244, 128.896321]"
2749,35.08433897,128.8971289,"[35.08433897, 128.8971289]","[35.08433897, 128.8971289]"
2750,35.08415349,128.9028056,"[35.08415349, 128.9028056]","[35.08415349, 128.9028056]"
2751,35.08432552,128.9009972,"[35.08432552, 128.9009972]","[35.08432552, 128.9009972]"
2752,35.08197856,128.8963106,"[35.08197856, 128.8963106]","[35.08197856, 128.8963106]"
2753,35.08197986,128.8992539,"[35.08197986, 128.8992539]","[35.08197986, 128.8992539]"
2754,35.08217089,128.899466,"[35.08217089, 128.899466]","[35.08217089, 128.899466]"
2755,35.08197894,128.8996944,"[35.08197894, 128.8996944]","[35.08197894, 128.8996944]"
2756,35.08181053,128.8994642,"[35.08181053, 128.8994642]","[35.08181053, 128.8994642]"
2757,35.08198236,128.9026211,"[35.08198236, 128.9026211]","[35.08198236, 128.9026211]"
2758,35.08198352,128.9016742,"[35.08198352, 128.9016742]","[35.08198352, 128.9016742]"
2759,35.07981263,128.8994679,"[35.07981263, 128.8994679]","[35.07981263, 128.8994679]"
2760,35.08415247,128.9077414,"[35.08415247, 128.9077414]","[35.08415247, 128.9077414]"
2761,35.08433383,128.9079621,"[35.08433383, 128.9079621]","[35.08433383, 128.9079621]"
2762,35.08433239,128.9075188,"[35.08433239, 128.9075188]","[35.08433239, 128.9075188]"
2763,35.08432572,128.8992296,"[35.08432572, 128.8992296]","[35.08432572, 128.8992296]"
2764,35.08451304,128.8994621,"[35.08451304, 128.8994621]","[35.08451304, 128.8994621]"
2765,35.0843261,128.8996928,"[35.0843261, 128.8996928]","[35.0843261, 128.8996928]"
2766,35.08439941,128.8997906,"[35.08439941, 128.8997906]","[35.08439941, 128.8997906]"
2767,35.08413537,128.899461,"[35.08413537, 128.899461]","[35.08413537, 128.899461]"
2768,35.08416158,128.9043991,"[35.08416158, 128.9043991]","[35.08416158, 128.9043991]"
2769,35.08217037,128.9077401,"[35.08217037, 128.9077401]","[35.08217037, 128.9077401]"
2770,35.08198805,128.9075211,"[35.08198805, 128.9075211]","[35.08198805, 128.9075211]"
2771,35.08198386,128.9038822,"[35.08198386, 128.9038822]","[35.08198386, 128.9038822]"
2772,35.08198482,128.9045764,"[35.08198482, 128.9045764]","[35.08198482, 128.9045764]"
2773,35.07961583,128.9017452,"[35.07961583, 128.9017452]","[35.07961583, 128.9017452]"
2774,35.08198876,128.9054871,"[35.08198876, 128.9054871]","[35.08198876, 128.9054871]"
2775,35.19333303,128.9034058,"[35.19333303, 128.9034058]","[35.19333303, 128.9034058]"
2776,35.19332419,128.903293,"[35.19332419, 128.903293]","[35.19332419, 128.903293]"
2777,35.0854616,128.8774706,"[35.0854616, 128.8774706]","[35.0854616, 128.8774706]"
2778,35.08590329,128.8774711,"[35.08590329, 128.8774711]","[35.08590329, 128.8774711]"
2779,35.08568257,128.8777413,"[35.08568257, 128.8777413]","[35.08568257, 128.8777413]"
2780,35.2144296,128.9787266,"[35.2144296, 128.9787266]","[35.2144296, 128.9787266]"
2781,35.09199359,128.922862,"[35.09199359, 128.922862]","[35.09199359, 128.922862]"
2782,35.09450543,128.9195124,"[35.09450543, 128.9195124]","[35.09450543, 128.9195124]"
2783,35.09398859,128.9196278,"[35.09398859, 128.9196278]","[35.09398859, 128.9196278]"
2784,35.09411644,128.9194586,"[35.09411644, 128.9194586]","[35.09411644, 128.9194586]"
2785,35.09323073,128.916927,"[35.09323073, 128.916927]","[35.09323073, 128.916927]"
2786,35.09339231,128.9168851,"[35.09339231, 128.9168851]","[35.09339231, 128.9168851]"
2787,35.09345401,128.9171324,"[35.09345401, 128.9171324]","[35.09345401, 128.9171324]"
2788,35.09359139,128.9168787,"[35.09359139, 128.9168787]","[35.09359139, 128.9168787]"
2790,35.09336508,128.9166608,"[35.09336508, 128.9166608]","[35.09336508, 128.9166608]"
2791,35.14429273,128.8761105,"[35.14429273, 128.8761105]","[35.14429273, 128.8761105]"
2792,35.14445728,128.8758891,"[35.14445728, 128.8758891]","[35.14445728, 128.8758891]"
2793,35.1443745,128.8755403,"[35.1443745, 128.8755403]","[35.1443745, 128.8755403]"
2794,35.14452814,128.8725532,"[35.14452814, 128.8725532]","[35.14452814, 128.8725532]"
2795,35.14467148,128.8724053,"[35.14467148, 128.8724053]","[35.14467148, 128.8724053]"
2796,35.14360741,128.8296314,"[35.14360741, 128.8296314]","[35.14360741, 128.8296314]"
2797,35.14353918,128.8294397,"[35.14353918, 128.8294397]","[35.14353918, 128.8294397]"
2798,35.08565404,128.8397786,"[35.08565404, 128.8397786]","[35.08565404, 128.8397786]"
2799,35.08565596,128.8391655,"[35.08565596, 128.8391655]","[35.08565596, 128.8391655]"
2800,35.03282134,128.8117566,"[35.03282134, 128.8117566]","[35.03282134, 128.8117566]"
2801,35.16730276,128.9546712,"[35.16730276, 128.9546712]","[35.16730276, 128.9546712]"
2802,35.16714745,128.9542137,"[35.16714745, 128.9542137]","[35.16714745, 128.9542137]"
2803,35.16702776,128.9545449,"[35.16702776, 128.9545449]","[35.16702776, 128.9545449]"
2804,35.16742406,128.9543417,"[35.16742406, 128.9543417]","[35.16742406, 128.9543417]"
2805,35.16520741,128.9555487,"[35.16520741, 128.9555487]","[35.16520741, 128.9555487]"
2806,35.16547467,128.9554212,"[35.16547467, 128.9554212]","[35.16547467, 128.9554212]"
2807,35.16527984,128.9552941,"[35.16527984, 128.9552941]","[35.16527984, 128.9552941]"
2808,35.16540283,128.9556732,"[35.16540283, 128.9556732]","[35.16540283, 128.9556732]"
2809,35.16362282,128.9562022,"[35.16362282, 128.9562022]","[35.16362282, 128.9562022]"
2810,35.16376784,128.9566059,"[35.16376784, 128.9566059]","[35.16376784, 128.9566059]"
2811,35.16380718,128.9563538,"[35.16380718, 128.9563538]","[35.16380718, 128.9563538]"
2812,35.16580057,128.9506481,"[35.16580057, 128.9506481]","[35.16580057, 128.9506481]"
2813,35.1656735,128.9503064,"[35.1656735, 128.9503064]","[35.1656735, 128.9503064]"
2814,35.16556435,128.9505672,"[35.16556435, 128.9505672]","[35.16556435, 128.9505672]"
2815,35.16379793,128.9513406,"[35.16379793, 128.9513406]","[35.16379793, 128.9513406]"
2816,35.16392025,128.9516939,"[35.16392025, 128.9516939]","[35.16392025, 128.9516939]"
2817,35.1637115,128.9515954,"[35.1637115, 128.9515954]","[35.1637115, 128.9515954]"
2818,35.16400076,128.9514419,"[35.16400076, 128.9514419]","[35.16400076, 128.9514419]"
2819,35.16215409,128.9522754,"[35.16215409, 128.9522754]","[35.16215409, 128.9522754]"
2820,35.16226852,128.9525883,"[35.16226852, 128.9525883]","[35.16226852, 128.9525883]"
2821,35.1623163,128.9523749,"[35.1623163, 128.9523749]","[35.1623163, 128.9523749]"
2822,35.16427751,128.9470547,"[35.16427751, 128.9470547]","[35.16427751, 128.9470547]"
2823,35.16459559,128.9469037,"[35.16459559, 128.9469037]","[35.16459559, 128.9469037]"
2824,35.16447302,128.9470888,"[35.16447302, 128.9470888]","[35.16447302, 128.9470888]"
2825,35.16266944,128.9479386,"[35.16266944, 128.9479386]","[35.16266944, 128.9479386]"
2826,35.16258236,128.9481225,"[35.16258236, 128.9481225]","[35.16258236, 128.9481225]"
2827,35.16806156,128.9560782,"[35.16806156, 128.9560782]","[35.16806156, 128.9560782]"
2828,35.08927668,128.9123018,"[35.08927668, 128.9123018]","[35.08927668, 128.9123018]"
2829,35.10496149,128.8429291,"[35.10496149, 128.8429291]","[35.10496149, 128.8429291]"
2830,35.19163732,128.9140737,"[35.19163732, 128.9140737]","[35.19163732, 128.9140737]"
2831,35.13534459,128.8947565,"[35.13534459, 128.8947565]","[35.13534459, 128.8947565]"
2832,35.11113457,128.8830321,"[35.11113457, 128.8830321]","[35.11113457, 128.8830321]"
2833,35.11085611,128.8830307,"[35.11085611, 128.8830307]","[35.11085611, 128.8830307]"
2834,35.11099208,128.883217,"[35.11099208, 128.883217]","[35.11099208, 128.883217]"
2835,35.10836507,128.8780127,"[35.10836507, 128.8780127]","[35.10836507, 128.8780127]"
2836,35.10819764,128.8782389,"[35.10819764, 128.8782389]","[35.10819764, 128.8782389]"
2837,35.10836283,128.8784775,"[35.10836283, 128.8784775]","[35.10836283, 128.8784775]"
2838,35.10837267,128.8828548,"[35.10837267, 128.8828548]","[35.10837267, 128.8828548]"
2839,35.10847853,128.8830367,"[35.10847853, 128.8830367]","[35.10847853, 128.8830367]"
2840,35.10819617,128.8830338,"[35.10819617, 128.8830338]","[35.10819617, 128.8830338]"
2841,35.10835948,128.8832325,"[35.10835948, 128.8832325]","[35.10835948, 128.8832325]"
2842,35.10837305,128.8878678,"[35.10837305, 128.8878678]","[35.10837305, 128.8878678]"
2843,35.10163536,128.8782499,"[35.10163536, 128.8782499]","[35.10163536, 128.8782499]"
2844,35.10180508,128.8784526,"[35.10180508, 128.8784526]","[35.10180508, 128.8784526]"
2845,35.10178097,128.8780487,"[35.10178097, 128.8780487]","[35.10178097, 128.8780487]"
2846,35.10193978,128.878255,"[35.10193978, 128.878255]","[35.10193978, 128.878255]"
2847,35.09674142,128.8831968,"[35.09674142, 128.8831968]","[35.09674142, 128.8831968]"
2848,35.09685208,128.8828426,"[35.09685208, 128.8828426]","[35.09685208, 128.8828426]"
2849,35.09708352,128.8831966,"[35.09708352, 128.8831966]","[35.09708352, 128.8831966]"
2850,35.09750954,128.8830514,"[35.09750954, 128.8830514]","[35.09750954, 128.8830514]"
2851,35.09953563,128.883046,"[35.09953563, 128.883046]","[35.09953563, 128.883046]"
2852,35.09966836,128.8828776,"[35.09966836, 128.8828776]","[35.09966836, 128.8828776]"
2853,35.09982617,128.8830533,"[35.09982617, 128.8830533]","[35.09982617, 128.8830533]"
2854,35.10167212,128.8830433,"[35.10167212, 128.8830433]","[35.10167212, 128.8830433]"
2855,35.10179965,128.8828756,"[35.10179965, 128.8828756]","[35.10179965, 128.8828756]"
2856,35.10192177,128.8830446,"[35.10192177, 128.8830446]","[35.10192177, 128.8830446]"
2857,35.09565172,128.8867446,"[35.09565172, 128.8867446]","[35.09565172, 128.8867446]"
2858,35.09594724,128.886844,"[35.09594724, 128.886844]","[35.09594724, 128.886844]"
2859,35.08132753,128.8764892,"[35.08132753, 128.8764892]","[35.08132753, 128.8764892]"
2860,35.10391527,128.8750616,"[35.10391527, 128.8750616]","[35.10391527, 128.8750616]"
2861,35.10598637,128.8830304,"[35.10598637, 128.8830304]","[35.10598637, 128.8830304]"
2862,35.10617028,128.8830545,"[35.10617028, 128.8830545]","[35.10617028, 128.8830545]"
2863,35.1060786,128.8832106,"[35.1060786, 128.8832106]","[35.1060786, 128.8832106]"
2864,35.12636303,128.8564847,"[35.12636303, 128.8564847]","[35.12636303, 128.8564847]"
2865,35.12605286,128.8559761,"[35.12605286, 128.8559761]","[35.12605286, 128.8559761]"
2866,35.13676315,128.8852701,"[35.13676315, 128.8852701]","[35.13676315, 128.8852701]"
2867,35.12277043,128.858974,"[35.12277043, 128.858974]","[35.12277043, 128.858974]"
2868,35.12305382,128.8594334,"[35.12305382, 128.8594334]","[35.12305382, 128.8594334]"
2869,35.0856817,128.8771868,"[35.0856817, 128.8771868]","[35.0856817, 128.8771868]"
2870,35.11231393,128.883017,"[35.11231393, 128.883017]","[35.11231393, 128.883017]"
2871,35.09825039,128.8784279,"[35.09825039, 128.8784279]","[35.09825039, 128.8784279]"
2872,35.09838379,128.878012,"[35.09838379, 128.878012]","[35.09838379, 128.878012]"
2873,35.09859836,128.8784291,"[35.09859836, 128.8784291]","[35.09859836, 128.8784291]"
2874,35.09873263,128.8780871,"[35.09873263, 128.8780871]","[35.09873263, 128.8780871]"
2875,35.17363215,128.9280138,"[35.17363215, 128.9280138]","[35.17363215, 128.9280138]"
2876,35.1737107,128.9276928,"[35.1737107, 128.9276928]","[35.1737107, 128.9276928]"
2877,35.14913607,128.8329234,"[35.14913607, 128.8329234]","[35.14913607, 128.8329234]"
2878,35.14873338,128.8329243,"[35.14873338, 128.8329243]","[35.14873338, 128.8329243]"
2879,35.14592479,128.8303677,"[35.14592479, 128.8303677]","[35.14592479, 128.8303677]"
2880,35.14612768,128.8300921,"[35.14612768, 128.8300921]","[35.14612768, 128.8300921]"
2881,35.14873727,128.8360807,"[35.14873727, 128.8360807]","[35.14873727, 128.8360807]"
2882,35.14913907,128.8360864,"[35.14913907, 128.8360864]","[35.14913907, 128.8360864]"
2883,35.14978632,128.8194917,"[35.14978632, 128.8194917]","[35.14978632, 128.8194917]"
2884,35.15053446,128.8360828,"[35.15053446, 128.8360828]","[35.15053446, 128.8360828]"
2885,35.15082741,128.8360804,"[35.15082741, 128.8360804]","[35.15082741, 128.8360804]"
2886,35.15068886,128.8362495,"[35.15068886, 128.8362495]","[35.15068886, 128.8362495]"
2887,35.15068882,128.8359259,"[35.15068882, 128.8359259]","[35.15068882, 128.8359259]"
2888,35.14911637,128.8247502,"[35.14911637, 128.8247502]","[35.14911637, 128.8247502]"
2889,35.15069673,128.8305114,"[35.15069673, 128.8305114]","[35.15069673, 128.8305114]"
2890,35.15068678,128.8309412,"[35.15068678, 128.8309412]","[35.15068678, 128.8309412]"
2891,35.15068624,128.8346147,"[35.15068624, 128.8346147]","[35.15068624, 128.8346147]"
2892,35.15068857,128.8343595,"[35.15068857, 128.8343595]","[35.15068857, 128.8343595]"
2893,35.2149106,128.9741698,"[35.2149106, 128.9741698]","[35.2149106, 128.9741698]"
2894,35.20421533,128.974453,"[35.20421533, 128.974453]","[35.20421533, 128.974453]"
2895,35.088362,128.9120604,"[35.088362, 128.9120604]","[35.088362, 128.9120604]"
2896,35.18204859,128.9519802,"[35.18204859, 128.9519802]","[35.18204859, 128.9519802]"
2897,35.17180413,128.9350856,"[35.17180413, 128.9350856]","[35.17180413, 128.9350856]"
2898,35.09104676,128.9029404,"[35.09104676, 128.9029404]","[35.09104676, 128.9029404]"
2899,35.09115009,128.9028503,"[35.09115009, 128.9028503]","[35.09115009, 128.9028503]"
2900,35.09602008,128.9161706,"[35.09602008, 128.9161706]","[35.09602008, 128.9161706]"
2901,35.13578482,128.8576268,"[35.13578482, 128.8576268]","[35.13578482, 128.8576268]"
2902,35.13547629,128.8579616,"[35.13547629, 128.8579616]","[35.13547629, 128.8579616]"
2903,35.12452371,128.8509064,"[35.12452371, 128.8509064]","[35.12452371, 128.8509064]"
2904,35.0934779,128.8618057,"[35.0934779, 128.8618057]","[35.0934779, 128.8618057]"
2905,35.09347669,128.8623327,"[35.09347669, 128.8623327]","[35.09347669, 128.8623327]"
2906,35.1796132,128.9520185,"[35.1796132, 128.9520185]","[35.1796132, 128.9520185]"
2907,35.12300853,128.8591269,"[35.12300853, 128.8591269]","[35.12300853, 128.8591269]"
2908,35.12603607,128.8563862,"[35.12603607, 128.8563862]","[35.12603607, 128.8563862]"
2909,35.12639831,128.856058,"[35.12639831, 128.856058]","[35.12639831, 128.856058]"
2910,35.17610319,128.8956403,"[35.17610319, 128.8956403]","[35.17610319, 128.8956403]"
2911,35.17606734,128.8960064,"[35.17606734, 128.8960064]","[35.17606734, 128.8960064]"
2912,35.17672452,128.8879985,"[35.17672452, 128.8879985]","[35.17672452, 128.8879985]"
2913,35.17667098,128.8885408,"[35.17667098, 128.8885408]","[35.17667098, 128.8885408]"
2914,35.18626395,128.903003,"[35.18626395, 128.903003]","[35.18626395, 128.903003]"
2915,35.17572638,128.9007778,"[35.17572638, 128.9007778]","[35.17572638, 128.9007778]"
2916,35.17587832,128.9010572,"[35.17587832, 128.9010572]","[35.17587832, 128.9010572]"
2917,35.1755806,128.901065,"[35.1755806, 128.901065]","[35.1755806, 128.901065]"
2918,35.13793152,128.8808768,"[35.13793152, 128.8808768]","[35.13793152, 128.8808768]"
2919,35.13691969,128.8854682,"[35.13691969, 128.8854682]","[35.13691969, 128.8854682]"
2920,35.09797539,128.8558393,"[35.09797539, 128.8558393]","[35.09797539, 128.8558393]"
2921,35.12688488,128.8556212,"[35.12688488, 128.8556212]","[35.12688488, 128.8556212]"
2922,35.12742426,128.8551318,"[35.12742426, 128.8551318]","[35.12742426, 128.8551318]"
2923,35.12705011,128.8550586,"[35.12705011, 128.8550586]","[35.12705011, 128.8550586]"
2924,35.12736071,128.8555734,"[35.12736071, 128.8555734]","[35.12736071, 128.8555734]"
2925,35.10440253,128.8718779,"[35.10440253, 128.8718779]","[35.10440253, 128.8718779]"
2926,35.1044856,128.8721937,"[35.1044856, 128.8721937]","[35.1044856, 128.8721937]"
2927,35.1047322,128.8721016,"[35.1047322, 128.8721016]","[35.1047322, 128.8721016]"
2928,35.10619806,128.8782527,"[35.10619806, 128.8782527]","[35.10619806, 128.8782527]"
2929,35.10597772,128.8782458,"[35.10597772, 128.8782458]","[35.10597772, 128.8782458]"
2930,35.10608357,128.8784377,"[35.10608357, 128.8784377]","[35.10608357, 128.8784377]"
2931,35.1961836,128.9012323,"[35.1961836, 128.9012323]","[35.1961836, 128.9012323]"
2932,35.19608658,128.9010879,"[35.19608658, 128.9010879]","[35.19608658, 128.9010879]"
2933,35.19604758,128.901314,"[35.19604758, 128.901314]","[35.19604758, 128.901314]"
2934,35.19502038,128.902531,"[35.19502038, 128.902531]","[35.19502038, 128.902531]"
2935,35.19217458,128.9036058,"[35.19217458, 128.9036058]","[35.19217458, 128.9036058]"
2936,35.19193064,128.9037142,"[35.19193064, 128.9037142]","[35.19193064, 128.9037142]"
2937,35.19208449,128.9038353,"[35.19208449, 128.9038353]","[35.19208449, 128.9038353]"
2938,35.09602302,128.8870678,"[35.09602302, 128.8870678]","[35.09602302, 128.8870678]"
2939,35.10819571,128.888094,"[35.10819571, 128.888094]","[35.10819571, 128.888094]"
2940,35.10848845,128.888119,"[35.10848845, 128.888119]","[35.10848845, 128.888119]"
2941,35.10847936,128.8729623,"[35.10847936, 128.8729623]","[35.10847936, 128.8729623]"
2942,35.10819973,128.8729508,"[35.10819973, 128.8729508]","[35.10819973, 128.8729508]"
2943,35.10836643,128.8731971,"[35.10836643, 128.8731971]","[35.10836643, 128.8731971]"
2944,35.1116526,128.8872224,"[35.1116526, 128.8872224]","[35.1116526, 128.8872224]"
2945,35.11138741,128.8875004,"[35.11138741, 128.8875004]","[35.11138741, 128.8875004]"
2946,35.11249875,128.883679,"[35.11249875, 128.883679]","[35.11249875, 128.883679]"
2947,35.11245653,128.8768932,"[35.11245653, 128.8768932]","[35.11245653, 128.8768932]"
2948,35.11228129,128.8782328,"[35.11228129, 128.8782328]","[35.11228129, 128.8782328]"
2949,35.11245563,128.8784731,"[35.11245563, 128.8784731]","[35.11245563, 128.8784731]"
2950,35.11245712,128.878,"[35.11245712, 128.878]","[35.11245712, 128.878]"
2951,35.17950997,128.9010571,"[35.17950997, 128.9010571]","[35.17950997, 128.9010571]"
2952,35.07962044,128.9075366,"[35.07962044, 128.9075366]","[35.07962044, 128.9075366]"
2953,35.07963276,128.9053645,"[35.07963276, 128.9053645]","[35.07963276, 128.9053645]"
2954,35.08176813,128.9036006,"[35.08176813, 128.9036006]","[35.08176813, 128.9036006]"
2955,35.08220023,128.9035992,"[35.08220023, 128.9035992]","[35.08220023, 128.9035992]"
2956,35.08183526,128.9115317,"[35.08183526, 128.9115317]","[35.08183526, 128.9115317]"
2957,35.08414266,128.9115312,"[35.08414266, 128.9115312]","[35.08414266, 128.9115312]"
2958,35.08452736,128.9115318,"[35.08452736, 128.9115318]","[35.08452736, 128.9115318]"
2959,35.08658625,128.9117795,"[35.08658625, 128.9117795]","[35.08658625, 128.9117795]"
2960,35.08688551,128.91185,"[35.08688551, 128.91185]","[35.08688551, 128.91185]"
2961,35.07961554,128.9033042,"[35.07961554, 128.9033042]","[35.07961554, 128.9033042]"
2962,35.07961812,128.9038778,"[35.07961812, 128.9038778]","[35.07961812, 128.9038778]"
2963,35.07985158,128.9036024,"[35.07985158, 128.9036024]","[35.07985158, 128.9036024]"
2964,35.07961431,128.8996586,"[35.07961431, 128.8996586]","[35.07961431, 128.8996586]"
2965,35.08214904,128.8960581,"[35.08214904, 128.8960581]","[35.08214904, 128.8960581]"
2966,35.08411109,128.8960572,"[35.08411109, 128.8960572]","[35.08411109, 128.8960572]"
2967,35.08884481,128.8969769,"[35.08884481, 128.8969769]","[35.08884481, 128.8969769]"
2968,35.08902335,128.8971763,"[35.08902335, 128.8971763]","[35.08902335, 128.8971763]"
2969,35.13529493,128.8944236,"[35.13529493, 128.8944236]","[35.13529493, 128.8944236]"
2970,35.13635824,128.8907024,"[35.13635824, 128.8907024]","[35.13635824, 128.8907024]"
2971,35.2091754,128.8905072,"[35.2091754, 128.8905072]","[35.2091754, 128.8905072]"
2972,35.20663289,128.8912067,"[35.20663289, 128.8912067]","[35.20663289, 128.8912067]"
2973,35.2048689,128.8916868,"[35.2048689, 128.8916868]","[35.2048689, 128.8916868]"
2974,35.20316067,128.892224,"[35.20316067, 128.892224]","[35.20316067, 128.892224]"
2975,35.20170373,128.8927533,"[35.20170373, 128.8927533]","[35.20170373, 128.8927533]"
2976,35.20143444,128.8928514,"[35.20143444, 128.8928514]","[35.20143444, 128.8928514]"
2977,35.20159776,128.8929579,"[35.20159776, 128.8929579]","[35.20159776, 128.8929579]"
2978,35.19746609,128.8943672,"[35.19746609, 128.8943672]","[35.19746609, 128.8943672]"
2979,35.19749517,128.8945429,"[35.19749517, 128.8945429]","[35.19749517, 128.8945429]"
2980,35.19626251,128.8970521,"[35.19626251, 128.8970521]","[35.19626251, 128.8970521]"
2981,35.19617496,128.8970255,"[35.19617496, 128.8970255]","[35.19617496, 128.8970255]"
2982,35.19608533,128.8969219,"[35.19608533, 128.8969219]","[35.19608533, 128.8969219]"
2983,35.11976301,128.9004083,"[35.11976301, 128.9004083]","[35.11976301, 128.9004083]"
2984,35.08924602,128.8329157,"[35.08924602, 128.8329157]","[35.08924602, 128.8329157]"
2985,35.08896897,128.8336181,"[35.08896897, 128.8336181]","[35.08896897, 128.8336181]"
2986,35.0869631,128.8309773,"[35.0869631, 128.8309773]","[35.0869631, 128.8309773]"
2987,35.08732981,128.8309429,"[35.08732981, 128.8309429]","[35.08732981, 128.8309429]"
2988,35.08731598,128.8313968,"[35.08731598, 128.8313968]","[35.08731598, 128.8313968]"
2989,35.19206814,128.9086956,"[35.19206814, 128.9086956]","[35.19206814, 128.9086956]"
2990,35.19156386,128.9138673,"[35.19156386, 128.9138673]","[35.19156386, 128.9138673]"
2991,35.19139155,128.9159874,"[35.19139155, 128.9159874]","[35.19139155, 128.9159874]"
2992,35.12372411,128.8961078,"[35.12372411, 128.8961078]","[35.12372411, 128.8961078]"
2993,35.15189286,128.9167284,"[35.15189286, 128.9167284]","[35.15189286, 128.9167284]"
2994,35.11440086,128.9338723,"[35.11440086, 128.9338723]","[35.11440086, 128.9338723]"
2995,35.10371944,128.8877059,"[35.10371944, 128.8877059]","[35.10371944, 128.8877059]"
2996,35.10412545,128.8877404,"[35.10412545, 128.8877404]","[35.10412545, 128.8877404]"
2997,35.14893661,128.8359049,"[35.14893661, 128.8359049]","[35.14893661, 128.8359049]"
2998,35.14895074,128.836273,"[35.14895074, 128.836273]","[35.14895074, 128.836273]"
2999,35.14916837,128.8306802,"[35.14916837, 128.8306802]","[35.14916837, 128.8306802]"
3000,35.14890631,128.830437,"[35.14890631, 128.830437]","[35.14890631, 128.830437]"
3001,35.14870733,128.8307086,"[35.14870733, 128.8307086]","[35.14870733, 128.8307086]"
3002,35.14895435,128.8309216,"[35.14895435, 128.8309216]","[35.14895435, 128.8309216]"
3003,35.14169479,128.8245185,"[35.14169479, 128.8245185]","[35.14169479, 128.8245185]"
3004,35.14415619,128.8282724,"[35.14415619, 128.8282724]","[35.14415619, 128.8282724]"
3005,35.14937865,128.8111582,"[35.14937865, 128.8111582]","[35.14937865, 128.8111582]"
3006,35.14942171,128.8093358,"[35.14942171, 128.8093358]","[35.14942171, 128.8093358]"
3007,35.14591981,128.830116,"[35.14591981, 128.830116]","[35.14591981, 128.830116]"
3008,35.15081527,128.8306843,"[35.15081527, 128.8306843]","[35.15081527, 128.8306843]"
3009,35.15051707,128.8307186,"[35.15051707, 128.8307186]","[35.15051707, 128.8307186]"
3010,35.14894769,128.832726,"[35.14894769, 128.832726]","[35.14894769, 128.832726]"
3011,35.14894421,128.8331371,"[35.14894421, 128.8331371]","[35.14894421, 128.8331371]"
3012,35.14891286,128.8245922,"[35.14891286, 128.8245922]","[35.14891286, 128.8245922]"
3013,35.14960152,128.8193325,"[35.14960152, 128.8193325]","[35.14960152, 128.8193325]"
3014,35.09795116,128.8357749,"[35.09795116, 128.8357749]","[35.09795116, 128.8357749]"
3015,35.08132626,128.8751331,"[35.08132626, 128.8751331]","[35.08132626, 128.8751331]"
3016,35.08237624,128.8730032,"[35.08237624, 128.8730032]","[35.08237624, 128.8730032]"
3017,35.08543817,128.8729993,"[35.08543817, 128.8729993]","[35.08543817, 128.8729993]"
3018,35.08590573,128.8730011,"[35.08590573, 128.8730011]","[35.08590573, 128.8730011]"
3019,35.08770064,128.8729991,"[35.08770064, 128.8729991]","[35.08770064, 128.8729991]"
3020,35.1438726,128.845349,"[35.1438726, 128.845349]","[35.1438726, 128.845349]"
3021,35.13267649,128.86098,"[35.13267649, 128.86098]","[35.13267649, 128.86098]"
3022,35.13238619,128.8610333,"[35.13238619, 128.8610333]","[35.13238619, 128.8610333]"
3023,35.12103103,128.8965205,"[35.12103103, 128.8965205]","[35.12103103, 128.8965205]"
3024,35.09346641,128.8558251,"[35.09346641, 128.8558251]","[35.09346641, 128.8558251]"
3025,35.10375428,128.8394301,"[35.10375428, 128.8394301]","[35.10375428, 128.8394301]"
3026,35.10406726,128.839434,"[35.10406726, 128.839434]","[35.10406726, 128.839434]"
3027,35.19574897,128.9248586,"[35.19574897, 128.9248586]","[35.19574897, 128.9248586]"
3028,35.08132627,128.8772569,"[35.08132627, 128.8772569]","[35.08132627, 128.8772569]"
3029,35.08720779,128.8819639,"[35.08720779, 128.8819639]","[35.08720779, 128.8819639]"
3030,35.08764749,128.8819675,"[35.08764749, 128.8819675]","[35.08764749, 128.8819675]"
3031,35.2075226,128.9742656,"[35.2075226, 128.9742656]","[35.2075226, 128.9742656]"
3032,35.08349026,128.8819674,"[35.08349026, 128.8819674]","[35.08349026, 128.8819674]"
3033,35.08545834,128.8819651,"[35.08545834, 128.8819651]","[35.08545834, 128.8819651]"
3034,35.08590827,128.8819654,"[35.08590827, 128.8819654]","[35.08590827, 128.8819654]"
3035,35.20606939,128.9777966,"[35.20606939, 128.9777966]","[35.20606939, 128.9777966]"
3036,35.12205661,128.89428,"[35.12205661, 128.89428]","[35.12205661, 128.89428]"
3037,35.12192685,128.8944141,"[35.12192685, 128.8944141]","[35.12192685, 128.8944141]"
3038,35.1220682,128.894529,"[35.1220682, 128.894529]","[35.1220682, 128.894529]"
3039,35.12227887,128.894532,"[35.12227887, 128.894532]","[35.12227887, 128.894532]"
3040,35.11584946,128.914899,"[35.11584946, 128.914899]","[35.11584946, 128.914899]"
3041,35.1130219,128.8847973,"[35.1130219, 128.8847973]","[35.1130219, 128.8847973]"
3042,35.11277897,128.8848566,"[35.11277897, 128.8848566]","[35.11277897, 128.8848566]"
3043,35.11229347,128.8860568,"[35.11229347, 128.8860568]","[35.11229347, 128.8860568]"
3044,35.11910297,128.8912951,"[35.11910297, 128.8912951]","[35.11910297, 128.8912951]"
3045,35.11039961,128.8562492,"[35.11039961, 128.8562492]","[35.11039961, 128.8562492]"
3046,35.1103072,128.856477,"[35.1103072, 128.856477]","[35.1103072, 128.856477]"
3047,35.11365617,128.9234046,"[35.11365617, 128.9234046]","[35.11365617, 128.9234046]"
3048,35.1123816,128.8696792,"[35.1123816, 128.8696792]","[35.1123816, 128.8696792]"
3049,35.09973078,128.8394388,"[35.09973078, 128.8394388]","[35.09973078, 128.8394388]"
3050,35.17563106,128.9591479,"[35.17563106, 128.9591479]","[35.17563106, 128.9591479]"
3051,35.10152332,128.8235537,"[35.10152332, 128.8235537]","[35.10152332, 128.8235537]"
3052,35.10190503,128.8237096,"[35.10190503, 128.8237096]","[35.10190503, 128.8237096]"
3053,35.0979606,128.8424968,"[35.0979606, 128.8424968]","[35.0979606, 128.8424968]"
3054,35.0979597,128.8429498,"[35.0979597, 128.8429498]","[35.0979597, 128.8429498]"
3055,35.09536821,128.8394466,"[35.09536821, 128.8394466]","[35.09536821, 128.8394466]"
3056,35.09581071,128.8394474,"[35.09581071, 128.8394474]","[35.09581071, 128.8394474]"
3057,35.08896368,128.8568431,"[35.08896368, 128.8568431]","[35.08896368, 128.8568431]"
3058,35.08896432,128.8573848,"[35.08896432, 128.8573848]","[35.08896432, 128.8573848]"
3059,35.11318575,128.9256695,"[35.11318575, 128.9256695]","[35.11318575, 128.9256695]"
3060,35.1129605,128.9267652,"[35.1129605, 128.9267652]","[35.1129605, 128.9267652]"
3061,35.21509067,128.9581336,"[35.21509067, 128.9581336]","[35.21509067, 128.9581336]"
3062,35.21513362,128.9598962,"[35.21513362, 128.9598962]","[35.21513362, 128.9598962]"
3063,35.13863824,128.8787978,"[35.13863824, 128.8787978]","[35.13863824, 128.8787978]"
3064,35.14143589,128.8737745,"[35.14143589, 128.8737745]","[35.14143589, 128.8737745]"
3065,35.14106214,128.873799,"[35.14106214, 128.873799]","[35.14106214, 128.873799]"
3066,35.14118554,128.8741495,"[35.14118554, 128.8741495]","[35.14118554, 128.8741495]"
3067,35.14147877,128.8741037,"[35.14147877, 128.8741037]","[35.14147877, 128.8741037]"
3068,35.0844028,128.8526178,"[35.0844028, 128.8526178]","[35.0844028, 128.8526178]"
3069,35.0846275,128.8526234,"[35.0846275, 128.8526234]","[35.0846275, 128.8526234]"
3070,35.08579263,128.8394706,"[35.08579263, 128.8394706]","[35.08579263, 128.8394706]"
3071,35.18094634,128.9570329,"[35.18094634, 128.9570329]","[35.18094634, 128.9570329]"
3072,35.09794342,128.8324525,"[35.09794342, 128.8324525]","[35.09794342, 128.8324525]"
3073,35.09794626,128.8329948,"[35.09794626, 128.8329948]","[35.09794626, 128.8329948]"
3074,35.09797245,128.8391104,"[35.09797245, 128.8391104]","[35.09797245, 128.8391104]"
3075,35.09771199,128.839442,"[35.09771199, 128.839442]","[35.09771199, 128.839442]"
3076,35.09795292,128.8397666,"[35.09795292, 128.8397666]","[35.09795292, 128.8397666]"
3077,35.09819729,128.839425,"[35.09819729, 128.839425]","[35.09819729, 128.839425]"
3078,35.09796365,128.8457456,"[35.09796365, 128.8457456]","[35.09796365, 128.8457456]"
3079,35.09772018,128.8460251,"[35.09772018, 128.8460251]","[35.09772018, 128.8460251]"
3080,35.09796434,128.8462974,"[35.09796434, 128.8462974]","[35.09796434, 128.8462974]"
3081,35.09796586,128.8489341,"[35.09796586, 128.8489341]","[35.09796586, 128.8489341]"
3082,35.09796879,128.8494731,"[35.09796879, 128.8494731]","[35.09796879, 128.8494731]"
3083,35.09796929,128.8523083,"[35.09796929, 128.8523083]","[35.09796929, 128.8523083]"
3084,35.09772757,128.8526012,"[35.09772757, 128.8526012]","[35.09772757, 128.8526012]"
3085,35.09797251,128.8529045,"[35.09797251, 128.8529045]","[35.09797251, 128.8529045]"
3086,35.09798207,128.8589057,"[35.09798207, 128.8589057]","[35.09798207, 128.8589057]"
3087,35.09773412,128.8591841,"[35.09773412, 128.8591841]","[35.09773412, 128.8591841]"
3088,35.09798013,128.859464,"[35.09798013, 128.859464]","[35.09798013, 128.859464]"
3089,35.09798176,128.8617812,"[35.09798176, 128.8617812]","[35.09798176, 128.8617812]"
3090,35.09798396,128.8623372,"[35.09798396, 128.8623372]","[35.09798396, 128.8623372]"
3091,35.09823155,128.8657645,"[35.09823155, 128.8657645]","[35.09823155, 128.8657645]"
3092,35.09798829,128.8654658,"[35.09798829, 128.8654658]","[35.09798829, 128.8654658]"
3093,35.09774467,128.8657652,"[35.09774467, 128.8657652]","[35.09774467, 128.8657652]"
3094,35.09781543,128.8665624,"[35.09781543, 128.8665624]","[35.09781543, 128.8665624]"
3095,35.09798734,128.8660944,"[35.09798734, 128.8660944]","[35.09798734, 128.8660944]"
3096,35.09380806,128.8684534,"[35.09380806, 128.8684534]","[35.09380806, 128.8684534]"
3097,35.09348159,128.8682268,"[35.09348159, 128.8682268]","[35.09348159, 128.8682268]"
3098,35.09345746,128.8687686,"[35.09345746, 128.8687686]","[35.09345746, 128.8687686]"
3099,35.0889702,128.8618047,"[35.0889702, 128.8618047]","[35.0889702, 128.8618047]"
3100,35.08897041,128.8623446,"[35.08897041, 128.8623446]","[35.08897041, 128.8623446]"
3101,35.08896619,128.8589222,"[35.08896619, 128.8589222]","[35.08896619, 128.8589222]"
3102,35.08773868,128.8591909,"[35.08773868, 128.8591909]","[35.08773868, 128.8591909]"
3103,35.08794014,128.8591983,"[35.08794014, 128.8591983]","[35.08794014, 128.8591983]"
3104,35.08896737,128.8594727,"[35.08896737, 128.8594727]","[35.08896737, 128.8594727]"
3105,35.0892346,128.8591966,"[35.0892346, 128.8591966]","[35.0892346, 128.8591966]"
3106,35.08868705,128.8591956,"[35.08868705, 128.8591956]","[35.08868705, 128.8591956]"
3107,35.08895873,128.852322,"[35.08895873, 128.852322]","[35.08895873, 128.852322]"
3108,35.08771866,128.8526164,"[35.08771866, 128.8526164]","[35.08771866, 128.8526164]"
3109,35.08793676,128.8526196,"[35.08793676, 128.8526196]","[35.08793676, 128.8526196]"
3110,35.08895926,128.852916,"[35.08895926, 128.852916]","[35.08895926, 128.852916]"
3111,35.08922632,128.8526166,"[35.08922632, 128.8526166]","[35.08922632, 128.8526166]"
3112,35.08867774,128.8526192,"[35.08867774, 128.8526192]","[35.08867774, 128.8526192]"
3113,35.08895495,128.848949,"[35.08895495, 128.848949]","[35.08895495, 128.848949]"
3114,35.08895402,128.84949,"[35.08895402, 128.84949]","[35.08895402, 128.84949]"
3115,35.08921908,128.846037,"[35.08921908, 128.846037]","[35.08921908, 128.846037]"
3116,35.08894986,128.845768,"[35.08894986, 128.845768]","[35.08894986, 128.845768]"
3117,35.08875773,128.8460423,"[35.08875773, 128.8460423]","[35.08875773, 128.8460423]"
3118,35.08895076,128.8463179,"[35.08895076, 128.8463179]","[35.08895076, 128.8463179]"
3119,35.08894658,128.8424708,"[35.08894658, 128.8424708]","[35.08894658, 128.8424708]"
3120,35.08894579,128.8430097,"[35.08894579, 128.8430097]","[35.08894579, 128.8430097]"
3121,35.09025587,128.8394564,"[35.09025587, 128.8394564]","[35.09025587, 128.8394564]"
3122,35.08894054,128.839133,"[35.08894054, 128.839133]","[35.08894054, 128.839133]"
3123,35.08873967,128.8394664,"[35.08873967, 128.8394664]","[35.08873967, 128.8394664]"
3124,35.08921054,128.8394609,"[35.08921054, 128.8394609]","[35.08921054, 128.8394609]"
3125,35.08894301,128.8397843,"[35.08894301, 128.8397843]","[35.08894301, 128.8397843]"
3126,35.09427682,128.8266915,"[35.09427682, 128.8266915]","[35.09427682, 128.8266915]"
3127,35.09408333,128.8266753,"[35.09408333, 128.8266753]","[35.09408333, 128.8266753]"
3128,35.09408939,128.8269182,"[35.09408939, 128.8269182]","[35.09408939, 128.8269182]"
3129,35.09437652,128.8270226,"[35.09437652, 128.8270226]","[35.09437652, 128.8270226]"
3130,35.09620487,128.8242913,"[35.09620487, 128.8242913]","[35.09620487, 128.8242913]"
3131,35.09788094,128.822189,"[35.09788094, 128.822189]","[35.09788094, 128.822189]"
3132,35.09814735,128.8221348,"[35.09814735, 128.8221348]","[35.09814735, 128.8221348]"
3133,35.10035613,128.8231386,"[35.10035613, 128.8231386]","[35.10035613, 128.8231386]"
3134,35.10046319,128.8235588,"[35.10046319, 128.8235588]","[35.10046319, 128.8235588]"
3135,35.09883142,128.8266732,"[35.09883142, 128.8266732]","[35.09883142, 128.8266732]"
3136,35.09852669,128.8270497,"[35.09852669, 128.8270497]","[35.09852669, 128.8270497]"
3137,35.09667644,128.8293453,"[35.09667644, 128.8293453]","[35.09667644, 128.8293453]"
3138,35.09634103,128.8293716,"[35.09634103, 128.8293716]","[35.09634103, 128.8293716]"
3139,35.09632933,128.8297757,"[35.09632933, 128.8297757]","[35.09632933, 128.8297757]"
3140,35.09666371,128.8297543,"[35.09666371, 128.8297543]","[35.09666371, 128.8297543]"
3141,35.09344668,128.8391155,"[35.09344668, 128.8391155]","[35.09344668, 128.8391155]"
3142,35.09322217,128.83945,"[35.09322217, 128.83945]","[35.09322217, 128.83945]"
3143,35.09344925,128.8397767,"[35.09344925, 128.8397767]","[35.09344925, 128.8397767]"
3144,35.09367324,128.8394503,"[35.09367324, 128.8394503]","[35.09367324, 128.8394503]"
3145,35.09345395,128.845742,"[35.09345395, 128.845742]","[35.09345395, 128.845742]"
3146,35.09322771,128.8460289,"[35.09322771, 128.8460289]","[35.09322771, 128.8460289]"
3147,35.09345369,128.8463,"[35.09345369, 128.8463]","[35.09345369, 128.8463]"
3148,35.09367805,128.8460269,"[35.09367805, 128.8460269]","[35.09367805, 128.8460269]"
3149,35.09346023,128.8489465,"[35.09346023, 128.8489465]","[35.09346023, 128.8489465]"
3150,35.09345977,128.8494757,"[35.09345977, 128.8494757]","[35.09345977, 128.8494757]"
3151,35.09346552,128.8523152,"[35.09346552, 128.8523152]","[35.09346552, 128.8523152]"
3152,35.09324094,128.8526118,"[35.09324094, 128.8526118]","[35.09324094, 128.8526118]"
3153,35.09346598,128.8529065,"[35.09346598, 128.8529065]","[35.09346598, 128.8529065]"
3154,35.09369102,128.8526117,"[35.09369102, 128.8526117]","[35.09369102, 128.8526117]"
3155,35.09347571,128.8589207,"[35.09347571, 128.8589207]","[35.09347571, 128.8589207]"
3156,35.09325278,128.8591885,"[35.09325278, 128.8591885]","[35.09325278, 128.8591885]"
3157,35.09347443,128.8594592,"[35.09347443, 128.8594592]","[35.09347443, 128.8594592]"
3158,35.09369508,128.8591931,"[35.09369508, 128.8591931]","[35.09369508, 128.8591931]"
3159,35.09347976,128.8654778,"[35.09347976, 128.8654778]","[35.09347976, 128.8654778]"
3160,35.09325637,128.865768,"[35.09325637, 128.865768]","[35.09325637, 128.865768]"
3161,35.09348397,128.8660682,"[35.09348397, 128.8660682]","[35.09348397, 128.8660682]"
3162,35.09370602,128.865775,"[35.09370602, 128.865775]","[35.09370602, 128.865775]"
3163,35.08897475,128.8654809,"[35.08897475, 128.8654809]","[35.08897475, 128.8654809]"
3164,35.08869312,128.8657771,"[35.08869312, 128.8657771]","[35.08869312, 128.8657771]"
3165,35.08897313,128.8660755,"[35.08897313, 128.8660755]","[35.08897313, 128.8660755]"
3166,35.08924009,128.8657775,"[35.08924009, 128.8657775]","[35.08924009, 128.8657775]"
3167,35.08897625,128.8690932,"[35.08897625, 128.8690932]","[35.08897625, 128.8690932]"
3168,35.08926002,128.8693857,"[35.08926002, 128.8693857]","[35.08926002, 128.8693857]"
3169,35.20747127,128.9801704,"[35.20747127, 128.9801704]","[35.20747127, 128.9801704]"
3170,35.15177613,128.8810863,"[35.15177613, 128.8810863]","[35.15177613, 128.8810863]"
3171,35.08917068,128.903386,"[35.08917068, 128.903386]","[35.08917068, 128.903386]"
3172,35.08891917,128.9033904,"[35.08891917, 128.9033904]","[35.08891917, 128.9033904]"
3173,35.08882798,128.903592,"[35.08882798, 128.903592]","[35.08882798, 128.903592]"
3174,35.08902847,128.8993019,"[35.08902847, 128.8993019]","[35.08902847, 128.8993019]"
3175,35.10155655,128.8686014,"[35.10155655, 128.8686014]","[35.10155655, 128.8686014]"
3176,35.10155242,128.8689552,"[35.10155242, 128.8689552]","[35.10155242, 128.8689552]"
3177,35.10175374,128.8689569,"[35.10175374, 128.8689569]","[35.10175374, 128.8689569]"
3178,35.09444646,128.8869089,"[35.09444646, 128.8869089]","[35.09444646, 128.8869089]"
3179,35.09493398,128.8869596,"[35.09493398, 128.8869596]","[35.09493398, 128.8869596]"
3180,35.15618281,128.8848407,"[35.15618281, 128.8848407]","[35.15618281, 128.8848407]"
3181,35.0996179,128.8659253,"[35.0996179, 128.8659253]","[35.0996179, 128.8659253]"
3182,35.11222654,128.8728909,"[35.11222654, 128.8728909]","[35.11222654, 128.8728909]"
3183,35.11245084,128.8730452,"[35.11245084, 128.8730452]","[35.11245084, 128.8730452]"
3184,35.08898397,128.8726836,"[35.08898397, 128.8726836]","[35.08898397, 128.8726836]"
3185,35.08866762,128.8729979,"[35.08866762, 128.8729979]","[35.08866762, 128.8729979]"
3186,35.08898265,128.8733086,"[35.08898265, 128.8733086]","[35.08898265, 128.8733086]"
3187,35.08899258,128.8771545,"[35.08899258, 128.8771545]","[35.08899258, 128.8771545]"
3188,35.08899835,128.8816229,"[35.08899835, 128.8816229]","[35.08899835, 128.8816229]"
3189,35.08868602,128.8819619,"[35.08868602, 128.8819619]","[35.08868602, 128.8819619]"
3190,35.21001407,128.9843223,"[35.21001407, 128.9843223]","[35.21001407, 128.9843223]"
3191,35.21092548,128.9855478,"[35.21092548, 128.9855478]","[35.21092548, 128.9855478]"
3192,35.13415817,128.9456824,"[35.13415817, 128.9456824]","[35.13415817, 128.9456824]"
3193,35.13878573,128.9480246,"[35.13878573, 128.9480246]","[35.13878573, 128.9480246]"
3194,35.11922405,128.9368839,"[35.11922405, 128.9368839]","[35.11922405, 128.9368839]"
3195,35.12428379,128.940089,"[35.12428379, 128.940089]","[35.12428379, 128.940089]"
3196,35.13061677,128.9437662,"[35.13061677, 128.9437662]","[35.13061677, 128.9437662]"
3197,35.11203131,128.9314596,"[35.11203131, 128.9314596]","[35.11203131, 128.9314596]"
3198,35.11746495,128.8896218,"[35.11746495, 128.8896218]","[35.11746495, 128.8896218]"
3199,35.08906347,128.9120437,"[35.08906347, 128.9120437]","[35.08906347, 128.9120437]"
3200,35.08874965,128.9122948,"[35.08874965, 128.9122948]","[35.08874965, 128.9122948]"
3201,35.0890495,128.9124986,"[35.0890495, 128.9124986]","[35.0890495, 128.9124986]"
3202,35.09049405,128.9183834,"[35.09049405, 128.9183834]","[35.09049405, 128.9183834]"
3203,35.0977877,128.9270319,"[35.0977877, 128.9270319]","[35.0977877, 128.9270319]"
3204,35.09883864,128.92735,"[35.09883864, 128.92735]","[35.09883864, 128.92735]"
3205,35.10046131,128.9278365,"[35.10046131, 128.9278365]","[35.10046131, 128.9278365]"
3206,35.09351804,128.9254194,"[35.09351804, 128.9254194]","[35.09351804, 128.9254194]"
3207,35.16997273,128.898658,"[35.16997273, 128.898658]","[35.16997273, 128.898658]"
3208,35.21492802,128.9696522,"[35.21492802, 128.9696522]","[35.21492802, 128.9696522]"
3209,35.11889382,128.9034701,"[35.11889382, 128.9034701]","[35.11889382, 128.9034701]"
3210,35.11786713,128.9071749,"[35.11786713, 128.9071749]","[35.11786713, 128.9071749]"
3211,35.11767048,128.9072772,"[35.11767048, 128.9072772]","[35.11767048, 128.9072772]"
3212,35.21166441,128.9739996,"[35.21166441, 128.9739996]","[35.21166441, 128.9739996]"
3213,35.21165463,128.9741908,"[35.21165463, 128.9741908]","[35.21165463, 128.9741908]"
3214,35.21163696,128.9743845,"[35.21163696, 128.9743845]","[35.21163696, 128.9743845]"
3215,35.14337021,128.9502199,"[35.14337021, 128.9502199]","[35.14337021, 128.9502199]"
3216,35.15123358,128.9536051,"[35.15123358, 128.9536051]","[35.15123358, 128.9536051]"
3217,35.15550749,128.9555311,"[35.15550749, 128.9555311]","[35.15550749, 128.9555311]"
3218,35.15798468,128.9561225,"[35.15798468, 128.9561225]","[35.15798468, 128.9561225]"
3219,35.15779337,128.9561241,"[35.15779337, 128.9561241]","[35.15779337, 128.9561241]"
3220,35.15756829,128.9563477,"[35.15756829, 128.9563477]","[35.15756829, 128.9563477]"
3221,35.16323273,128.9586706,"[35.16323273, 128.9586706]","[35.16323273, 128.9586706]"
3222,35.17357792,128.9598212,"[35.17357792, 128.9598212]","[35.17357792, 128.9598212]"
3223,35.17921537,128.9579004,"[35.17921537, 128.9579004]","[35.17921537, 128.9579004]"
3224,35.17929297,128.9581699,"[35.17929297, 128.9581699]","[35.17929297, 128.9581699]"
3225,35.18135086,128.9537027,"[35.18135086, 128.9537027]","[35.18135086, 128.9537027]"
3226,35.19413357,128.9632955,"[35.19413357, 128.9632955]","[35.19413357, 128.9632955]"
3227,35.20069347,128.9696835,"[35.20069347, 128.9696835]","[35.20069347, 128.9696835]"
3228,35.20408039,128.9740844,"[35.20408039, 128.9740844]","[35.20408039, 128.9740844]"
3229,35.20388704,128.9744022,"[35.20388704, 128.9744022]","[35.20388704, 128.9744022]"
3230,35.21282035,128.9819093,"[35.21282035, 128.9819093]","[35.21282035, 128.9819093]"
3231,35.21403066,128.9800799,"[35.21403066, 128.9800799]","[35.21403066, 128.9800799]"
3232,35.21370145,128.9806055,"[35.21370145, 128.9806055]","[35.21370145, 128.9806055]"
3233,35.21473603,128.9739942,"[35.21473603, 128.9739942]","[35.21473603, 128.9739942]"
3234,35.2145088,128.9742296,"[35.2145088, 128.9742296]","[35.2145088, 128.9742296]"
3235,35.21465549,128.9749056,"[35.21465549, 128.9749056]","[35.21465549, 128.9749056]"
3236,35.21519584,128.9626377,"[35.21519584, 128.9626377]","[35.21519584, 128.9626377]"
3237,35.21518263,128.9646723,"[35.21518263, 128.9646723]","[35.21518263, 128.9646723]"
3238,35.21467657,128.9559892,"[35.21467657, 128.9559892]","[35.21467657, 128.9559892]"
3239,35.21408596,128.9509737,"[35.21408596, 128.9509737]","[35.21408596, 128.9509737]"
3240,35.21391848,128.9509495,"[35.21391848, 128.9509495]","[35.21391848, 128.9509495]"
3241,35.21390119,128.9519858,"[35.21390119, 128.9519858]","[35.21390119, 128.9519858]"
3242,35.2140091,128.9537557,"[35.2140091, 128.9537557]","[35.2140091, 128.9537557]"
3243,35.2144878,128.9478465,"[35.2144878, 128.9478465]","[35.2144878, 128.9478465]"
3244,35.21427412,128.9479282,"[35.21427412, 128.9479282]","[35.21427412, 128.9479282]"
3245,35.21411959,128.9498021,"[35.21411959, 128.9498021]","[35.21411959, 128.9498021]"
3246,35.2157953,128.9439835,"[35.2157953, 128.9439835]","[35.2157953, 128.9439835]"
3247,35.2169525,128.9405073,"[35.2169525, 128.9405073]","[35.2169525, 128.9405073]"
3248,35.21881375,128.9350539,"[35.21881375, 128.9350539]","[35.21881375, 128.9350539]"
3249,35.21780973,128.9375022,"[35.21780973, 128.9375022]","[35.21780973, 128.9375022]"
3250,35.21800315,128.937403,"[35.21800315, 128.937403]","[35.21800315, 128.937403]"
3251,35.21954961,128.9329712,"[35.21954961, 128.9329712]","[35.21954961, 128.9329712]"
3252,35.18918859,128.904256,"[35.18918859, 128.904256]","[35.18918859, 128.904256]"
3253,35.19045436,128.9044516,"[35.19045436, 128.9044516]","[35.19045436, 128.9044516]"
3254,35.11434481,128.8862788,"[35.11434481, 128.8862788]","[35.11434481, 128.8862788]"
3255,35.1147074,128.9192849,"[35.1147074, 128.9192849]","[35.1147074, 128.9192849]"
3256,35.114829,128.9195684,"[35.114829, 128.9195684]","[35.114829, 128.9195684]"
3257,35.10809363,128.9302662,"[35.10809363, 128.9302662]","[35.10809363, 128.9302662]"
3258,35.1103012,128.9317486,"[35.1103012, 128.9317486]","[35.1103012, 128.9317486]"
3259,35.21895477,129.0985888,"[35.21895477, 129.0985888]","[35.21895477, 129.0985888]"
3260,35.22620438,129.0780411,"[35.22620438, 129.0780411]","[35.22620438, 129.0780411]"
3261,35.22551928,129.0822377,"[35.22551928, 129.0822377]","[35.22551928, 129.0822377]"
3262,35.22727396,129.0778477,"[35.22727396, 129.0778477]","[35.22727396, 129.0778477]"
3263,35.2485921,129.0918627,"[35.2485921, 129.0918627]","[35.2485921, 129.0918627]"
3264,35.24981819,129.0918769,"[35.24981819, 129.0918769]","[35.24981819, 129.0918769]"
3265,35.24942681,129.0882082,"[35.24942681, 129.0882082]","[35.24942681, 129.0882082]"
3266,35.24928273,129.0881335,"[35.24928273, 129.0881335]","[35.24928273, 129.0881335]"
3267,35.24884613,129.090503,"[35.24884613, 129.090503]","[35.24884613, 129.090503]"
3268,35.22717603,129.0831366,"[35.22717603, 129.0831366]","[35.22717603, 129.0831366]"
3269,35.22731104,129.0831058,"[35.22731104, 129.0831058]","[35.22731104, 129.0831058]"
3270,35.22740645,129.0832617,"[35.22740645, 129.0832617]","[35.22740645, 129.0832617]"
3271,35.22724132,129.0832852,"[35.22724132, 129.0832852]","[35.22724132, 129.0832852]"
3272,35.21731681,129.0862119,"[35.21731681, 129.0862119]","[35.21731681, 129.0862119]"
3273,35.26702013,129.0844318,"[35.26702013, 129.0844318]","[35.26702013, 129.0844318]"
3274,35.26907234,129.0852108,"[35.26907234, 129.0852108]","[35.26907234, 129.0852108]"
3275,35.24811812,129.0885737,"[35.24811812, 129.0885737]","[35.24811812, 129.0885737]"
3276,35.22828141,129.0861402,"[35.22828141, 129.0861402]","[35.22828141, 129.0861402]"
3277,35.23124474,129.0863584,"[35.23124474, 129.0863584]","[35.23124474, 129.0863584]"
3278,35.23812776,129.0878621,"[35.23812776, 129.0878621]","[35.23812776, 129.0878621]"
3279,35.23994174,129.0877592,"[35.23994174, 129.0877592]","[35.23994174, 129.0877592]"
3280,35.23981908,129.0878907,"[35.23981908, 129.0878907]","[35.23981908, 129.0878907]"
3281,35.24945532,129.0878974,"[35.24945532, 129.0878974]","[35.24945532, 129.0878974]"
3282,35.23959142,129.0904348,"[35.23959142, 129.0904348]","[35.23959142, 129.0904348]"
3283,35.24946399,129.0863177,"[35.24946399, 129.0863177]","[35.24946399, 129.0863177]"
3284,35.24935676,129.0852664,"[35.24935676, 129.0852664]","[35.24935676, 129.0852664]"
3285,35.24955453,129.0849325,"[35.24955453, 129.0849325]","[35.24955453, 129.0849325]"
3286,35.2663466,129.0929268,"[35.2663466, 129.0929268]","[35.2663466, 129.0929268]"
3287,35.23981722,129.0864384,"[35.23981722, 129.0864384]","[35.23981722, 129.0864384]"
3288,35.23803256,129.0864839,"[35.23803256, 129.0864839]","[35.23803256, 129.0864839]"
3289,35.24298639,129.0867778,"[35.24298639, 129.0867778]","[35.24298639, 129.0867778]"
3290,35.25809215,129.0877391,"[35.25809215, 129.0877391]","[35.25809215, 129.0877391]"
3291,35.260714,129.0877279,"[35.260714, 129.0877279]","[35.260714, 129.0877279]"
3292,35.26097641,129.0877477,"[35.26097641, 129.0877477]","[35.26097641, 129.0877477]"
3293,35.26390752,129.0884188,"[35.26390752, 129.0884188]","[35.26390752, 129.0884188]"
3294,35.26222287,129.0880266,"[35.26222287, 129.0880266]","[35.26222287, 129.0880266]"
3295,35.26699728,129.0889584,"[35.26699728, 129.0889584]","[35.26699728, 129.0889584]"
3296,35.26711285,129.089113,"[35.26711285, 129.089113]","[35.26711285, 129.089113]"
3297,35.26696237,129.0892556,"[35.26696237, 129.0892556]","[35.26696237, 129.0892556]"
3298,35.25848773,129.0931677,"[35.25848773, 129.0931677]","[35.25848773, 129.0931677]"
3299,35.26679515,129.0843612,"[35.26679515, 129.0843612]","[35.26679515, 129.0843612]"
3300,35.25280968,129.0931229,"[35.25280968, 129.0931229]","[35.25280968, 129.0931229]"
3301,35.26241636,129.0862939,"[35.26241636, 129.0862939]","[35.26241636, 129.0862939]"
3302,35.2529092,129.0843131,"[35.2529092, 129.0843131]","[35.2529092, 129.0843131]"
3303,35.23029029,129.0765304,"[35.23029029, 129.0765304]","[35.23029029, 129.0765304]"
3304,35.22131321,129.0893755,"[35.22131321, 129.0893755]","[35.22131321, 129.0893755]"
3305,35.24101488,129.0864493,"[35.24101488, 129.0864493]","[35.24101488, 129.0864493]"
3306,35.21262766,129.1046951,"[35.21262766, 129.1046951]","[35.21262766, 129.1046951]"
3307,35.22089528,129.0999424,"[35.22089528, 129.0999424]","[35.22089528, 129.0999424]"
3308,35.22218441,129.0851966,"[35.22218441, 129.0851966]","[35.22218441, 129.0851966]"
3309,35.22248871,129.0907083,"[35.22248871, 129.0907083]","[35.22248871, 129.0907083]"
3310,35.22209688,129.0910904,"[35.22209688, 129.0910904]","[35.22209688, 129.0910904]"
3311,35.22330105,129.0908788,"[35.22330105, 129.0908788]","[35.22330105, 129.0908788]"
3312,35.22034612,129.0882771,"[35.22034612, 129.0882771]","[35.22034612, 129.0882771]"
3313,35.24005391,129.087879,"[35.24005391, 129.087879]","[35.24005391, 129.087879]"
3314,35.24119051,129.0879193,"[35.24119051, 129.0879193]","[35.24119051, 129.0879193]"
3315,35.26817771,129.0927496,"[35.26817771, 129.0927496]","[35.26817771, 129.0927496]"
3316,35.2449866,129.0916043,"[35.2449866, 129.0916043]","[35.2449866, 129.0916043]"
3317,35.24489731,129.0913342,"[35.24489731, 129.0913342]","[35.24489731, 129.0913342]"
3318,35.2468846,129.0888706,"[35.2468846, 129.0888706]","[35.2468846, 129.0888706]"
3319,35.24514491,129.0886708,"[35.24514491, 129.0886708]","[35.24514491, 129.0886708]"
3320,35.23963531,129.0897512,"[35.23963531, 129.0897512]","[35.23963531, 129.0897512]"
3321,35.22078675,129.1078947,"[35.22078675, 129.1078947]","[35.22078675, 129.1078947]"
3322,35.24598065,129.0926527,"[35.24598065, 129.0926527]","[35.24598065, 129.0926527]"
3323,35.26034957,129.0912156,"[35.26034957, 129.0912156]","[35.26034957, 129.0912156]"
3324,35.22290942,129.0924569,"[35.22290942, 129.0924569]","[35.22290942, 129.0924569]"
3325,35.24283345,129.0893322,"[35.24283345, 129.0893322]","[35.24283345, 129.0893322]"
3326,35.26687421,129.0891074,"[35.26687421, 129.0891074]","[35.26687421, 129.0891074]"
3327,35.27220912,129.0890009,"[35.27220912, 129.0890009]","[35.27220912, 129.0890009]"
3328,35.21987216,129.1066692,"[35.21987216, 129.1066692]","[35.21987216, 129.1066692]"
3329,35.22001301,129.1068294,"[35.22001301, 129.1068294]","[35.22001301, 129.1068294]"
3330,35.2220981,129.1106917,"[35.2220981, 129.1106917]","[35.2220981, 129.1106917]"
3331,35.21832919,129.1100377,"[35.21832919, 129.1100377]","[35.21832919, 129.1100377]"
3332,35.21857519,129.1050182,"[35.21857519, 129.1050182]","[35.21857519, 129.1050182]"
3333,35.21860733,129.1048461,"[35.21860733, 129.1048461]","[35.21860733, 129.1048461]"
3334,35.21929835,129.1119137,"[35.21929835, 129.1119137]","[35.21929835, 129.1119137]"
3335,35.21926292,129.1117795,"[35.21926292, 129.1117795]","[35.21926292, 129.1117795]"
3336,35.21938144,129.111772,"[35.21938144, 129.111772]","[35.21938144, 129.111772]"
3337,35.25726916,129.1023886,"[35.25726916, 129.1023886]","[35.25726916, 129.1023886]"
3338,35.22493943,129.0839755,"[35.22493943, 129.0839755]","[35.22493943, 129.0839755]"
3339,35.25742244,129.1023663,"[35.25742244, 129.1023663]","[35.25742244, 129.1023663]"
3340,35.29120039,129.1012896,"[35.29120039, 129.1012896]","[35.29120039, 129.1012896]"
3341,35.21854054,129.0873919,"[35.21854054, 129.0873919]","[35.21854054, 129.0873919]"
3342,35.21952917,129.0878605,"[35.21952917, 129.0878605]","[35.21952917, 129.0878605]"
3343,35.23561365,129.0862344,"[35.23561365, 129.0862344]","[35.23561365, 129.0862344]"
3344,35.23094583,129.0911981,"[35.23094583, 129.0911981]","[35.23094583, 129.0911981]"
3345,35.22965375,129.0922947,"[35.22965375, 129.0922947]","[35.22965375, 129.0922947]"
3346,35.22214041,129.0912143,"[35.22214041, 129.0912143]","[35.22214041, 129.0912143]"
3347,35.22837266,129.092125,"[35.22837266, 129.092125]","[35.22837266, 129.092125]"
3348,35.23333061,129.0914903,"[35.23333061, 129.0914903]","[35.23333061, 129.0914903]"
3349,35.22840628,129.0858528,"[35.22840628, 129.0858528]","[35.22840628, 129.0858528]"
3350,35.22886885,129.0861145,"[35.22886885, 129.0861145]","[35.22886885, 129.0861145]"
3351,35.23121718,129.0866975,"[35.23121718, 129.0866975]","[35.23121718, 129.0866975]"
3352,35.23142584,129.086565,"[35.23142584, 129.086565]","[35.23142584, 129.086565]"
3353,35.23103153,129.0864882,"[35.23103153, 129.0864882]","[35.23103153, 129.0864882]"
3354,35.22985539,129.086275,"[35.22985539, 129.086275]","[35.22985539, 129.086275]"
3355,35.2328835,129.0869532,"[35.2328835, 129.0869532]","[35.2328835, 129.0869532]"
3356,35.23147411,129.0850281,"[35.23147411, 129.0850281]","[35.23147411, 129.0850281]"
3357,35.23132697,129.0850927,"[35.23132697, 129.0850927]","[35.23132697, 129.0850927]"
3358,35.23158416,129.0851678,"[35.23158416, 129.0851678]","[35.23158416, 129.0851678]"
3359,35.25481269,129.0877317,"[35.25481269, 129.0877317]","[35.25481269, 129.0877317]"
3360,35.25460546,129.0876193,"[35.25460546, 129.0876193]","[35.25460546, 129.0876193]"
3361,35.2545546,129.0877283,"[35.2545546, 129.0877283]","[35.2545546, 129.0877283]"
3362,35.22509368,129.0833753,"[35.22509368, 129.0833753]","[35.22509368, 129.0833753]"
3363,35.21554916,129.0954688,"[35.21554916, 129.0954688]","[35.21554916, 129.0954688]"
3364,35.23341745,129.0924335,"[35.23341745, 129.0924335]","[35.23341745, 129.0924335]"
3365,35.22315493,129.090954,"[35.22315493, 129.090954]","[35.22315493, 129.090954]"
3366,35.22323441,129.0911365,"[35.22323441, 129.0911365]","[35.22323441, 129.0911365]"
3367,35.22461068,129.0914795,"[35.22461068, 129.0914795]","[35.22461068, 129.0914795]"
3368,35.22567858,129.0917841,"[35.22567858, 129.0917841]","[35.22567858, 129.0917841]"
3369,35.22705032,129.091961,"[35.22705032, 129.091961]","[35.22705032, 129.091961]"
3370,35.22818221,129.0860112,"[35.22818221, 129.0860112]","[35.22818221, 129.0860112]"
3371,35.27044395,129.0851784,"[35.27044395, 129.0851784]","[35.27044395, 129.0851784]"
3372,35.27178783,129.0851435,"[35.27178783, 129.0851435]","[35.27178783, 129.0851435]"
3373,35.24918,129.0849669,"[35.24918, 129.0849669]","[35.24918, 129.0849669]"
3374,35.24762011,129.0851139,"[35.24762011, 129.0851139]","[35.24762011, 129.0851139]"
3375,35.27093668,129.0928723,"[35.27093668, 129.0928723]","[35.27093668, 129.0928723]"
3376,35.282811,129.0944264,"[35.282811, 129.0944264]","[35.282811, 129.0944264]"
3377,35.27701572,129.0931058,"[35.27701572, 129.0931058]","[35.27701572, 129.0931058]"
3378,35.22616619,129.0857655,"[35.22616619, 129.0857655]","[35.22616619, 129.0857655]"
3379,35.26087012,129.0876055,"[35.26087012, 129.0876055]","[35.26087012, 129.0876055]"
3380,35.26084348,129.0878411,"[35.26084348, 129.0878411]","[35.26084348, 129.0878411]"
3381,35.23602122,129.0919614,"[35.23602122, 129.0919614]","[35.23602122, 129.0919614]"
3382,35.22881838,129.0906554,"[35.22881838, 129.0906554]","[35.22881838, 129.0906554]"
3383,35.10170915,128.9764001,"[35.10170915, 128.9764001]","[35.10170915, 128.9764001]"
3384,35.29671183,129.084244,"[35.29671183, 129.084244]","[35.29671183, 129.084244]"
3385,35.29372056,129.0874526,"[35.29372056, 129.0874526]","[35.29372056, 129.0874526]"
3386,35.28971254,129.0892002,"[35.28971254, 129.0892002]","[35.28971254, 129.0892002]"
3387,35.28318375,129.0915312,"[35.28318375, 129.0915312]","[35.28318375, 129.0915312]"
3388,35.28151262,129.0917991,"[35.28151262, 129.0917991]","[35.28151262, 129.0917991]"
3389,35.29149364,129.098613,"[35.29149364, 129.098613]","[35.29149364, 129.098613]"
3390,35.29233967,129.0994241,"[35.29233967, 129.0994241]","[35.29233967, 129.0994241]"
3391,35.28840308,129.0965225,"[35.28840308, 129.0965225]","[35.28840308, 129.0965225]"
3392,35.22608788,129.0781997,"[35.22608788, 129.0781997]","[35.22608788, 129.0781997]"
3393,35.30350342,129.1059364,"[35.30350342, 129.1059364]","[35.30350342, 129.1059364]"
3394,35.2258485,129.0798705,"[35.2258485, 129.0798705]","[35.2258485, 129.0798705]"
3395,35.22583905,129.0802353,"[35.22583905, 129.0802353]","[35.22583905, 129.0802353]"
3396,35.22542687,129.0820674,"[35.22542687, 129.0820674]","[35.22542687, 129.0820674]"
3397,35.22534824,129.0823758,"[35.22534824, 129.0823758]","[35.22534824, 129.0823758]"
3398,35.29793286,129.1033135,"[35.29793286, 129.1033135]","[35.29793286, 129.1033135]"
3399,35.29817425,129.1034154,"[35.29817425, 129.1034154]","[35.29817425, 129.1034154]"
3400,35.28413422,129.0946644,"[35.28413422, 129.0946644]","[35.28413422, 129.0946644]"
3401,35.27950685,129.0931175,"[35.27950685, 129.0931175]","[35.27950685, 129.0931175]"
3402,35.27932158,129.0932811,"[35.27932158, 129.0932811]","[35.27932158, 129.0932811]"
3403,35.22472042,129.0855671,"[35.22472042, 129.0855671]","[35.22472042, 129.0855671]"
3404,35.2245913,129.0854133,"[35.2245913, 129.0854133]","[35.2245913, 129.0854133]"
3405,35.22438166,129.0855714,"[35.22438166, 129.0855714]","[35.22438166, 129.0855714]"
3406,35.22451472,129.085751,"[35.22451472, 129.085751]","[35.22451472, 129.085751]"
3407,35.23342595,129.0916606,"[35.23342595, 129.0916606]","[35.23342595, 129.0916606]"
3408,35.26013572,129.0913797,"[35.26013572, 129.0913797]","[35.26013572, 129.0913797]"
3409,35.21605415,129.1158912,"[35.21605415, 129.1158912]","[35.21605415, 129.1158912]"
3410,35.21652972,129.1169858,"[35.21652972, 129.1169858]","[35.21652972, 129.1169858]"
3411,35.21514314,129.1131551,"[35.21514314, 129.1131551]","[35.21514314, 129.1131551]"
3412,35.21450812,129.1106053,"[35.21450812, 129.1106053]","[35.21450812, 129.1106053]"
3413,35.21389137,129.1082464,"[35.21389137, 129.1082464]","[35.21389137, 129.1082464]"
3414,35.214151,129.1087831,"[35.214151, 129.1087831]","[35.214151, 129.1087831]"
3415,35.2099798,129.104303,"[35.2099798, 129.104303]","[35.2099798, 129.104303]"
3416,35.21046591,129.1051814,"[35.21046591, 129.1051814]","[35.21046591, 129.1051814]"
3417,35.27569712,129.0924814,"[35.27569712, 129.0924814]","[35.27569712, 129.0924814]"
3418,35.27547606,129.0926879,"[35.27547606, 129.0926879]","[35.27547606, 129.0926879]"
3419,35.27084078,129.0926974,"[35.27084078, 129.0926974]","[35.27084078, 129.0926974]"
3420,35.26300301,129.0919654,"[35.26300301, 129.0919654]","[35.26300301, 129.0919654]"
3421,35.25349219,129.0913809,"[35.25349219, 129.0913809]","[35.25349219, 129.0913809]"
3422,35.25494761,129.0913858,"[35.25494761, 129.0913858]","[35.25494761, 129.0913858]"
3423,35.24992263,129.091665,"[35.24992263, 129.091665]","[35.24992263, 129.091665]"
3424,35.24682203,129.0926775,"[35.24682203, 129.0926775]","[35.24682203, 129.0926775]"
3425,35.24696258,129.0929767,"[35.24696258, 129.0929767]","[35.24696258, 129.0929767]"
3426,35.23805844,129.0923211,"[35.23805844, 129.0923211]","[35.23805844, 129.0923211]"
3427,35.23958217,129.092563,"[35.23958217, 129.092563]","[35.23958217, 129.092563]"
3428,35.23916092,129.0924917,"[35.23916092, 129.0924917]","[35.23916092, 129.0924917]"
3429,35.23001173,129.0912978,"[35.23001173, 129.0912978]","[35.23001173, 129.0912978]"
3430,35.23138891,129.0914436,"[35.23138891, 129.0914436]","[35.23138891, 129.0914436]"
3431,35.22310213,129.0873956,"[35.22310213, 129.0873956]","[35.22310213, 129.0873956]"
3432,35.22331313,129.0876753,"[35.22331313, 129.0876753]","[35.22331313, 129.0876753]"
3433,35.24255586,129.0930176,"[35.24255586, 129.0930176]","[35.24255586, 129.0930176]"
3434,35.05701548,128.9707429,"[35.05701548, 128.9707429]","[35.05701548, 128.9707429]"
3435,35.08447408,129.0059182,"[35.08447408, 129.0059182]","[35.08447408, 129.0059182]"
3436,35.08074531,128.9727131,"[35.08074531, 128.9727131]","[35.08074531, 128.9727131]"
3437,35.0990665,128.960726,"[35.0990665, 128.960726]","[35.0990665, 128.960726]"
3438,35.08055823,128.972694,"[35.08055823, 128.972694]","[35.08055823, 128.972694]"
3439,35.07780108,128.9728412,"[35.07780108, 128.9728412]","[35.07780108, 128.9728412]"
3440,35.09827095,128.9603236,"[35.09827095, 128.9603236]","[35.09827095, 128.9603236]"
3441,35.06339426,128.9920665,"[35.06339426, 128.9920665]","[35.06339426, 128.9920665]"
3442,35.06664507,128.9904284,"[35.06664507, 128.9904284]","[35.06664507, 128.9904284]"
3443,35.06681663,128.9906688,"[35.06681663, 128.9906688]","[35.06681663, 128.9906688]"
3444,35.08726429,129.0050696,"[35.08726429, 129.0050696]","[35.08726429, 129.0050696]"
3445,35.06964245,128.9732174,"[35.06964245, 128.9732174]","[35.06964245, 128.9732174]"
3446,35.08603088,129.0055289,"[35.08603088, 129.0055289]","[35.08603088, 129.0055289]"
3447,35.08477245,129.0057453,"[35.08477245, 129.0057453]","[35.08477245, 129.0057453]"
3448,35.09730209,128.9602125,"[35.09730209, 128.9602125]","[35.09730209, 128.9602125]"
3449,35.10449988,128.9758652,"[35.10449988, 128.9758652]","[35.10449988, 128.9758652]"
3450,35.0479076,128.9668349,"[35.0479076, 128.9668349]","[35.0479076, 128.9668349]"
3451,35.10624331,128.9686278,"[35.10624331, 128.9686278]","[35.10624331, 128.9686278]"
3452,35.08593616,128.9869953,"[35.08593616, 128.9869953]","[35.08593616, 128.9869953]"
3453,35.08756304,128.9732978,"[35.08756304, 128.9732978]","[35.08756304, 128.9732978]"
3454,35.08758038,128.9725846,"[35.08758038, 128.9725846]","[35.08758038, 128.9725846]"
3455,35.04764279,128.9680321,"[35.04764279, 128.9680321]","[35.04764279, 128.9680321]"
3456,35.07179714,128.9767953,"[35.07179714, 128.9767953]","[35.07179714, 128.9767953]"
3457,35.09083768,128.972891,"[35.09083768, 128.972891]","[35.09083768, 128.972891]"
3458,35.10352735,129.0026512,"[35.10352735, 129.0026512]","[35.10352735, 129.0026512]"
3459,35.10264327,128.9699527,"[35.10264327, 128.9699527]","[35.10264327, 128.9699527]"
3460,35.10603011,128.9585775,"[35.10603011, 128.9585775]","[35.10603011, 128.9585775]"
3461,35.10121719,128.9959696,"[35.10121719, 128.9959696]","[35.10121719, 128.9959696]"
3462,35.10665207,128.9586206,"[35.10665207, 128.9586206]","[35.10665207, 128.9586206]"
3463,35.1085976,128.9588252,"[35.1085976, 128.9588252]","[35.1085976, 128.9588252]"
3464,35.1095137,128.9589344,"[35.1095137, 128.9589344]","[35.1095137, 128.9589344]"
3465,35.11046578,128.9591517,"[35.11046578, 128.9591517]","[35.11046578, 128.9591517]"
3466,35.10065952,128.9947994,"[35.10065952, 128.9947994]","[35.10065952, 128.9947994]"
3467,35.09740766,129.0107325,"[35.09740766, 129.0107325]","[35.09740766, 129.0107325]"
3468,35.09923175,128.9935321,"[35.09923175, 128.9935321]","[35.09923175, 128.9935321]"
3469,35.06391567,128.960075,"[35.06391567, 128.960075]","[35.06391567, 128.960075]"
3470,35.06424675,128.9599879,"[35.06424675, 128.9599879]","[35.06424675, 128.9599879]"
3471,35.09949166,128.9910673,"[35.09949166, 128.9910673]","[35.09949166, 128.9910673]"
3472,35.06403944,128.9597992,"[35.06403944, 128.9597992]","[35.06403944, 128.9597992]"
3473,35.09429742,128.9931059,"[35.09429742, 128.9931059]","[35.09429742, 128.9931059]"
3474,35.08501455,128.9797657,"[35.08501455, 128.9797657]","[35.08501455, 128.9797657]"
3475,35.09460813,128.9624688,"[35.09460813, 128.9624688]","[35.09460813, 128.9624688]"
3476,35.0907927,128.9778853,"[35.0907927, 128.9778853]","[35.0907927, 128.9778853]"
3477,35.09082451,128.9972758,"[35.09082451, 128.9972758]","[35.09082451, 128.9972758]"
3478,35.09569711,128.9619221,"[35.09569711, 128.9619221]","[35.09569711, 128.9619221]"
3479,35.09687656,128.9909733,"[35.09687656, 128.9909733]","[35.09687656, 128.9909733]"
3480,35.09705281,128.9863123,"[35.09705281, 128.9863123]","[35.09705281, 128.9863123]"
3481,35.09710489,128.9860946,"[35.09710489, 128.9860946]","[35.09710489, 128.9860946]"
3482,35.09667029,128.9880508,"[35.09667029, 128.9880508]","[35.09667029, 128.9880508]"
3483,35.10225078,128.9563143,"[35.10225078, 128.9563143]","[35.10225078, 128.9563143]"
3484,35.05076562,128.9659361,"[35.05076562, 128.9659361]","[35.05076562, 128.9659361]"
3485,35.050243,128.9662354,"[35.050243, 128.9662354]","[35.050243, 128.9662354]"
3486,35.04999669,128.9661387,"[35.04999669, 128.9661387]","[35.04999669, 128.9661387]"
3487,35.08871701,129.0012187,"[35.08871701, 129.0012187]","[35.08871701, 129.0012187]"
3488,35.05014872,128.9665441,"[35.05014872, 128.9665441]","[35.05014872, 128.9665441]"
3489,35.09610115,128.9600169,"[35.09610115, 128.9600169]","[35.09610115, 128.9600169]"
3490,35.05004103,128.9681755,"[35.05004103, 128.9681755]","[35.05004103, 128.9681755]"
3491,35.05022216,128.9680855,"[35.05022216, 128.9680855]","[35.05022216, 128.9680855]"
3492,35.05010941,128.9678906,"[35.05010941, 128.9678906]","[35.05010941, 128.9678906]"
3493,35.09594814,128.9782049,"[35.09594814, 128.9782049]","[35.09594814, 128.9782049]"
3494,35.05267595,128.9662177,"[35.05267595, 128.9662177]","[35.05267595, 128.9662177]"
3495,35.0824777,128.9667975,"[35.0824777, 128.9667975]","[35.0824777, 128.9667975]"
3496,35.08287682,128.9666831,"[35.08287682, 128.9666831]","[35.08287682, 128.9666831]"
3497,35.08207461,128.9775296,"[35.08207461, 128.9775296]","[35.08207461, 128.9775296]"
3498,35.08240986,128.9776237,"[35.08240986, 128.9776237]","[35.08240986, 128.9776237]"
3499,35.08076483,128.9683502,"[35.08076483, 128.9683502]","[35.08076483, 128.9683502]"
3500,35.05768886,128.9953373,"[35.05768886, 128.9953373]","[35.05768886, 128.9953373]"
3501,35.08165669,129.0055286,"[35.08165669, 129.0055286]","[35.08165669, 129.0055286]"
3502,35.08242795,129.0062671,"[35.08242795, 129.0062671]","[35.08242795, 129.0062671]"
3503,35.0835301,129.0065438,"[35.0835301, 129.0065438]","[35.0835301, 129.0065438]"
3504,35.08065638,128.972843,"[35.08065638, 128.972843]","[35.08065638, 128.972843]"
3505,35.0835449,128.9970447,"[35.0835449, 128.9970447]","[35.0835449, 128.9970447]"
3506,35.08152261,128.9647919,"[35.08152261, 128.9647919]","[35.08152261, 128.9647919]"
3507,35.10491873,128.9654925,"[35.10491873, 128.9654925]","[35.10491873, 128.9654925]"
3508,35.06716091,128.9545367,"[35.06716091, 128.9545367]","[35.06716091, 128.9545367]"
3509,35.06756765,128.9568351,"[35.06756765, 128.9568351]","[35.06756765, 128.9568351]"
3510,35.0674856,128.9563757,"[35.0674856, 128.9563757]","[35.0674856, 128.9563757]"
3511,35.08785828,129.0051492,"[35.08785828, 129.0051492]","[35.08785828, 129.0051492]"
3512,35.09745337,128.9939639,"[35.09745337, 128.9939639]","[35.09745337, 128.9939639]"
3513,35.05419005,128.9710476,"[35.05419005, 128.9710476]","[35.05419005, 128.9710476]"
3514,35.10335661,128.9748318,"[35.10335661, 128.9748318]","[35.10335661, 128.9748318]"
3515,35.1012797,128.9766007,"[35.1012797, 128.9766007]","[35.1012797, 128.9766007]"
3516,35.09145154,128.9643173,"[35.09145154, 128.9643173]","[35.09145154, 128.9643173]"
3517,35.09171918,128.9730449,"[35.09171918, 128.9730449]","[35.09171918, 128.9730449]"
3518,35.09652118,128.9848652,"[35.09652118, 128.9848652]","[35.09652118, 128.9848652]"
3519,35.05636209,128.9716111,"[35.05636209, 128.9716111]","[35.05636209, 128.9716111]"
3520,35.05549293,128.9716846,"[35.05549293, 128.9716846]","[35.05549293, 128.9716846]"
3521,35.05565514,128.9718774,"[35.05565514, 128.9718774]","[35.05565514, 128.9718774]"
3522,35.1049344,128.9732687,"[35.1049344, 128.9732687]","[35.1049344, 128.9732687]"
3523,35.10370157,128.959188,"[35.10370157, 128.959188]","[35.10370157, 128.959188]"
3524,35.084048,128.9985187,"[35.084048, 128.9985187]","[35.084048, 128.9985187]"
3525,35.08417741,128.9979848,"[35.08417741, 128.9979848]","[35.08417741, 128.9979848]"
3526,35.10026961,128.9931328,"[35.10026961, 128.9931328]","[35.10026961, 128.9931328]"
3527,35.0990105,128.9584309,"[35.0990105, 128.9584309]","[35.0990105, 128.9584309]"
3528,35.0991947,128.9582614,"[35.0991947, 128.9582614]","[35.0991947, 128.9582614]"
3529,35.09900119,128.95809,"[35.09900119, 128.95809]","[35.09900119, 128.95809]"
3530,35.10103785,128.9583023,"[35.10103785, 128.9583023]","[35.10103785, 128.9583023]"
3531,35.07767233,128.977339,"[35.07767233, 128.977339]","[35.07767233, 128.977339]"
3532,35.06606248,128.9811639,"[35.06606248, 128.9811639]","[35.06606248, 128.9811639]"
3533,35.0975736,128.9839641,"[35.0975736, 128.9839641]","[35.0975736, 128.9839641]"
3534,35.09789384,128.9824848,"[35.09789384, 128.9824848]","[35.09789384, 128.9824848]"
3535,35.09822422,128.9809916,"[35.09822422, 128.9809916]","[35.09822422, 128.9809916]"
3536,35.09938542,128.9779643,"[35.09938542, 128.9779643]","[35.09938542, 128.9779643]"
3537,35.1130187,128.9641581,"[35.1130187, 128.9641581]","[35.1130187, 128.9641581]"
3538,35.08538734,128.9675753,"[35.08538734, 128.9675753]","[35.08538734, 128.9675753]"
3539,35.04779533,128.9689386,"[35.04779533, 128.9689386]","[35.04779533, 128.9689386]"
3540,35.08978759,128.9733484,"[35.08978759, 128.9733484]","[35.08978759, 128.9733484]"
3541,35.09086424,128.9732958,"[35.09086424, 128.9732958]","[35.09086424, 128.9732958]"
3542,35.08221909,128.9905592,"[35.08221909, 128.9905592]","[35.08221909, 128.9905592]"
3543,35.10245082,128.970489,"[35.10245082, 128.970489]","[35.10245082, 128.970489]"
3544,35.04940131,128.9700272,"[35.04940131, 128.9700272]","[35.04940131, 128.9700272]"
3545,35.07622264,128.972912,"[35.07622264, 128.972912]","[35.07622264, 128.972912]"
3546,35.0768609,128.9906496,"[35.0768609, 128.9906496]","[35.0768609, 128.9906496]"
3547,35.07706949,128.9906551,"[35.07706949, 128.9906551]","[35.07706949, 128.9906551]"
3548,35.08638564,129.0065369,"[35.08638564, 129.0065369]","[35.08638564, 129.0065369]"
3549,35.08819054,128.9941677,"[35.08819054, 128.9941677]","[35.08819054, 128.9941677]"
3550,35.05278334,128.9668435,"[35.05278334, 128.9668435]","[35.05278334, 128.9668435]"
3551,35.05295182,128.9669518,"[35.05295182, 128.9669518]","[35.05295182, 128.9669518]"
3552,35.05284533,128.9709431,"[35.05284533, 128.9709431]","[35.05284533, 128.9709431]"
3553,35.08061737,128.976793,"[35.08061737, 128.976793]","[35.08061737, 128.976793]"
3554,35.06356802,128.9809776,"[35.06356802, 128.9809776]","[35.06356802, 128.9809776]"
3555,35.10051419,128.9805384,"[35.10051419, 128.9805384]","[35.10051419, 128.9805384]"
3556,35.08105693,128.9900265,"[35.08105693, 128.9900265]","[35.08105693, 128.9900265]"
3557,35.10334572,128.9743793,"[35.10334572, 128.9743793]","[35.10334572, 128.9743793]"
3558,35.04940311,128.9618831,"[35.04940311, 128.9618831]","[35.04940311, 128.9618831]"
3559,35.07363608,128.976408,"[35.07363608, 128.976408]","[35.07363608, 128.976408]"
3560,35.07436057,128.9765537,"[35.07436057, 128.9765537]","[35.07436057, 128.9765537]"
3561,35.10142742,128.9763877,"[35.10142742, 128.9763877]","[35.10142742, 128.9763877]"
3562,35.1017136,128.9766494,"[35.1017136, 128.9766494]","[35.1017136, 128.9766494]"
3563,35.08580607,128.9951151,"[35.08580607, 128.9951151]","[35.08580607, 128.9951151]"
3564,35.09946699,128.9848254,"[35.09946699, 128.9848254]","[35.09946699, 128.9848254]"
3565,35.05337158,128.9951428,"[35.05337158, 128.9951428]","[35.05337158, 128.9951428]"
3566,35.05331505,128.9953328,"[35.05331505, 128.9953328]","[35.05331505, 128.9953328]"
3567,35.05892455,128.972047,"[35.05892455, 128.972047]","[35.05892455, 128.972047]"
3568,35.1148327,128.9605735,"[35.1148327, 128.9605735]","[35.1148327, 128.9605735]"
3569,35.08979233,128.9939467,"[35.08979233, 128.9939467]","[35.08979233, 128.9939467]"
3570,35.08241167,128.9724253,"[35.08241167, 128.9724253]","[35.08241167, 128.9724253]"
3571,35.10632954,128.9658162,"[35.10632954, 128.9658162]","[35.10632954, 128.9658162]"
3572,35.10622378,128.965816,"[35.10622378, 128.965816]","[35.10622378, 128.965816]"
3573,35.1061181,128.9658177,"[35.1061181, 128.9658177]","[35.1061181, 128.9658177]"
3574,35.05141509,128.958964,"[35.05141509, 128.958964]","[35.05141509, 128.958964]"
3575,35.05181709,128.9959802,"[35.05181709, 128.9959802]","[35.05181709, 128.9959802]"
3576,35.07892332,128.9903289,"[35.07892332, 128.9903289]","[35.07892332, 128.9903289]"
3577,35.09524458,128.9771972,"[35.09524458, 128.9771972]","[35.09524458, 128.9771972]"
3578,35.09488789,128.9767497,"[35.09488789, 128.9767497]","[35.09488789, 128.9767497]"
3579,35.09487411,128.9777316,"[35.09487411, 128.9777316]","[35.09487411, 128.9777316]"
3580,35.0950842,128.9775352,"[35.0950842, 128.9775352]","[35.0950842, 128.9775352]"
3581,35.09324651,128.9778843,"[35.09324651, 128.9778843]","[35.09324651, 128.9778843]"
3582,35.08258236,128.9664269,"[35.08258236, 128.9664269]","[35.08258236, 128.9664269]"
3583,35.08257378,128.9668454,"[35.08257378, 128.9668454]","[35.08257378, 128.9668454]"
3584,35.08588499,128.9520812,"[35.08588499, 128.9520812]","[35.08588499, 128.9520812]"
3585,35.08566383,128.9517103,"[35.08566383, 128.9517103]","[35.08566383, 128.9517103]"
3586,35.05149678,128.970754,"[35.05149678, 128.970754]","[35.05149678, 128.970754]"
3587,35.07070264,128.9771899,"[35.07070264, 128.9771899]","[35.07070264, 128.9771899]"
3588,35.06915175,128.9777849,"[35.06915175, 128.9777849]","[35.06915175, 128.9777849]"
3589,35.07580551,128.9768374,"[35.07580551, 128.9768374]","[35.07580551, 128.9768374]"
3590,35.08034934,128.9773254,"[35.08034934, 128.9773254]","[35.08034934, 128.9773254]"
3591,35.08232036,128.9771478,"[35.08232036, 128.9771478]","[35.08232036, 128.9771478]"
3592,35.08195548,128.9773491,"[35.08195548, 128.9773491]","[35.08195548, 128.9773491]"
3593,35.08242191,128.9773411,"[35.08242191, 128.9773411]","[35.08242191, 128.9773411]"
3594,35.10424672,128.9716686,"[35.10424672, 128.9716686]","[35.10424672, 128.9716686]"
3595,35.08294993,129.0094215,"[35.08294993, 129.0094215]","[35.08294993, 129.0094215]"
3596,35.05749285,128.9951662,"[35.05749285, 128.9951662]","[35.05749285, 128.9951662]"
3597,35.09776359,128.9611176,"[35.09776359, 128.9611176]","[35.09776359, 128.9611176]"
3598,35.10045378,128.9801702,"[35.10045378, 128.9801702]","[35.10045378, 128.9801702]"
3599,35.10008932,128.9818369,"[35.10008932, 128.9818369]","[35.10008932, 128.9818369]"
3600,35.08828656,128.998466,"[35.08828656, 128.998466]","[35.08828656, 128.998466]"
3601,35.08961837,128.9997334,"[35.08961837, 128.9997334]","[35.08961837, 128.9997334]"
3602,35.08941646,128.9997096,"[35.08941646, 128.9997096]","[35.08941646, 128.9997096]"
3603,35.08947856,128.999951,"[35.08947856, 128.999951]","[35.08947856, 128.999951]"
3604,35.08362334,128.9726735,"[35.08362334, 128.9726735]","[35.08362334, 128.9726735]"
3605,35.08297276,128.9726354,"[35.08297276, 128.9726354]","[35.08297276, 128.9726354]"
3606,35.08251518,128.9689398,"[35.08251518, 128.9689398]","[35.08251518, 128.9689398]"
3607,35.08229711,128.9623405,"[35.08229711, 128.9623405]","[35.08229711, 128.9623405]"
3608,35.10053321,128.9766429,"[35.10053321, 128.9766429]","[35.10053321, 128.9766429]"
3609,35.09999418,128.9768318,"[35.09999418, 128.9768318]","[35.09999418, 128.9768318]"
3610,35.06309938,128.9919172,"[35.06309938, 128.9919172]","[35.06309938, 128.9919172]"
3611,35.06235522,128.9926561,"[35.06235522, 128.9926561]","[35.06235522, 128.9926561]"
3612,35.06656237,128.9904315,"[35.06656237, 128.9904315]","[35.06656237, 128.9904315]"
3613,35.06698705,128.9904288,"[35.06698705, 128.9904288]","[35.06698705, 128.9904288]"
3614,35.07608402,128.9904635,"[35.07608402, 128.9904635]","[35.07608402, 128.9904635]"
3615,35.07724333,128.9904885,"[35.07724333, 128.9904885]","[35.07724333, 128.9904885]"
3616,35.07141205,128.9904273,"[35.07141205, 128.9904273]","[35.07141205, 128.9904273]"
3617,35.08395554,128.9649537,"[35.08395554, 128.9649537]","[35.08395554, 128.9649537]"
3618,35.06380323,128.9575775,"[35.06380323, 128.9575775]","[35.06380323, 128.9575775]"
3619,35.06351232,128.9576528,"[35.06351232, 128.9576528]","[35.06351232, 128.9576528]"
3620,35.09657415,128.9837529,"[35.09657415, 128.9837529]","[35.09657415, 128.9837529]"
3621,35.09144337,128.9954024,"[35.09144337, 128.9954024]","[35.09144337, 128.9954024]"
3622,35.10408997,128.9657201,"[35.10408997, 128.9657201]","[35.10408997, 128.9657201]"
3623,35.10397776,128.9656757,"[35.10397776, 128.9656757]","[35.10397776, 128.9656757]"
3624,35.10385778,128.9656115,"[35.10385778, 128.9656115]","[35.10385778, 128.9656115]"
3625,35.10338537,128.9671632,"[35.10338537, 128.9671632]","[35.10338537, 128.9671632]"
3626,35.10284298,128.9685798,"[35.10284298, 128.9685798]","[35.10284298, 128.9685798]"
3627,35.10622332,128.9638319,"[35.10622332, 128.9638319]","[35.10622332, 128.9638319]"
3628,35.1065529,128.9585203,"[35.1065529, 128.9585203]","[35.1065529, 128.9585203]"
3629,35.1063912,128.9587056,"[35.1063912, 128.9587056]","[35.1063912, 128.9587056]"
3630,35.0962592,128.9602045,"[35.0962592, 128.9602045]","[35.0962592, 128.9602045]"
3631,35.09468437,128.9602719,"[35.09468437, 128.9602719]","[35.09468437, 128.9602719]"
3632,35.09014994,128.9599933,"[35.09014994, 128.9599933]","[35.09014994, 128.9599933]"
3633,35.08994515,128.9602373,"[35.08994515, 128.9602373]","[35.08994515, 128.9602373]"
3634,35.09012486,128.9605091,"[35.09012486, 128.9605091]","[35.09012486, 128.9605091]"
3635,35.09036412,128.9602603,"[35.09036412, 128.9602603]","[35.09036412, 128.9602603]"
3636,35.10231174,128.970548,"[35.10231174, 128.970548]","[35.10231174, 128.970548]"
3637,35.10195813,128.9732322,"[35.10195813, 128.9732322]","[35.10195813, 128.9732322]"
3638,35.10211744,128.9749572,"[35.10211744, 128.9749572]","[35.10211744, 128.9749572]"
3639,35.08618957,128.9894856,"[35.08618957, 128.9894856]","[35.08618957, 128.9894856]"
3640,35.08585933,128.9893977,"[35.08585933, 128.9893977]","[35.08585933, 128.9893977]"
3641,35.08568839,128.9904165,"[35.08568839, 128.9904165]","[35.08568839, 128.9904165]"
3642,35.08252775,128.9872392,"[35.08252775, 128.9872392]","[35.08252775, 128.9872392]"
3643,35.09093549,128.9971823,"[35.09093549, 128.9971823]","[35.09093549, 128.9971823]"
3644,35.09046173,128.9984208,"[35.09046173, 128.9984208]","[35.09046173, 128.9984208]"
3645,35.08264435,128.9646953,"[35.08264435, 128.9646953]","[35.08264435, 128.9646953]"
3646,35.08253996,128.9648631,"[35.08253996, 128.9648631]","[35.08253996, 128.9648631]"
3647,35.08263615,128.9650456,"[35.08263615, 128.9650456]","[35.08263615, 128.9650456]"
3648,35.08274565,128.9648793,"[35.08274565, 128.9648793]","[35.08274565, 128.9648793]"
3649,35.08750219,129.0049237,"[35.08750219, 129.0049237]","[35.08750219, 129.0049237]"
3650,35.08736318,129.0052577,"[35.08736318, 129.0052577]","[35.08736318, 129.0052577]"
3651,35.08418575,129.0089676,"[35.08418575, 129.0089676]","[35.08418575, 129.0089676]"
3652,35.09098765,128.9730221,"[35.09098765, 128.9730221]","[35.09098765, 128.9730221]"
3653,35.09295863,128.972408,"[35.09295863, 128.972408]","[35.09295863, 128.972408]"
3654,35.09300543,128.972257,"[35.09300543, 128.972257]","[35.09300543, 128.972257]"
3655,35.09292417,128.9733027,"[35.09292417, 128.9733027]","[35.09292417, 128.9733027]"
3656,35.09325427,128.9736373,"[35.09325427, 128.9736373]","[35.09325427, 128.9736373]"
3657,35.09424538,128.9752891,"[35.09424538, 128.9752891]","[35.09424538, 128.9752891]"
3658,35.0962528,128.977995,"[35.0962528, 128.977995]","[35.0962528, 128.977995]"
3659,35.09612751,128.9782545,"[35.09612751, 128.9782545]","[35.09612751, 128.9782545]"
3660,35.09659681,128.9800632,"[35.09659681, 128.9800632]","[35.09659681, 128.9800632]"
3661,35.09667082,128.9814704,"[35.09667082, 128.9814704]","[35.09667082, 128.9814704]"
3662,35.09696386,128.9861658,"[35.09696386, 128.9861658]","[35.09696386, 128.9861658]"
3663,35.0971693,128.9862316,"[35.0971693, 128.9862316]","[35.0971693, 128.9862316]"
3664,35.0677151,128.9565679,"[35.0677151, 128.9565679]","[35.0677151, 128.9565679]"
3665,35.06734516,128.9566566,"[35.06734516, 128.9566566]","[35.06734516, 128.9566566]"
3666,35.07809656,128.95363,"[35.07809656, 128.95363]","[35.07809656, 128.95363]"
3667,35.07793673,128.9539115,"[35.07793673, 128.9539115]","[35.07793673, 128.9539115]"
3668,35.07817282,128.9540714,"[35.07817282, 128.9540714]","[35.07817282, 128.9540714]"
3669,35.11470152,128.9589466,"[35.11470152, 128.9589466]","[35.11470152, 128.9589466]"
3670,35.11487872,128.9593659,"[35.11487872, 128.9593659]","[35.11487872, 128.9593659]"
3671,35.09630922,128.9556248,"[35.09630922, 128.9556248]","[35.09630922, 128.9556248]"
3672,35.07766102,128.9515554,"[35.07766102, 128.9515554]","[35.07766102, 128.9515554]"
3673,35.07773829,128.951674,"[35.07773829, 128.951674]","[35.07773829, 128.951674]"
3674,35.07782306,128.9516825,"[35.07782306, 128.9516825]","[35.07782306, 128.9516825]"
3675,35.06342113,128.9552674,"[35.06342113, 128.9552674]","[35.06342113, 128.9552674]"
3676,35.05631447,128.9570869,"[35.05631447, 128.9570869]","[35.05631447, 128.9570869]"
3677,35.05652371,128.9572817,"[35.05652371, 128.9572817]","[35.05652371, 128.9572817]"
3678,35.04850912,128.9648117,"[35.04850912, 128.9648117]","[35.04850912, 128.9648117]"
3679,35.04837316,128.9652656,"[35.04837316, 128.9652656]","[35.04837316, 128.9652656]"
3680,35.05425339,128.9706574,"[35.05425339, 128.9706574]","[35.05425339, 128.9706574]"
3681,35.05663926,128.9707177,"[35.05663926, 128.9707177]","[35.05663926, 128.9707177]"
3682,35.05730432,128.9710739,"[35.05730432, 128.9710739]","[35.05730432, 128.9710739]"
3683,35.06070276,128.9745742,"[35.06070276, 128.9745742]","[35.06070276, 128.9745742]"
3684,35.06184467,128.976743,"[35.06184467, 128.976743]","[35.06184467, 128.976743]"
3685,35.06420756,128.9795131,"[35.06420756, 128.9795131]","[35.06420756, 128.9795131]"
3686,35.07778059,128.9771839,"[35.07778059, 128.9771839]","[35.07778059, 128.9771839]"
3687,35.10374243,128.9630636,"[35.10374243, 128.9630636]","[35.10374243, 128.9630636]"
3688,35.10033522,128.960763,"[35.10033522, 128.960763]","[35.10033522, 128.960763]"
3689,35.10198958,128.9608087,"[35.10198958, 128.9608087]","[35.10198958, 128.9608087]"
3690,35.09042275,128.9649807,"[35.09042275, 128.9649807]","[35.09042275, 128.9649807]"
3691,35.08977725,128.9651926,"[35.08977725, 128.9651926]","[35.08977725, 128.9651926]"
3692,35.08947572,128.9729887,"[35.08947572, 128.9729887]","[35.08947572, 128.9729887]"
3693,35.09018942,128.9730353,"[35.09018942, 128.9730353]","[35.09018942, 128.9730353]"
3694,35.08929051,128.9777145,"[35.08929051, 128.9777145]","[35.08929051, 128.9777145]"
3695,35.08729941,128.9728743,"[35.08729941, 128.9728743]","[35.08729941, 128.9728743]"
3696,35.08789988,128.9729057,"[35.08789988, 128.9729057]","[35.08789988, 128.9729057]"
3697,35.08774861,128.9776036,"[35.08774861, 128.9776036]","[35.08774861, 128.9776036]"
3698,35.08560929,128.9598769,"[35.08560929, 128.9598769]","[35.08560929, 128.9598769]"
3699,35.08543362,128.9600336,"[35.08543362, 128.9600336]","[35.08543362, 128.9600336]"
3700,35.08559945,128.9602027,"[35.08559945, 128.9602027]","[35.08559945, 128.9602027]"
3701,35.08577705,128.9600539,"[35.08577705, 128.9600539]","[35.08577705, 128.9600539]"
3702,35.0854663,128.9648123,"[35.0854663, 128.9648123]","[35.0854663, 128.9648123]"
3703,35.08529707,128.9650055,"[35.08529707, 128.9650055]","[35.08529707, 128.9650055]"
3704,35.08546356,128.9651996,"[35.08546356, 128.9651996]","[35.08546356, 128.9651996]"
3705,35.08563317,128.9650062,"[35.08563317, 128.9650062]","[35.08563317, 128.9650062]"
3706,35.08521527,128.9724647,"[35.08521527, 128.9724647]","[35.08521527, 128.9724647]"
3707,35.0849065,128.9727265,"[35.0849065, 128.9727265]","[35.0849065, 128.9727265]"
3708,35.08519183,128.9730766,"[35.08519183, 128.9730766]","[35.08519183, 128.9730766]"
3709,35.0855021,128.9727768,"[35.0855021, 128.9727768]","[35.0855021, 128.9727768]"
3710,35.0851064,128.9772353,"[35.0851064, 128.9772353]","[35.0851064, 128.9772353]"
3711,35.08493975,128.9774011,"[35.08493975, 128.9774011]","[35.08493975, 128.9774011]"
3712,35.0850976,128.9775721,"[35.0850976, 128.9775721]","[35.0850976, 128.9775721]"
3713,35.08526268,128.9774184,"[35.08526268, 128.9774184]","[35.08526268, 128.9774184]"
3714,35.0849054,128.9833046,"[35.0849054, 128.9833046]","[35.0849054, 128.9833046]"
3715,35.08471173,128.9837004,"[35.08471173, 128.9837004]","[35.08471173, 128.9837004]"
3716,35.08513422,128.9849642,"[35.08513422, 128.9849642]","[35.08513422, 128.9849642]"
3717,35.08600635,128.9868276,"[35.08600635, 128.9868276]","[35.08600635, 128.9868276]"
3718,35.08660862,128.9933824,"[35.08660862, 128.9933824]","[35.08660862, 128.9933824]"
3719,35.09211637,128.9932316,"[35.09211637, 128.9932316]","[35.09211637, 128.9932316]"
3720,35.0964604,128.9937327,"[35.0964604, 128.9937327]","[35.0964604, 128.9937327]"
3721,35.1043306,128.9647365,"[35.1043306, 128.9647365]","[35.1043306, 128.9647365]"
3722,35.10427861,128.9642969,"[35.10427861, 128.9642969]","[35.10427861, 128.9642969]"
3723,35.1048759,128.9656489,"[35.1048759, 128.9656489]","[35.1048759, 128.9656489]"
3724,35.11504651,128.9617795,"[35.11504651, 128.9617795]","[35.11504651, 128.9617795]"
3725,35.11486197,128.9619157,"[35.11486197, 128.9619157]","[35.11486197, 128.9619157]"
3726,35.11458,128.9620853,"[35.11458, 128.9620853]","[35.11458, 128.9620853]"
3727,35.11481622,128.9622089,"[35.11481622, 128.9622089]","[35.11481622, 128.9622089]"
3728,35.11307238,128.9638804,"[35.11307238, 128.9638804]","[35.11307238, 128.9638804]"
3729,35.11070982,128.9655026,"[35.11070982, 128.9655026]","[35.11070982, 128.9655026]"
3730,35.10921611,128.9664794,"[35.10921611, 128.9664794]","[35.10921611, 128.9664794]"
3731,35.10790262,128.9673457,"[35.10790262, 128.9673457]","[35.10790262, 128.9673457]"
3732,35.10579821,128.9677632,"[35.10579821, 128.9677632]","[35.10579821, 128.9677632]"
3733,35.10666866,128.9681514,"[35.10666866, 128.9681514]","[35.10666866, 128.9681514]"
3734,35.105185,128.9694213,"[35.105185, 128.9694213]","[35.105185, 128.9694213]"
3735,35.10241626,128.9770082,"[35.10241626, 128.9770082]","[35.10241626, 128.9770082]"
3736,35.10216945,128.9771049,"[35.10216945, 128.9771049]","[35.10216945, 128.9771049]"
3737,35.10220082,128.9773451,"[35.10220082, 128.9773451]","[35.10220082, 128.9773451]"
3738,35.09895159,128.9867797,"[35.09895159, 128.9867797]","[35.09895159, 128.9867797]"
3739,35.09910902,128.9871184,"[35.09910902, 128.9871184]","[35.09910902, 128.9871184]"
3740,35.09925142,128.9895712,"[35.09925142, 128.9895712]","[35.09925142, 128.9895712]"
3741,35.10217597,128.9979691,"[35.10217597, 128.9979691]","[35.10217597, 128.9979691]"
3742,35.10255295,128.9987291,"[35.10255295, 128.9987291]","[35.10255295, 128.9987291]"
3743,35.11167745,129.0344471,"[35.11167745, 129.0344471]","[35.11167745, 129.0344471]"
3744,35.11189087,129.0343799,"[35.11189087, 129.0343799]","[35.11189087, 129.0343799]"
3745,35.10988871,129.0351486,"[35.10988871, 129.0351486]","[35.10988871, 129.0351486]"
3746,35.11172415,129.0294541,"[35.11172415, 129.0294541]","[35.11172415, 129.0294541]"
3747,35.10874656,129.0312981,"[35.10874656, 129.0312981]","[35.10874656, 129.0312981]"
3748,35.10313345,129.0280654,"[35.10313345, 129.0280654]","[35.10313345, 129.0280654]"
3749,35.1031531,129.0278614,"[35.1031531, 129.0278614]","[35.1031531, 129.0278614]"
3750,35.10284419,129.0279187,"[35.10284419, 129.0279187]","[35.10284419, 129.0279187]"
3751,35.10319343,129.0238108,"[35.10319343, 129.0238108]","[35.10319343, 129.0238108]"
3752,35.10873387,129.0355504,"[35.10873387, 129.0355504]","[35.10873387, 129.0355504]"
3753,35.10684394,129.0324857,"[35.10684394, 129.0324857]","[35.10684394, 129.0324857]"
3754,35.10411088,129.0249006,"[35.10411088, 129.0249006]","[35.10411088, 129.0249006]"
3755,35.10507093,129.0310398,"[35.10507093, 129.0310398]","[35.10507093, 129.0310398]"
3756,35.10389645,129.0289689,"[35.10389645, 129.0289689]","[35.10389645, 129.0289689]"
3757,35.10620556,129.0265493,"[35.10620556, 129.0265493]","[35.10620556, 129.0265493]"
3758,35.10582227,129.0286727,"[35.10582227, 129.0286727]","[35.10582227, 129.0286727]"
3759,35.1047883,129.0214361,"[35.1047883, 129.0214361]","[35.1047883, 129.0214361]"
3760,35.10622171,129.0217047,"[35.10622171, 129.0217047]","[35.10622171, 129.0217047]"
3761,35.09789106,129.0281864,"[35.09789106, 129.0281864]","[35.09789106, 129.0281864]"
3762,35.10324168,129.0226457,"[35.10324168, 129.0226457]","[35.10324168, 129.0226457]"
3763,35.09826442,129.0251334,"[35.09826442, 129.0251334]","[35.09826442, 129.0251334]"
3764,35.11037339,129.0375831,"[35.11037339, 129.0375831]","[35.11037339, 129.0375831]"
3765,35.10291952,129.029966,"[35.10291952, 129.029966]","[35.10291952, 129.029966]"
3766,35.10309439,129.0260682,"[35.10309439, 129.0260682]","[35.10309439, 129.0260682]"
3767,35.10306966,129.0267028,"[35.10306966, 129.0267028]","[35.10306966, 129.0267028]"
3768,35.1010996,129.0227158,"[35.1010996, 129.0227158]","[35.1010996, 129.0227158]"
3769,35.10060911,129.0235113,"[35.10060911, 129.0235113]","[35.10060911, 129.0235113]"
3770,35.10040569,129.0250498,"[35.10040569, 129.0250498]","[35.10040569, 129.0250498]"
3771,35.10108973,129.025098,"[35.10108973, 129.025098]","[35.10108973, 129.025098]"
3772,35.10197172,129.0251457,"[35.10197172, 129.0251457]","[35.10197172, 129.0251457]"
3773,35.11214487,129.0345484,"[35.11214487, 129.0345484]","[35.11214487, 129.0345484]"
3774,35.11223928,129.037955,"[35.11223928, 129.037955]","[35.11223928, 129.037955]"
3775,35.11205404,129.0379306,"[35.11205404, 129.0379306]","[35.11205404, 129.0379306]"
3776,35.11180864,129.0381186,"[35.11180864, 129.0381186]","[35.11180864, 129.0381186]"
3777,35.10742312,129.0363032,"[35.10742312, 129.0363032]","[35.10742312, 129.0363032]"
3778,35.09775977,129.0283399,"[35.09775977, 129.0283399]","[35.09775977, 129.0283399]"
3779,35.09800105,129.0293497,"[35.09800105, 129.0293497]","[35.09800105, 129.0293497]"
3780,35.0969868,129.0254183,"[35.0969868, 129.0254183]","[35.0969868, 129.0254183]"
3781,35.09737423,129.0255932,"[35.09737423, 129.0255932]","[35.09737423, 129.0255932]"
3782,35.09980124,129.0244447,"[35.09980124, 129.0244447]","[35.09980124, 129.0244447]"
3783,35.09955844,129.024361,"[35.09955844, 129.024361]","[35.09955844, 129.024361]"
3784,35.09924312,129.0246333,"[35.09924312, 129.0246333]","[35.09924312, 129.0246333]"
3785,35.09920232,129.0248932,"[35.09920232, 129.0248932]","[35.09920232, 129.0248932]"
3786,35.09921568,129.0250618,"[35.09921568, 129.0250618]","[35.09921568, 129.0250618]"
3787,35.09978335,129.0250025,"[35.09978335, 129.0250025]","[35.09978335, 129.0250025]"
3788,35.10753196,129.0221951,"[35.10753196, 129.0221951]","[35.10753196, 129.0221951]"
3789,35.10727128,129.0222768,"[35.10727128, 129.0222768]","[35.10727128, 129.0222768]"
3790,35.10729878,129.0224606,"[35.10729878, 129.0224606]","[35.10729878, 129.0224606]"
3791,35.10747107,129.0225694,"[35.10747107, 129.0225694]","[35.10747107, 129.0225694]"
3792,35.10754431,129.0223704,"[35.10754431, 129.0223704]","[35.10754431, 129.0223704]"
3793,35.10642672,129.0232186,"[35.10642672, 129.0232186]","[35.10642672, 129.0232186]"
3794,35.10575698,129.0237965,"[35.10575698, 129.0237965]","[35.10575698, 129.0237965]"
3795,35.10492561,129.0245085,"[35.10492561, 129.0245085]","[35.10492561, 129.0245085]"
3796,35.10314142,129.0250841,"[35.10314142, 129.0250841]","[35.10314142, 129.0250841]"
3797,35.10300887,129.0252101,"[35.10300887, 129.0252101]","[35.10300887, 129.0252101]"
3798,35.10308626,129.0252506,"[35.10308626, 129.0252506]","[35.10308626, 129.0252506]"
3799,35.10312845,129.025329,"[35.10312845, 129.025329]","[35.10312845, 129.025329]"
3800,35.10313363,129.0252145,"[35.10313363, 129.0252145]","[35.10313363, 129.0252145]"
3801,35.10324306,129.0252154,"[35.10324306, 129.0252154]","[35.10324306, 129.0252154]"
3802,35.10301026,129.0278034,"[35.10301026, 129.0278034]","[35.10301026, 129.0278034]"
3803,35.10299727,129.0282434,"[35.10299727, 129.0282434]","[35.10299727, 129.0282434]"
3804,35.10770109,129.0400449,"[35.10770109, 129.0400449]","[35.10770109, 129.0400449]"
3805,35.10580747,129.039188,"[35.10580747, 129.039188]","[35.10580747, 129.039188]"
3806,35.10505248,129.037474,"[35.10505248, 129.037474]","[35.10505248, 129.037474]"
3807,35.10499889,129.0377744,"[35.10499889, 129.0377744]","[35.10499889, 129.0377744]"
3808,35.10526199,129.0376722,"[35.10526199, 129.0376722]","[35.10526199, 129.0376722]"
3809,35.10295715,129.0374395,"[35.10295715, 129.0374395]","[35.10295715, 129.0374395]"
3810,35.10287631,129.0376294,"[35.10287631, 129.0376294]","[35.10287631, 129.0376294]"
3811,35.10286962,129.0315478,"[35.10286962, 129.0315478]","[35.10286962, 129.0315478]"
3812,35.10283715,129.0327527,"[35.10283715, 129.0327527]","[35.10283715, 129.0327527]"
3813,35.10281946,129.0343717,"[35.10281946, 129.0343717]","[35.10281946, 129.0343717]"
3814,35.10288629,129.0354643,"[35.10288629, 129.0354643]","[35.10288629, 129.0354643]"
3815,35.09799985,129.0356526,"[35.09799985, 129.0356526]","[35.09799985, 129.0356526]"
