5,기장군,장안읍,0,산1-1,0,유,4,12,48,129.3028907,35.34049369
6,기장군,장안읍,0,산1-1,0,유,6,13,77,129.3029174,35.34064472
7,기장군,장안읍,0,산1-1,0,유,6,14,85,129.3027384,35.34065386
8,기장군,철마면,0,1008-52,0,유,8,17,142,129.1232316,35.33577368
9,강서구,강동동,0,661-1,0,유,8,36,283,128.9285118,35.22107583
10,기장군,철마면,0,402-1,0,유,6,14,88,129.1096704,35.30963574
11,금정구,두구동,0,산1,0,유,6,21,123,129.1080623,35.3077108
12,기장군,철마면,0,1008-65,0,유,6,19,113,129.115651,35.32264558
13,금정구,두구동,0,산1,0,유,7,27,135,129.107852,35.30759888
14,금정구,두구동,0,산1,0,유,6,17,98,129.1079176,35.30740008
15,금정구,두구동,0,1244-7,0,유,6,16,102,129.1074827,35.30667556
16,금정구,노포동,0,산37-7,0,유,6,11,57,129.080752,35.30405423
20,해운대구,중동,0,1829,0,유,0,0,0,129.1676905,35.16205089
21,기장군,장안읍,0,산1-1,0,유,6,12,76,129.3027295,35.34049989
22,강서구,강동동,0,661-1,0,유,15,26,207,128.9293086,35.22157219
24,해운대구,석대동,0,537-2,0,유,4,4,16,129.1207318,35.21819359
45,해운대구,중동,0,1524-2,0,유,7,28,163,129.1821306,35.16462595
75,해운대구,좌동,0,1318,0,유,5,17,39,129.180189,35.16768935
97,해운대구,좌동,0,1271,0,유,8,13,100,129.169098,35.17335553
108,해운대구,재송동,0,985-9,0,유,8,11,89,129.1270937,35.17531287
109,해운대구,우동,0,1228,0,유,8,10,84,129.1301021,35.17376728
118,해운대구,송정동,0,362-2,0,유,4,11,48,129.2041519,35.18226668
120,해운대구,재송동,0,640-4,0,유,8,20,160,129.1248232,35.17816698
121,해운대구,우동,0,977-8,0,유,4,11,64,129.1424743,35.16145899
127,해운대구,좌동,0,1458-2,0,유,6,23,129,129.175318,35.17017549
128,해운대구,반송동,0,216-290,0,유,6,12,73,129.1564614,35.23001217
129,해운대구,반송동,0,25873,0,유,6,12,74,129.1567525,35.23011708
142,해운대구,좌동,0,1435,0,유,9,14,85,129.1809726,35.1734543
146,해운대구,좌동,0,878-3,0,유,12,8,100,129.1738559,35.17478453
151,해운대구,좌동,0,1303,0,유,4,15,60,129.1793407,35.17583025
154,해운대구,좌동,0,1303,0,유,5,16,63,129.179171,35.17607659
161,해운대구,좌동,0,1318,0,유,6,12,74,129.1800467,35.16763973
162,해운대구,좌동,0,1318,0,유,8,12,81,129.180919,35.16741654
165,해운대구,반여동,0,산205-1,0,유,8,11,84,129.1237034,35.20187223
173,해운대구,재송동,0,352-5,0,유,7,24,156,129.1201807,35.18075252
184,해운대구,중동,0,1333-1,0,유,8,12,103,129.1681435,35.16875117
193,해운대구,좌동,0,1402,0,유,8,13,105,129.177308,35.17978698
196,해운대구,석대동,0,538-2,0,유,5,17,78,129.1206318,35.21807013
197,해운대구,재송동,0,1192,0,유,8,24,196,129.1211769,35.18104515
198,해운대구,재송동,0,1192,0,유,8,17,136,129.1212653,35.18130478
199,해운대구,재송동,0,985-9,0,유,8,13,103,129.1271026,35.17548591
200,해운대구,재송동,0,1228-14,0,유,9,16,123,129.1273834,35.17530739
201,해운대구,송정동,0,451-19,0,유,6,22,145,129.1995953,35.18164261
202,해운대구,송정동,0,136-23,0,유,7,21,138,129.2003211,35.18275088
203,해운대구,중동,0,1524-2,0,유,10,10,71,129.1823376,35.16473649
204,해운대구,우동,0,1228,0,유,9,13,77,129.1301246,35.17394209
205,해운대구,우동,0,1228,0,유,8,13,105,129.1303571,35.17373855
206,해운대구,반송동,0,275-7,0,유,8,26,200,129.1485607,35.22984925
207,해운대구,우동,0,1510,0,유,12,24,154,129.1335412,35.16778689
208,해운대구,우동,0,1510,0,유,17,12,147,129.1337188,35.16755678
520,북구,화명동,0,556-1,0,유,7,25,164,129.0070042,35.21954968
522,북구,화명동,0,754,0,유,0,0,0,129.017736,35.23295992
523,북구,화명동,0,754,0,유,0,0,0,129.0178246,35.23312523
524,북구,화명동,0,754,0,유,0,0,0,129.0177004,35.23306056
535,북구,화명동,0,2273,0,유,3,14,42,129.0123658,35.23531845
641,북구,화명동,0,2256,0,유,8,13,103,129.01159,35.23958136
700,북구,만덕동,0,960,0,유,0,0,0,0,0
1023,동래구,안락동,0,432-26,0,유,6,29,183,129.097757,35.19799038
1064,동래구,명장동,0,323-2,0,유,3,39,114,129.1031369,35.20700964
1072,동래구,낙민동,0,766,0,유,4,15,62,129.0954186,35.19732274
1131,동래구,명장동,0,279-25,0,유,3,14,41,129.0977515,35.20758765
1139,동래구,수안동,0,158-1,0,유,8,19,160,129.0850163,35.20150046
1238,부산진구,부암동,0,123-12,0,유,6,21,123,129.0518694,35.16312711
1254,부산진구,부암동,0,123-12,0,유,6,25,155,129.052159,35.16325353
1305,부산진구,범천동,0,1592-31,0,유,7,17,110,129.0510485,35.15134832
1307,부산진구,범천동,0,1169-5,0,유,6,18,99,129.0494241,35.15324897
1308,부산진구,당감동,0,232-3,0,유,8,35,277,129.0431056,35.16225218
1310,부산진구,부전동,0,263-11,0,유,6,15,95,129.0580621,35.15904547
1312,부산진구,전포동,0,146-2,0,유,8,14,113,129.0659913,35.16588372
1314,부산진구,전포동,0,164-8,0,유,8,14,114,129.0653286,35.16414452
1320,부산진구,전포동,0,145-26,0,유,12,23,280,129.0653872,35.1661344
1330,부산진구,범천동,0,859-24,0,유,7,15,98,129.0613937,35.14802074
1334,부산진구,전포동,0,868,0,유,5,19,101,129.0637683,35.15774959
1551,영도구,남항동2가,0,45684,0,유,6,15,92,129.0360248,35.08867785
1674,동구,범일동,0,949,0,유,11,23,244,129.0593709,35.13891378
1717,중구,부평동4가,0,14397,0,유,7,19,127,129.021436,35.10207587
2190,사상구,학장동,0,237-37,0,유,7,16,104,128.9820938,35.14189817
2192,사상구,덕포동,0,692-1,0,유,4,7,29,128.9821261,35.16710634
2193,사상구,엄궁동,0,690,0,유,6,22,141,128.9695562,35.12793188
2199,사상구,덕포동,0,740-1,0,유,8,18,147,128.9884318,35.17517007
2201,사상구,모라동,0,1349-13,0,유,9,18,158,128.9914957,35.18975245
2203,사상구,모라동,0,1337-7,0,유,9,19,162,128.9920339,35.19117519
2207,사상구,모라동,0,1339-10,0,유,9,19,165,128.9918682,35.19073905
2212,사상구,덕포동,0,388-8,0,유,6,13,82,128.984342,35.17524999
2213,사상구,덕포동,0,370-16,0,유,6,13,83,128.9854445,35.17975009
2215,사상구,모라동,0,0-35,0,유,6,13,85,128.987028,35.18624838
2218,사상구,모라동,0,712-15,0,유,7,13,86,128.9864265,35.18378528
2220,사상구,모라동,0,1310-2,0,유,8,15,126,128.9875883,35.18749557
2222,사상구,주례동,0,876-1,0,유,9,22,189,128.9982451,35.15367246
2224,사상구,감전동,0,174,0,유,8,17,142,128.9903449,35.1533335
2231,사상구,삼락동,0,25628,0,유,9,25,222,128.9842877,35.1940742
2242,북구,구포동,0,1133-1,0,유,7,19,122,128.9938566,35.19501489
2403,수영구,남천동,0,0,0,유,0,0,0,129.1124904,35.13715062
2576,연제구,연산동,0,243-14,0,유,4,5,16,129.1058022,35.18456555
2719,강서구,신호동,0,311-5,0,유,8,20,163,128.8730024,35.08155563
2730,강서구,신호동,0,311-7,0,유,6,13,83,128.8733282,35.08132401
2741,강서구,녹산동,0,5-167,0,유,6,25,157,128.897875,35.12538506
2766,강서구,명지동,0,3275,0,유,2,5,10,128.8997906,35.08439941
2773,강서구,명지동,0,3280,0,유,9,16,140,128.9017452,35.07961583
2775,강서구,죽림동,0,962,0,유,6,7,42,128.9034058,35.19333303
2780,강서구,대저1동,0,687-2,0,유,6,8,51,128.9787266,35.2144296
2781,강서구,명지동,0,16954,0,유,8,28,232,128.922862,35.09199359
2782,강서구,명지동,0,3438,0,유,0,0,0,128.9195124,35.09450543
2783,강서구,명지동,0,3438,0,유,0,0,0,128.9196278,35.09398859
2784,강서구,명지동,0,3438,0,유,0,0,0,128.9194586,35.09411644
2785,강서구,명지동,0,3438,0,유,0,0,0,128.916927,35.09323073
2786,강서구,명지동,0,3438,0,유,0,0,0,128.9168851,35.09339231
2787,강서구,명지동,0,3438,0,유,0,0,0,128.9171324,35.09345401
2788,강서구,명지동,0,3438,0,유,0,0,0,128.9168787,35.09359139
2789,강서구,명지동,0,3438,0,유,0,0,0,0,0
2790,강서구,명지동,0,3438,0,유,0,0,0,128.9166608,35.09336508
2791,강서구,미음동,0,1663-2,0,유,0,0,0,128.8761105,35.14429273
2792,강서구,미음동,0,1663-2,0,유,0,0,0,128.8758891,35.14445728
2793,강서구,미음동,0,1663-2,0,유,0,0,0,128.8755403,35.1443745
2796,강서구,지사동,0,1314-1,0,유,0,0,0,128.8296314,35.14360741
2797,강서구,지사동,0,1314-1,0,유,0,0,0,128.8294397,35.14353918
2859,강서구,신호동,0,307-1,0,유,6,13,86,128.8764892,35.08132753
3315,금정구,남산동,0,374-6,0,유,8,23,184,129.0927496,35.26817771
3338,금정구,장전동,0,541-48,0,유,7,19,133,129.0839755,35.22493943
3362,금정구,장전동,0,541-48,0,유,6,19,115,129.0833753,35.22509368
3437,사하구,하단동,0,667-1,0,유,7,17,110,128.960726,35.0990665
3440,사하구,하단동,0,667-1,0,유,7,15,105,128.9603236,35.09827095
3448,사하구,하단동,0,870-200,0,유,6,15,91,128.9602125,35.09730209
3450,사하구,다대동,0,1552,0,유,6,24,148,128.9668349,35.0479076
3455,사하구,다대동,0,467-1,0,유,13,22,141,128.9680321,35.04764279
3456,사하구,장림동,0,492-7,0,유,6,20,126,128.9767953,35.07179714
3461,사하구,괴정동,0,267-3,0,유,6,23,145,128.9959696,35.10121719
3466,사하구,괴정동,0,430-3,0,유,6,23,147,128.9947994,35.10065952
3468,사하구,괴정동,0,959-2,0,유,6,17,108,128.9935321,35.09923175
3471,사하구,괴정동,0,944-3,0,유,8,23,191,128.9910673,35.09949166
3473,사하구,괴정동,0,472-79,0,유,6,20,125,128.9931059,35.09429742
3474,사하구,신평동,0,106,0,유,7,26,176,128.9797657,35.08501455
3476,사하구,신평동,0,90-53,0,유,7,23,150,128.9778853,35.0907927
3478,사하구,신평동,0,409-12,0,유,6,17,102,128.9619221,35.09569711
3483,사하구,하단동,0,1174,0,유,8,30,247,128.9563143,35.10225078
3487,사하구,감천동,0,502-74,0,유,6,25,159,129.0012187,35.08871701
3506,사하구,장림동,0,1109-13,0,유,6,22,137,128.9647919,35.08152261
3512,사하구,괴정동,0,442-5,0,유,7,20,133,128.9939639,35.09745337
3514,사하구,당리동,0,317-114,0,유,6,13,81,128.9748318,35.10335661
3516,사하구,신평동,0,472-1,0,유,7,18,113,128.9643173,35.09145154
3517,사하구,신평동,0,282-25,0,유,7,14,96,128.9730449,35.09171918
3518,사하구,괴정동,0,563-58,0,유,6,9,56,128.9848652,35.09652118
3538,사하구,신평동,0,370-152,0,유,8,23,196,128.9675753,35.08538734
3539,사하구,다대동,0,1472-17,0,유,6,13,81,128.9689386,35.04779533
3544,사하구,다대동,0,1551-31,0,유,8,20,172,128.9700272,35.04940131
3548,사하구,감천동,0,28185,0,유,8,24,189,129.0065369,35.08638564
3549,사하구,감천동,0,789,0,유,7,18,129,128.9941677,35.08819054
3552,사하구,다대동,0,590-3,0,유,13,21,176,128.9709431,35.05284533
3556,사하구,구평동,0,90-49,0,유,7,21,140,128.9900265,35.08105693
3557,사하구,하단동,0,326-10,0,유,6,23,151,128.9743793,35.10334572
3751,중구,보수동3가,0,106-2,0,유,9,16,144,129.0238108,35.10319343
3754,중구,보수동2가,0,35551,0,유,6,17,108,129.0249006,35.10411088
3762,중구,보수동3가,0,14246,0,유,6,15,95,129.0226457,35.10324168
2206,사상구,감전동,0,174,"""구"" 사상구청앞",유,6,11,63,128.9865934,35.1541074
2208,사상구,감전동,0,140-4,"""구"" 사상구청앞",유,6,12,74,128.9868339,35.15406603
2209,사상구,감전동,0,174,"""구"" 사상구청앞",유,6,13,75,128.9867397,35.15418973
3426,금정구,부곡동,0,223-1,(LG마트)롯데마트 금정점,유,6,25,156,129.0923211,35.23805844
3427,금정구,부곡동,0,21582,(LG마트)롯데마트 금정점,유,9,28,234,129.092563,35.23958217
3428,금정구,부곡동,0,215-7,(LG마트)롯데마트 금정점,유,6,28,160,129.0924917,35.23916092
1642,동구,수정동,0,1144-6,(LG정유 초량충전소) 세일병원,유,4,16,58,129.0446386,35.12387009
1679,동구,수정동,0,1157-2,(LG정유 초량충전소) 세일병원,유,8,26,219,129.0445257,35.12406248
439,해운대구,송정동,0,134-1,(구) 송정검문소,유,7,24,139,129.2012047,35.18409312
440,해운대구,송정동,0,496-4,(구) 송정검문소,유,6,18,105,129.2012864,35.18385498
1025,동래구,온천동,0,1249-16,(구)부산백화점(남),유,6,17,105,129.0673544,35.20412728
1202,동래구,온천동,0,1486,(구)부산백화점(남),유,8,21,178,129.0670272,35.20398795
1201,동래구,온천동,0,1486,(구)부산백화점(북),유,8,30,242,129.0680498,35.2054674
1884,기장군,장안읍,반룡리,236,(군도14호)4지점교차로,유,6,7,41,129.2669227,35.34493289
1885,기장군,장안읍,반룡리,241,(군도14호)4지점교차로,유,6,7,40,129.2666032,35.34514065
1882,기장군,장안읍,반룡리,335,(군도14호)5지점교차로,유,6,7,40,129.2633989,35.34694723
1883,기장군,장안읍,기룡리,325-3,(군도14호)5지점교차로,유,6,7,40,129.2628985,35.34717349
1888,기장군,장안읍,길천리,355-2,(군도14호)7지점교차로,유,6,14,82,129.2796486,35.33208035
1886,기장군,장안읍,길천리,산72-41,(군도14호)길천3교차로,유,6,9,51,129.27517,35.33690886
1887,기장군,장안읍,길천리,444,(군도14호)길천3교차로,유,6,15,91,129.2753376,35.33684383
1879,기장군,장안읍,기룡리,351-2,(군도14호)반룡1교차로,유,4,13,52,129.2578884,35.34821421
1880,기장군,장안읍,기룡리,1045-3,(군도14호)반룡1교차로,유,4,4,16,129.2579397,35.3483074
1881,기장군,장안읍,기룡리,351-2,(군도14호)반룡1교차로,유,4,5,20,129.2578442,35.3483112
2097,기장군,일광면,좌천리,122,(기장 좌천초교입구)좌천우체국 주변,유,5,15,57,129.2410541,35.31017175
902,남구,대연동,0,1617-6,(대연고개)동해한의원 앞,유,8,19,154,129.0807714,35.13429761
1956,기장군,정관읍,두명리,93,(덕산마을)정관백운공원삼거리,유,7,26,158,129.1583721,35.35052639
1180,동래구,안락동,0,462-67,(도남모방)뜨란체삼거리,유,7,21,138,129.1081171,35.1956132
1181,동래구,안락동,0,200-1,(도남모방)뜨란체삼거리,유,5,6,32,129.1090166,35.19507649
1182,동래구,안락동,0,198-1,(도남모방)뜨란체삼거리,유,3,15,40,129.1091638,35.19504519
1183,동래구,안락동,0,462-76,(도남모방)뜨란체삼거리,유,6,24,148,129.1093618,35.19511364
555,북구,만덕동,0,759-10,(만덕공업기술원)부산 이노비즈 센터,유,12,7,83,129.025831,35.21232786
901,남구,대연동,0,1752-1,(못골시장)롯데리아대연점,유,8,19,154,129.0884233,35.13494026
791,부산진구,범천동,0,851-13,(문현혁신도시)기술보증기금 주변,유,3,12,32,129.0635942,35.14578579
856,부산진구,범천동,0,851-13,(문현혁신도시)기술보증기금 주변,유,6,13,78,129.0635036,35.1458672
1365,부산진구,양정동,0,362-25,(성모여고)롯데리아 양정점,유,8,23,183,129.0692571,35.17049116
3175,강서구,화전동,0,601-1,(신호공단진입로입구)화전지구-추가2구역,유,8,23,190,128.8686014,35.10155655
3176,강서구,화전동,0,601-1,(신호공단진입로입구)화전지구-추가2구역,유,10,16,136,128.8689552,35.10155242
3177,강서구,화전동,0,601-1,(신호공단진입로입구)화전지구-추가2구역,유,8,24,198,128.8689569,35.10175374
1900,기장군,장안읍,기룡리,229,(장안산업단지 진입로)반룡교차로,유,9,10,81,129.255266,35.35202536
1893,기장군,장안읍,반룡리,430,(장안산업단지 진입로)반룡마을,유,15,9,109,129.2616063,35.3400276
1894,기장군,장안읍,기룡리,816,(장안산업단지 진입로)본리교차로,유,11,17,137,129.2593443,35.34099769
1895,기장군,장안읍,반룡리,816,(장안산업단지 진입로)본리교차로,유,16,12,155,129.2595825,35.34103985
1896,기장군,장안읍,기룡리,1045-3,(장안산업단지 진입로)하근교차로,유,10,12,72,129.2565594,35.34857364
1897,기장군,장안읍,기룡리,1045-3,(장안산업단지 진입로)하근교차로,유,8,6,42,129.2564081,35.34850312
1898,기장군,장안읍,기룡리,351-2,(장안산업단지 진입로)하근교차로,유,14,9,75,129.2565551,35.3483839
1899,기장군,장안읍,기룡리,353-1,(장안산업단지 진입로)하근교차로,유,8,8,46,129.2567275,35.34843732
1891,기장군,정관읍,예림리,1091-1,(정관)F지점,유,6,10,63,129.2082929,35.32063
1972,기장군,정관읍,예림리,1122,(정관)F지점,유,7,23,144,129.2081115,35.32077181
1973,기장군,정관읍,예림리,694,(정관)F지점,유,7,22,141,129.2084899,35.32077574
1892,기장군,정관읍,예림리,1128,(정관)G지점,유,4,10,41,129.2008479,35.31946222
1970,기장군,정관읍,예림리,1110-2,(정관)G지점,유,6,24,153,129.2006239,35.31954826
1971,기장군,정관읍,예림리,1128,(정관)G지점,유,6,19,112,129.2009092,35.31968398
1966,기장군,정관읍,예림리,1215,(정관)H지점,유,5,13,46,129.1975103,35.31890412
1967,기장군,정관읍,예림리,1215,(정관)H지점,유,7,24,152,129.1973566,35.31874277
1968,기장군,정관읍,예림리,1215,(정관)H지점,유,7,18,90,129.1975391,35.31861793
1969,기장군,정관읍,예림리,1110-2,(정관)H지점,유,7,20,128,129.1976983,35.31880015
1974,기장군,정관읍,예림리,1035-22,(정관)L지점,유,8,20,164,129.210638,35.32081399
1962,기장군,정관읍,달산리,1096,(정관)O지점,유,6,17,88,129.1921734,35.31811945
1963,기장군,정관읍,달산리,1096,(정관)O지점,유,9,29,208,129.1920663,35.31795162
1964,기장군,정관읍,달산리,1096,(정관)O지점,유,8,21,109,129.1922563,35.31781879
1965,기장군,정관읍,달산리,1096,(정관)O지점,유,9,22,172,129.1924064,35.31798904
1958,기장군,정관읍,달산리,1026-12,(정관)P지점,유,8,18,109,129.1845287,35.31697457
1959,기장군,정관읍,달산리,1026-12,(정관)P지점,유,16,22,213,129.1843911,35.31680641
1960,기장군,정관읍,달산리,1037-1,(정관)P지점,유,7,19,103,129.1845745,35.31667811
1961,기장군,정관읍,달산리,1026-11,(정관)P지점,유,10,27,192,129.1847073,35.31685561
1957,기장군,정관읍,예림리,1035-33,(정관)Q지점,유,6,20,125,129.2148156,35.32218906
2254,사상구,학장동,0,730-4,(주)금양,유,6,15,92,128.9756138,35.14265928
2319,사상구,삼락동,0,121-2,(주)대정,유,9,26,222,128.9778053,35.18693056
2255,사상구,감전동,0,953-26,(주)부산산업,유,6,16,101,128.9732643,35.14352546
3606,사하구,장림동,0,705,(주)삼원옆,유,6,14,87,128.9689398,35.08251518
2336,사상구,삼락동,0,28581,(주)서우,유,9,25,238,128.9804593,35.19040425
3508,사하구,다대동,0,1525,(주)세기,유,10,13,125,128.9545367,35.06716091
788,남구,용호동,0,555-56,(주)시민여객(용호맨션),유,5,13,70,129.1109858,35.11162616
789,남구,용호동,0,541-61,(주)시민여객(용호맨션),유,4,8,30,129.1108811,35.11154581
3509,사하구,다대동,0,1525,(주)한국닛볼공업,유,9,13,109,128.9568351,35.06756765
3510,사하구,다대동,0,1525,(주)한국닛볼공업,유,8,12,100,128.9563757,35.0674856
3664,사하구,다대동,0,1525,(주)한국닛볼공업,유,8,12,95,128.9565679,35.0677151
3665,사하구,다대동,0,1525,(주)한국닛볼공업,유,8,13,107,128.9566566,35.06734516
1034,동래구,안락동,0,629-66,(주)한국미마,유,7,10,61,129.10383,35.19378925
1035,동래구,안락동,0,599-44,(주)한국미마,유,6,14,90,129.1042131,35.19452893
3542,사하구,구평동,0,73,(주)한보철강후문,유,6,21,126,128.9905592,35.08221909
2800,강서구,천성동,0,858-2,(천성~눌차간)서중2교차로,유,4,4,16,128.8117566,35.03282134
1837,기장군,철마면,와여리,481-2,(철마IC)철마농업기술센터,유,6,13,83,129.1511852,35.27380298
1838,기장군,철마면,와여리,561-1,(철마IC)철마농업기술센터,유,6,27,96,129.1512859,35.27360373
1839,기장군,철마면,와여리,573-2,(철마IC)철마보건지소,유,6,21,78,129.1520056,35.27319228
538,북구,화명동,0,31444,(화명동 부산은행)메트로프라자,유,6,8,46,129.0104743,35.23421479
539,북구,화명동,0,31472,(화명동 부산은행)메트로프라자,유,6,8,46,129.0109997,35.23415088
638,북구,화명동,0,26451,(화명동 부산은행)메트로프라자,유,6,8,46,129.0112943,35.23570941
639,북구,화명동,0,26420,(화명동 부산은행)메트로프라자,유,8,8,59,129.0107636,35.23577303
673,북구,화명동,0,26420,(화명동 부산은행)메트로프라자,유,7,46,250,129.0107395,35.23500418
674,북구,화명동,0,31472,(화명동 부산은행)메트로프라자,유,8,17,146,129.0107823,35.23437392
675,북구,화명동,0,31472,(화명동 부산은행)메트로프라자,유,8,18,143,129.0107155,35.23401126
676,북구,화명동,0,26420,(화명동 부산은행)메트로프라자,유,6,20,117,129.0108572,35.23475994
677,북구,화명동,0,26451,(화명동 부산은행)메트로프라자,유,8,36,279,129.0110999,35.23494512
678,북구,화명동,0,26451,(화명동 부산은행)메트로프라자,유,8,17,139,129.0110591,35.23593339
679,북구,화명동,0,26451,(화명동 부산은행)메트로프라자,유,8,18,147,129.010994,35.23556878
680,북구,화명동,0,26451,(화명동 부산은행)메트로프라자,유,6,20,124,129.010915,35.23520013
3805,중구,중앙동4가,0,33147,1부두,유,11,39,422,129.039188,35.10580747
3804,중구,중앙동4가,0,15-29,2부두,유,9,40,363,129.0400449,35.10770109
918,남구,감만동,0,75-106,3함대(연합철강),유,6,16,97,129.0749066,35.11619286
2504,남구,대연동,0,1808,49호광장(도시가스),유,6,8,48,129.1109955,35.13631675
2505,남구,대연동,0,1808,49호광장(도시가스),유,6,10,63,129.1104911,35.13587449
2506,남구,대연동,0,1808,49호광장(도시가스),유,16,25,240,129.1109695,35.13571665
2507,남구,용호동,0,952,49호광장(도시가스),유,8,14,81,129.1112746,35.13551146
2508,남구,용호동,0,952,49호광장(도시가스),유,4,30,120,129.1116019,35.13550672
2509,남구,용호동,0,962,49호광장(도시가스),유,6,12,73,129.112007,35.13573333
1704,동구,좌천동,0,1116-26,5부두,유,4,8,33,129.0545992,35.12654541
1705,동구,좌천동,0,1116-26,5부두,유,6,45,277,129.0547436,35.12631775
1706,동구,좌천동,0,1116-26,5부두,유,8,34,203,129.0548216,35.12671329
3371,금정구,남산동,0,622,80번 버스종점,유,6,13,84,129.0851784,35.27044395
3372,금정구,남산동,0,650-2,80번 버스종점,유,6,14,84,129.0851435,35.27178783
923,남구,감만동,0,36161,8부두,유,6,15,81,129.0798781,35.1188652
924,남구,감만동,0,604-1,8부두,유,7,21,138,129.0804584,35.11852418
64,해운대구,중동,0,1511-2,AID해운대주공아파트후문,유,6,13,75,129.1764592,35.16124075
3071,강서구,대저2동,0,1842-15,AVIS렌트카,유,19,17,185,128.9570329,35.18094634
323,해운대구,우동,0,1124-31,BEXCO,유,6,18,113,129.1343985,35.16670742
324,해운대구,우동,0,1124-31,BEXCO,유,8,37,297,129.1347988,35.16660523
325,해운대구,우동,0,1124-31,BEXCO,유,8,36,302,129.1359882,35.1672443
217,해운대구,중동,0,1203-6,E MART 주차장,유,6,13,84,129.1689126,35.16527167
3267,금정구,구서동,0,252-7,E마트 금정점,유,6,13,79,129.090503,35.24884613
776,남구,문현동,0,750-7,E마트문현점동측(E마트주차장),유,6,17,100,129.0649778,35.14508569
817,남구,문현동,0,750-7,E마트문현점동측(E마트주차장),유,6,18,106,129.0647829,35.14494404
818,부산진구,범천동,0,842-8,E마트문현점서측(E마트정문),유,6,16,95,129.0635903,35.14481154
819,부산진구,범천동,0,1226-1,E마트문현점서측(E마트정문),유,6,22,129,129.0637348,35.14493754
849,부산진구,범천동,0,842-8,E마트문현점서측(E마트정문),유,7,21,119,129.0634978,35.14507796
1289,부산진구,범천동,0,842-28,E마트문현점서측(E마트정문),유,4,9,37,129.062875,35.14484709
1293,부산진구,범천동,0,842-39,E마트문현점서측(E마트정문),유,8,15,90,129.0627757,35.14494381
1295,부산진구,범천동,0,842-28,E마트문현점서측(E마트정문),유,4,9,34,129.0628677,35.14503773
2481,해운대구,재송동,0,1005-75,E편한세상1차,유,7,20,127,129.1170457,35.17939942
2485,연제구,연산동,0,산 20-65,E편한세상2차,유,4,12,49,129.1153083,35.18259361
2488,수영구,망미동,0,45702,E편한세상3차,유,8,20,162,129.1157602,35.18153125
2518,수영구,남천동,0,22706,KBS앞,유,6,23,141,129.1093889,35.14413985
799,남구,용호동,0,957,LG메트로133동(막힌3거리),유,8,21,115,129.1131843,35.13163497
800,남구,용호동,0,957,LG메트로133동(막힌3거리),유,6,15,95,129.1133855,35.13175384
889,남구,용호동,0,957,LG메트로133동(막힌3거리),유,6,14,87,129.1131542,35.13145373
890,남구,용호동,0,957,LG메트로133동(막힌3거리),유,6,22,73,129.1133824,35.13153024
2280,사상구,학장동,0,793-8,LG전자,유,6,16,102,128.9773555,35.13935583
773,남구,용당동,0,128-5,PPG코리아,유,0,0,0,129.097862,35.11623272
65,해운대구,반여동,0,1167-1,SK아파트(부산골프고→혜화여중뒤),유,4,7,26,129.1124174,35.20456976
66,해운대구,반여동,0,1167-1,SK아파트(부산골프고→혜화여중뒤),유,4,9,35,129.1125204,35.20447112
872,남구,대연동,0,748,U.N.묘지,유,6,9,60,129.0955643,35.12644399
1306,부산진구,가야동,0,10-100,가남초교,유,6,14,80,129.0444245,35.15372412
3063,강서구,생곡동,0,120-44,가달마을입구,유,9,24,204,128.8787978,35.13863824
2978,강서구,죽동동,0,546,가락 미곡처리장,유,3,7,24,128.8943672,35.19746609
2979,강서구,죽동동,0,224,가락 미곡처리장,유,6,11,64,128.8945429,35.19749517
2931,강서구,죽림동,0,745-2,가락 오봉주유소,유,6,13,79,128.9012323,35.1961836
2932,강서구,죽림동,0,745-2,가락 오봉주유소,유,8,17,136,128.9010879,35.19608658
2933,강서구,죽림동,0,741-1,가락 오봉주유소,유,8,16,131,128.901314,35.19604758
2973,강서구,죽동동,0,487,가락 현대어린이집,유,11,17,104,128.8916868,35.2048689
2972,강서구,죽동동,0,487,가락 화성조경,유,16,7,102,128.8912067,35.20663289
2971,강서구,죽동동,0,487,가락LPG가스충전소,유,16,7,102,128.8905072,35.2091754
2934,강서구,죽림동,0,921-6,가락농협,유,8,17,133,128.902531,35.19502038
3252,강서구,죽림동,0,1113-4,가락중학교,유,8,17,137,128.904256,35.18918859
3253,강서구,죽림동,0,8,가락중학교,유,8,17,139,128.9044516,35.19045436
3207,강서구,봉림동,0,1062-1,가락초교해포분교,유,9,36,328,128.898658,35.16997273
2980,강서구,죽림동,0,623-2,가락초등학교,유,6,7,41,128.8970521,35.19626251
2981,강서구,죽림동,0,623-2,가락초등학교,유,6,7,41,128.8970255,35.19617496
2982,강서구,죽림동,0,623-2,가락초등학교,유,6,7,44,128.8969219,35.19608533
3523,사하구,하단동,0,1166,가락타운323동앞,유,7,11,76,128.959188,35.10370157
3688,사하구,하단동,0,1181-25,가락타운3단지,유,7,16,106,128.960763,35.10033522
3689,사하구,하단동,0,산53-1,가락타운3단지,유,7,17,110,128.9608087,35.10198958
1340,부산진구,가야동,0,415-9,가산초등학교,유,6,13,77,129.0343942,35.14769365
1300,부산진구,가야동,0,386-106,가야1동국민아파트,유,6,10,57,129.0387578,35.15370762
1301,부산진구,가야동,0,384-5,가야1동국민아파트,유,6,7,44,129.0389383,35.15392799
1302,부산진구,가야동,0,384-5,가야1동국민아파트,유,6,9,53,129.0386539,35.15392632
1341,부산진구,가야동,0,588,가야공원입구사거리,유,10,31,145,129.0298132,35.15114338
1342,부산진구,가야동,0,588,가야공원입구사거리,유,6,13,76,129.0299431,35.15101672
1343,부산진구,가야동,0,588,가야공원입구사거리,유,6,13,72,129.0299057,35.151335
1236,부산진구,가야동,0,588,가야반도보라APT,유,4,12,44,129.0298813,35.15008587
1258,부산진구,가야동,0,588,가야반도보라APT,유,6,11,66,129.0299945,35.15000566
1345,부산진구,가야동,0,602-11,가야반도보라APT,유,5,14,63,129.0300421,35.14900681
1265,부산진구,가야동,0,374-3,가야삼거리(동의대),유,8,36,223,129.0362503,35.15449974
1513,부산진구,가야동,0,30256,가야삼거리(동의대),유,8,38,309,129.0364584,35.15473346
1241,부산진구,가야동,0,325-1,가야초등학교,유,6,14,79,129.0354779,35.15171265
1242,부산진구,가야동,0,325-1,가야초등학교,유,6,6,38,129.0354632,35.15187805
1243,부산진구,가야동,0,361-55,가야초등학교,유,6,8,47,129.037527,35.15170894
1259,부산진구,가야동,0,370-14,가야초등학교(진입),유,8,11,93,129.0366197,35.15347219
3575,사하구,구평동,0,487-3,간천중소조선공업4단지,유,8,21,174,128.9959802,35.05181709
978,남구,감만동,0,45670,감만2동사무소,유,6,17,102,129.0846646,35.12280029
974,남구,우암동,0,8,감만로타리,유,8,19,156,129.0809712,35.12177914
975,남구,우암동,0,8,감만로타리,유,6,11,65,129.0812739,35.1215854
976,남구,우암동,0,8,감만로타리,유,6,15,89,129.0811574,35.12171502
977,남구,우암동,0,8,감만로타리,유,6,10,63,129.0811367,35.12187751
914,남구,감만동,0,626,감만부두진입도로,유,8,25,195,129.072329,35.11035588
980,남구,감만동,0,1154-3,감만중,유,8,16,130,129.0885177,35.12466554
2175,사상구,감전동,0,169-15,감전IC(남),유,6,15,92,128.9722624,35.15097589
2346,사상구,감전동,0,174,감전IC(남),유,9,27,256,128.9720922,35.15112738
2176,사상구,감전동,0,174,감전IC(북),유,7,15,102,128.9731842,35.15370921
2345,사상구,감전동,0,174,감전IC(북),유,7,27,180,128.9730206,35.1538618
2197,사상구,괘법동,0,122-30,감전교회,유,6,15,97,128.9835862,35.15777739
2198,사상구,괘법동,0,572-1,감전교회,유,6,13,77,128.9838602,35.15770687
2264,사상구,괘법동,0,122-30,감전교회,유,7,13,91,128.9836663,35.15756016
2265,사상구,괘법동,0,122-30,감전교회,유,7,13,93,128.9837361,35.15790391
2174,사상구,감전동,0,500-6,감전동 E마트,유,5,16,64,128.9701606,35.14243143
2251,사상구,감전동,0,503-18,감전동 E마트,유,7,23,153,128.9699958,35.1422892
2348,사상구,감전동,0,173-3,감전로타리,유,9,23,209,128.9695796,35.14450074
2349,사상구,감전동,0,173-3,감전로타리,유,14,23,205,128.9697717,35.14474372
2350,사상구,감전동,0,173-3,감전로타리,유,6,29,177,128.9697194,35.14540694
2169,사상구,괘법동,0,577-10,감전배수장,유,5,13,59,128.9758744,35.15916901
2177,사상구,괘법동,0,577-10,감전배수장,유,4,8,30,128.9757803,35.15928552
2178,사상구,괘법동,0,577-10,감전배수장,유,4,7,27,128.9757256,35.1590781
2281,사상구,학장동,0,772,감전소방PB,유,9,39,359,128.9769999,35.15161787
2196,사상구,감전동,0,174,감전초교,유,7,10,58,128.9888302,35.15628931
3467,서구,아미동2가,0,산22-8,감정초교,유,6,13,78,129.0107325,35.09740766
3651,사하구,감천동,0,195,감천꿈나무미술학원,유,8,24,193,129.0089676,35.08418575
3595,사하구,감천동,0,197-13,감천남촌아파트,유,8,23,194,129.0094215,35.08294993
3444,사하구,감천동,0,463-4,감천사거리,유,6,22,110,129.0050696,35.08726429
3511,사하구,감천동,0,463-4,감천사거리,유,8,10,58,129.0051492,35.08785828
3649,사하구,감천동,0,406-2,감천사거리,유,6,26,151,129.0049237,35.08750219
3650,사하구,감천동,0,838-25,감천사거리,유,6,26,163,129.0052577,35.08736318
3719,사하구,감천동,0,612-10,감천삼거리,유,9,19,162,128.9932316,35.09211637
3446,사하구,감천동,0,406-2,감천소방PB,유,8,25,202,129.0055289,35.08603088
3601,사하구,감천동,0,858-6,감천여중,유,7,29,192,128.9997334,35.08961837
3602,사하구,감천동,0,858-6,감천여중,유,8,18,142,128.9997096,35.08941646
3603,사하구,감천동,0,708-4,감천여중,유,6,29,186,128.999951,35.08947856
3500,사하구,구평동,0,472-9,감천중소조선공업3단지,유,8,13,101,128.9953373,35.05768886
3596,사하구,구평동,0,472-9,감천중소조선공업3단지,유,10,21,218,128.9951662,35.05749285
3435,사하구,감천동,0,140-2,감천초교입구(원스탑마트),유,6,14,89,129.0059182,35.08447408
3447,사하구,감천동,0,31413,감천초교입구(원스탑마트),유,6,24,144,129.0057453,35.08477245
3565,사하구,구평동,0,486,감천터널,유,6,13,80,128.9951428,35.05337158
3566,사하구,구평동,0,486,감천터널,유,6,20,127,128.9953328,35.05331505
3621,사하구,감천동,0,808-20,감천한전사택,유,7,16,107,128.9954024,35.09144337
3505,사하구,감천동,0,38-14,감천항부두,유,7,20,118,128.9970447,35.0835449
3524,사하구,감천동,0,759-14,감천항부두,유,8,9,68,128.9985187,35.084048
3525,사하구,감천동,0,38-72,감천항부두,유,8,21,170,128.9979848,35.08417741
2935,강서구,죽림동,0,962,강동교,유,8,22,173,128.9036058,35.19217458
2936,강서구,죽림동,0,962,강동교,유,8,22,167,128.9037142,35.19193064
2937,강서구,죽림동,0,1036-4,강동교,유,7,16,101,128.9038353,35.19208449
2776,강서구,죽림동,0,962,강동교 주변 1지점,유,6,7,42,128.903293,35.19332419
2989,강서구,강동동,0,33635,강동교회,유,6,14,83,128.9086956,35.19206814
3694,사하구,신평동,0,25689,강동병원,유,7,22,151,128.9777145,35.08929051
3251,강서구,강동동,0,250-108,강동우체국,유,6,26,166,128.9329712,35.21954961
3676,사하구,다대동,0,1515-1,강림기연,유,8,22,179,128.9570869,35.05631447
3677,사하구,다대동,0,1515-1,강림기연,유,5,13,66,128.9572817,35.05652371
1158,동래구,안락동,0,152-7,강림유치원,유,8,27,220,129.1071231,35.19137205
3217,강서구,대저2동,0,20821,강변가든,유,8,43,318,128.9555311,35.15550749
3669,사하구,하단동,0,1159-6,강변현대아파트,유,10,29,304,128.9589466,35.11470152
3670,사하구,하단동,0,1162,강변현대아파트,유,9,19,161,128.9593659,35.11487872
2738,강서구,대저1동,0,35125,강서경기장,유,12,7,79,128.9738926,35.20766102
3031,강서구,대저1동,0,2770,강서경기장,유,8,35,282,128.9742656,35.2075226
3210,강서구,명지동,0,3201,강서경찰서입구,유,7,26,171,128.9071749,35.11786713
3211,강서구,명지동,0,3201,강서경찰서입구,유,5,14,54,128.9072772,35.11767048
3231,강서구,대저1동,0,20149,강서구청,유,4,8,31,128.9800799,35.21403066
3232,강서구,대저1동,0,31444,강서구청,유,4,7,30,128.9806055,35.21370145
2866,강서구,생곡동,0,125-1,강서청소시설관리사업소,유,6,18,101,128.8852701,35.13676315
2918,강서구,생곡동,0,122-15,강서청소시설관리사업소,유,9,25,207,128.8808768,35.13793152
2919,강서구,생곡동,0,126-39,강서청소시설관리사업소,유,7,28,170,128.8854682,35.13691969
2630,연제구,연산동,0,630-17,강약국(연일시장),유,6,12,76,129.0846461,35.18571704
2631,연제구,연산동,0,630-42,강약국(연일시장),유,6,13,82,129.0859527,35.18568026
2632,연제구,연산동,0,635-6,강약국(연일시장),유,6,13,81,129.0857566,35.18568869
1282,부산진구,개금동,0,593-40,개금1동사무소,유,7,12,81,129.0202468,35.15133575
1303,부산진구,개금동,0,554-212,개금1동영림유치원,유,7,13,88,129.0216447,35.15050214
1309,부산진구,개금동,0,461-6,개금LG아파트,유,6,18,113,129.0187363,35.15470642
2332,부산진구,개금동,0,447-3,개금LG아파트,유,8,24,199,129.0164394,35.15391818
2333,부산진구,개금동,0,461-6,개금LG아파트,유,9,25,216,129.0185394,35.15447816
1224,부산진구,개금동,0,0,개금금강펜테리움,유,0,0,0,129.020441,35.1519711
1244,부산진구,개금동,0,530-34,개금금고어린이집 앞,유,6,13,75,129.0175641,35.14974213
1359,부산진구,개금동,0,796,개금동 새마을금고 주변,유,8,37,303,129.0251036,35.15319149
1251,부산진구,개금동,0,487-2,개금로타리(백병원),유,6,13,77,129.0203689,35.15274044
1512,부산진구,개금동,0,487-2,개금로타리(백병원),유,7,31,198,129.0205763,35.15348605
1444,부산진구,개금동,0,26665,개금주공사거리,유,6,31,194,129.0313785,35.15897241
1445,부산진구,개금동,0,26665,개금주공사거리,유,7,11,77,129.0318153,35.15886419
1446,부산진구,개금동,0,26665,개금주공사거리,유,6,19,110,129.0316187,35.1596673
1441,부산진구,개금동,0,219-3,개금초교삼거리,유,9,32,299,129.0226347,35.15562671
1467,부산진구,범천동,0,383-1,개성중(당감입구),유,7,32,207,129.0506126,35.1576792
1468,부산진구,범천동,0,1589-238,개성중(당감입구),유,7,29,186,129.0504248,35.1574515
1469,부산진구,범천동,0,373-10,개성중(당감입구),유,8,9,60,129.0503554,35.15720323
1470,부산진구,범천동,0,1589-238,개성중(당감입구),유,6,31,196,129.05069,35.15732239
1471,부산진구,범천동,0,1589-238,개성중(당감입구),유,6,30,184,129.0508789,35.15754282
1472,부산진구,범천동,0,373-12,개성중(당감입구),유,4,6,24,129.0509717,35.15780046
1298,부산진구,개금동,0,614-1,개원초교,유,6,12,72,129.0278391,35.1649208
1278,부산진구,개금동,0,573-10,개포초교,유,7,15,104,129.0275313,35.15835032
1279,부산진구,개금동,0,21217,개포초교,유,9,15,124,129.0273451,35.15886728
1280,부산진구,개금동,0,21916,개포초교,유,6,15,96,129.0270699,35.15965359
1442,부산진구,개금동,0,246-3,개포초교,유,9,32,271,129.0249648,35.15727219
1443,부산진구,개금동,0,573-10,개포초교,유,6,31,198,129.0274036,35.1580353
2653,연제구,거제동,0,1479,거성로타리,유,8,34,282,129.0673984,35.19161152
2654,연제구,거제동,0,1434-64,거성로타리,유,7,15,97,129.0676643,35.19027995
2655,연제구,거제동,0,900-6,거성로타리,유,8,29,234,129.0678249,35.19098965
2700,연제구,거제동,0,605-5,거제1건널목,유,9,40,349,129.069139,35.18039465
2651,연제구,거제동,0,311-24,거제1동새마을금고,유,9,37,328,129.0779942,35.19134659
2652,연제구,거제동,0,17533,거제1동새마을금고,유,10,39,382,129.0787661,35.19262942
2662,연제구,거제동,0,1434-64,거제2동새마을금고,유,9,15,128,129.068039,35.18906082
2663,연제구,거제동,0,922-1,거제2동새마을금고,유,7,15,110,129.0686095,35.18804373
2603,연제구,거제동,0,1438-10,거제교회,유,7,15,103,129.0695827,35.18703173
2521,연제구,거제동,0,1467-7,거제롯데아파트,유,6,15,89,129.0835289,35.19216668
2522,연제구,거제동,0,1467-7,거제롯데아파트,유,4,9,36,129.0836053,35.19229778
2548,연제구,거제동,0,1467-7,거제롯데아파트,유,4,8,32,129.0836576,35.19206996
2550,연제구,거제동,0,40-74,거제복개천(주)아세아택시,유,6,13,77,129.0758806,35.18580057
2551,연제구,거제동,0,40-50,거제복개천(주)아세아택시,유,6,12,75,129.0749086,35.18444431
2564,연제구,거제동,0,40-14,거제복개천(주)아세아택시,유,6,10,64,129.0747444,35.18426237
2556,연제구,거제동,0,23-33,거제복개천사거리,유,6,15,95,129.0772929,35.18779293
2645,연제구,거제동,0,34-20,거제복개천사거리,유,9,24,208,129.0770133,35.18770169
2646,연제구,거제동,0,23-33,거제복개천사거리,유,8,24,200,129.0773714,35.18758958
2552,연제구,거제동,0,766-131,거제아시아드2차 만수사 앞,유,4,7,27,129.0652017,35.1823213
2520,연제구,거제동,0,1467-1,거제우성아파트,유,6,16,95,129.0850679,35.19188233
2578,연제구,거제동,0,629-21,거제종근당,유,5,13,42,129.0772761,35.19051308
2617,연제구,거제동,0,629-21,거제종근당,유,11,39,408,129.0754892,35.18962986
2618,연제구,거제동,0,629-21,거제종근당,유,9,38,332,129.0770155,35.19059892
2696,연제구,거제동,0,848-2,거제현대APT앞,유,9,41,353,129.071529,35.18579008
2543,연제구,거제동,0,574-13,거창상회(지방경찰청뒷),유,6,12,72,129.072461,35.18075201
2544,연제구,거제동,0,574-13,거창상회(지방경찰청뒷),유,4,10,40,129.072267,35.18072506
2595,연제구,거제동,0,486-7,거창상회(지방경찰청뒷),유,6,12,72,129.0723588,35.18056332
2596,연제구,거제동,0,486-4,거창상회(지방경찰청뒷),유,6,17,103,129.072509,35.18060344
1206,동래구,사직동,0,157-5,거학초교,유,7,16,110,129.0755136,35.19851975
2427,수영구,광안동,0,129-5,건강약국(복개도로),유,8,10,60,129.1182764,35.16629556
100,해운대구,좌동,0,1298,"건영아파트(33),(32)직결",유,12,6,75,129.1753363,35.17457564
147,해운대구,좌동,0,1298,"건영아파트(33),(32)직결",유,12,6,76,129.175642,35.17469687
148,해운대구,좌동,0,1298,"건영아파트(33),(32)직결",유,13,8,93,129.1752746,35.17482571
149,해운대구,좌동,0,1298,"건영아파트(33),(32)직결",유,12,6,76,129.1754854,35.1749666
2523,연제구,거제동,0,1501,검찰청정문,유,6,28,94,129.0731753,35.1906161
2524,연제구,거제동,0,1501,검찰청정문,유,6,21,131,129.0732074,35.19080074
2984,강서구,송정동,0,1750-4,견마교입구,유,6,26,157,128.8329157,35.08924602
2985,강서구,송정동,0,1750-4,견마교입구,유,14,25,223,128.8336181,35.08896897
3170,강서구,범방동,0,45690,경남경마공원입구,유,9,36,319,128.8810863,35.15177613
1225,부산진구,전포동,0,870-1,경남공고,유,6,19,111,129.0623465,35.15209013
1226,부산진구,전포동,0,870-1,경남공고,유,6,13,76,129.0622264,35.15218077
1249,부산진구,전포동,0,870-1,경남공고,유,7,13,90,129.0623787,35.15236239
1795,서구,서대신동3가,0,249-1,경남상고,유,9,14,125,129.0132837,35.11263033
1796,서구,서대신동3가,0,249-1,경남상고,유,13,13,159,129.013908,35.11374927
113,해운대구,좌동,0,1447-2,경남선경아파트(8)직결,유,8,11,88,129.1846789,35.16585493
114,해운대구,좌동,0,1447-2,경남선경아파트(8)직결,유,6,12,76,129.1839758,35.16642083
631,북구,화명동,0,186,경남아너스빌 107동 앞,유,6,8,50,129.0152873,35.24181699
2532,연제구,연산동,0,2352,경동건설앞사거리,유,0,0,0,129.0829555,35.17346347
2533,연제구,연산동,0,2352,경동건설앞사거리,유,0,0,0,129.0831211,35.17342623
2534,연제구,연산동,0,2352,경동건설앞사거리,유,0,0,0,129.0829619,35.1735931
2535,연제구,연산동,0,2352,경동건설앞사거리,유,0,0,0,129.0831288,35.17356889
233,해운대구,우동,0,1003,경동아파트,유,15,9,115,129.1418087,35.16336227
2566,연제구,연산동,0,791-4,경문속셈학원앞,유,6,9,53,129.0825915,35.17837746
2567,연제구,연산동,0,791-4,경문속셈학원앞,유,3,27,73,129.0826138,35.17822693
2568,연제구,연산동,0,774-1,경문속셈학원앞,유,6,8,49,129.0833213,35.17714019
2668,연제구,연산동,0,417-11,경상전문대,유,6,22,114,129.1069999,35.18452314
2669,연제구,연산동,0,417-13,경상전문대,유,8,15,129,129.1071381,35.18435198
2670,연제구,연산동,0,478-7,경상전문대,유,8,17,129,129.1071397,35.18462739
2671,연제구,연산동,0,478-38,경상전문대,유,7,22,115,129.1072693,35.18450625
2672,연제구,연산동,0,471-12,경상전문대,유,7,16,104,129.1071424,35.18618488
1401,부산진구,개금동,0,515-3,경원고삼거리,유,8,44,272,129.0303113,35.16336371
1402,부산진구,개금동,0,515-3,경원고삼거리,유,7,27,168,129.0306678,35.16340987
1403,부산진구,개금동,0,19756,경원고삼거리,유,5,20,100,129.0306048,35.1625613
1404,부산진구,당감동,0,515-3,경원고삼거리,유,6,17,105,129.0315483,35.16434261
2537,연제구,연산동,0,1519-9,경은약국,유,4,16,59,129.0903033,35.19054399
2679,연제구,연산동,0,1519-9,경은약국,유,16,9,122,129.0903104,35.19070598
2680,연제구,연산동,0,313-22,경은약국,유,9,19,170,129.091857,35.18979307
816,남구,용당동,0,546-1,경인주유소,유,4,31,125,129.0999775,35.12503385
2338,사상구,삼락동,0,395-15,경일주유소,유,9,25,235,128.9763215,35.1771333
1260,부산진구,양정동,0,253-8,경찰청앞,유,6,13,78,129.073289,35.17915732
1261,부산진구,양정동,0,480-37,경찰청앞,유,6,13,78,129.0736404,35.17897243
2557,부산진구,양정동,0,248-2,경찰청앞,유,3,12,37,129.0735916,35.17918094
609,북구,구포동,0,1213-26,경혜여고,유,11,9,91,129.0045398,35.2023419
1666,동구,수정동,0,1143-16,고관입구삼거리,유,6,11,64,129.0444811,35.12577027
1667,동구,수정동,0,1143-16,고관입구삼거리,유,9,13,77,129.0448177,35.12603257
1668,동구,수정동,0,1143-16,고관입구삼거리,유,5,7,30,129.0446486,35.12614039
2160,사상구,엄궁동,0,689,고구려참숯갈비,유,9,13,97,128.96774,35.12449304
2413,연제구,연산동,0,2220,고려제강 연수원,유,6,8,51,129.1130298,35.17779309
1765,서구,암남동,0,23163,고신의료원,유,6,25,154,129.0154834,35.08144439
1766,서구,암남동,0,25235,고신의료원,유,9,25,215,129.0162562,35.08125164
2098,기장군,철마면,안평리,680,고촌택지 B지점,유,8,35,275,129.1686596,35.23618267
2896,강서구,대저2동,0,1726-9,공군제5672부대앞,유,8,10,72,128.9519802,35.18204859
3702,사하구,신평동,0,370-36,공단로타리,유,6,24,148,128.9648123,35.0854663
3703,사하구,신평동,0,370-36,공단로타리,유,6,23,142,128.9650055,35.08529707
3704,사하구,신평동,0,370-36,공단로타리,유,6,26,159,128.9651996,35.08546356
3705,사하구,신평동,0,370-36,공단로타리,유,6,23,145,128.9650062,35.08563317
3398,금정구,두구동,0,1301-4,공덕초교,유,8,28,232,129.1033135,35.29793286
3399,금정구,두구동,0,1288,공덕초교,유,12,28,238,129.1034154,35.29817425
1773,서구,남부민동,0,67-39,공동어시장,유,9,16,141,129.0243281,35.0892849
1774,서구,남부민동,0,652-34,공동어시장,유,6,16,101,129.0243956,35.08867349
2121,기장군,기장읍,시랑리,677-2,공수마을입구,유,7,21,134,129.2102972,35.18386969
752,북구,덕천동,0,326-11,공원주유소,유,7,20,146,129.0041633,35.21317988
753,북구,덕천동,0,680-23,공원주유소,유,6,22,135,129.0047255,35.21563856
2906,강서구,대저2동,0,45688,공항입구,유,7,20,135,128.9520185,35.1796132
3225,강서구,대저2동,0,1851-5,공항파출소,유,8,36,291,128.9537027,35.18135086
403,해운대구,중동,0,1439-66,과선교아래(15),유,6,14,80,129.1693402,35.16465765
404,해운대구,중동,0,1203-1,과선교아래(15),유,6,13,81,129.1695788,35.16431718
2555,연제구,거제동,0,1461-1,과정로타리,유,6,21,126,129.0887544,35.19175602
2681,연제구,거제동,0,1463-37,과정로타리,유,6,18,115,129.0887351,35.19158053
2682,연제구,거제동,0,1461-2,과정로타리,유,7,15,100,129.0894714,35.19200701
2683,연제구,거제동,0,1461-2,과정로타리,유,7,19,133,129.0894691,35.19217346
578,북구,덕천동,0,783-6,광덕물산,유,7,6,35,129.0233408,35.21409373
647,북구,덕천동,0,700,광덕물산,유,6,27,153,129.0240127,35.21346654
652,북구,덕천동,0,700,광덕물산,유,7,11,66,129.0244081,35.21339803
653,북구,덕천동,0,700-4,광덕물산,유,7,14,85,129.0245147,35.2131408
654,북구,덕천동,0,700-4,광덕물산,유,7,12,68,129.0245555,35.21326669
3627,사하구,하단동,0,595-8,광로주유소,유,6,33,211,128.9638319,35.10622332
3303,금정구,장전동,0,503-1,광명사유치원,유,6,9,56,129.0765304,35.23029029
1480,부산진구,범천동,0,575,광무교,유,4,17,77,129.0590235,35.15071096
1481,부산진구,범천동,0,575,광무교,유,7,26,126,129.0590101,35.15017194
1482,부산진구,범천동,0,575,광무교,유,9,24,222,129.0592008,35.15032684
1483,부산진구,범천동,0,575,광무교,유,6,15,92,129.0593724,35.15072866
1435,부산진구,개금동,0,516-5,광무여중,유,5,19,95,129.0309423,35.16159655
3815,중구,중앙동6가,0,45,광복동입구,유,7,35,218,129.0356526,35.09799985
2512,수영구,광안동,0,661-1,광안로타리(신부산교회),유,6,20,121,129.1139798,35.16179204
2513,수영구,광안동,0,661-1,광안로타리(신부산교회),유,6,18,116,129.1140357,35.16206722
2516,수영구,광안동,0,337-5,광안맨션,유,9,22,185,129.111418,35.15141765
2517,수영구,광안동,0,777-21,광안맨션,유,9,19,160,129.1117361,35.15248878
2390,수영구,광안동,0,713-32,광안바다파출소,유,8,13,141,129.1196982,35.1543692
2400,수영구,광안동,0,179-28,광안바다파출소,유,6,8,181,129.1192335,35.15408229
2401,수영구,광안동,0,179-29,광안바다파출소,유,8,16,91,129.1193221,35.15437886
2425,수영구,광안동,0,705-1,광안여중,유,7,15,98,129.1194255,35.1566767
2405,수영구,광안동,0,158-58,광안초교,유,6,14,84,129.1172209,35.15521449
2424,수영구,광안동,0,144-5,광안초교,유,6,14,84,129.1151361,35.15632938
2466,수영구,광안동,0,152-44,광안초교,유,7,13,85,129.1162809,35.15545255
2514,수영구,광안동,0,167-28,광안협성아파트,유,9,19,159,129.1123739,35.15468189
2515,수영구,광안동,0,751-22,광안협성아파트,유,8,18,143,129.1127836,35.15619252
1716,서구,암남동,0,666-11,광영물산(삼성냉장),유,6,15,93,129.0056772,35.07834008
3765,중구,대청동2가,0,30713,광일초교,유,6,16,98,129.029966,35.10291952
2260,사상구,괘법동,0,570-4,괘법교,유,8,23,184,128.9769954,35.16315159
2194,사상구,감전동,0,95,괘법동산업교앞,유,5,9,37,128.9744403,35.1578212
2269,사상구,괘법동,0,95,괘법동산업교앞,유,9,27,230,128.9742683,35.15794727
2310,사상구,괘법동,0,551-29,괘법초교(한울볼링센터),유,6,13,86,128.9867224,35.16007038
2311,사상구,괘법동,0,572-1,괘법초교(한울볼링센터),유,8,14,116,128.9875507,35.15921706
3482,사하구,괴정동,0,532-1,괴정1동어린이놀이터앞,유,6,10,59,128.9880508,35.09667029
3534,사하구,괴정동,0,570-39,괴정4동사무소,유,6,9,51,128.9824848,35.09789384
3741,사하구,괴정동,0,285-18,괴정국민은행,유,11,23,243,128.9979691,35.10217597
3742,사하구,괴정동,0,310-7,괴정국민은행,유,6,25,156,128.9987291,35.10255295
3530,사하구,하단동,0,1175,괴정배수펌프장,유,7,8,57,128.9583023,35.10103785
3526,사하구,괴정동,0,970-25,괴정사거리,유,4,12,53,128.9931328,35.10026961
3564,사하구,괴정동,0,550-6,괴정삼익아파트 앞,유,8,24,195,128.9848254,35.09946699
3536,사하구,당리동,0,656-26,괴정신성아파트,유,6,13,81,128.9779643,35.09938542
3533,사하구,괴정동,0,563-44,괴정아파트,유,6,9,56,128.9839641,35.0975736
3479,사하구,괴정동,0,526-9,괴정천일로얄맨션,유,6,13,75,128.9909733,35.09687656
2604,연제구,거제동,0,129-1,교대 한양프라자,유,8,21,153,129.0809595,35.1960056
2701,연제구,거제동,0,129-1,교대로타리,유,8,32,257,129.0799412,35.19610666
1860,기장군,기장읍,교리,365,0,유,8,14,118,129.2169667,35.25436017
1864,기장군,기장읍,교리,251-9,0,유,6,17,106,129.2190229,35.25575494
2133,기장군,기장읍,동부리,45760,교리삼거리,유,9,24,207,129.2209936,35.25120308
2134,기장군,기장읍,동부리,산3-3,교리삼거리,유,8,24,156,129.2209135,35.25143562
2135,기장군,기장읍,동부리,산3-3,교리삼거리,유,7,9,57,129.2208634,35.2517326
1223,부산진구,양정동,0,455,교육위원회,유,4,18,69,129.0637818,35.17467404
1227,부산진구,양정동,0,455,교육위원회,유,7,24,88,129.0637642,35.17500212
1379,부산진구,양정동,0,455,교육위원회,유,9,29,250,129.0634256,35.17485163
1380,부산진구,양정동,0,501-15,교육위원회,유,9,29,255,129.0658529,35.17475915
2130,기장군,기장읍,동부리,151-1,구기장군청,유,6,22,136,129.2156748,35.25061518
2131,기장군,기장읍,동부리,336-7,구기장군청,유,6,20,119,129.2159447,35.25074708
1729,서구,동대신동3가,0,134-2,구덕로타리,유,30,19,181,129.0176868,35.11602258
1790,서구,동대신동3가,0,138-6,구덕로타리,유,9,29,274,129.0181482,35.1152406
1735,서구,동대신동3가,0,63-115,구덕로타리윗쪽삼거리,유,4,12,50,129.0187796,35.11824225
1791,서구,서대신동3가,0,249-1,구덕운동장,유,6,19,106,129.0141424,35.11469923
1792,서구,동대신동3가,0,249-1,구덕운동장,유,12,13,159,129.0153145,35.11475896
1793,서구,동대신동3가,0,249-1,구덕운동장,유,9,16,125,129.0153435,35.11508648
1794,서구,동대신동3가,0,249-1,구덕운동장,유,9,23,169,129.0150468,35.11494615
2921,강서구,구랑동,0,1246,구랑주유소,유,8,20,164,128.8556212,35.12688488
2922,강서구,구랑동,0,1246,구랑주유소,유,6,30,174,128.8551318,35.12742426
2923,강서구,구랑동,0,1246,구랑주유소,유,8,39,331,128.8550586,35.12705011
2924,강서구,구랑동,0,1246,구랑주유소,유,8,40,326,128.8555734,35.12736071
3300,금정구,구서동,0,936-8,구서경보아파트앞,유,6,9,52,129.0931229,35.25280968
3318,금정구,구서동,0,409-14,구서동부산은행,유,8,9,66,129.0888706,35.2468846
3319,금정구,구서동,0,414-74,구서동부산은행,유,7,9,60,129.0886708,35.24514491
3265,금정구,구서동,0,718-7,구서롯데캐슬101동,유,7,13,88,129.0882082,35.24942681
3266,금정구,구서동,0,718-9,구서롯데캐슬101동,유,7,11,77,129.0881335,35.24928273
3281,금정구,구서동,0,718-7,구서롯데캐슬101동,유,7,12,91,129.0878974,35.24945532
3283,금정구,구서동,0,704,구서롯데캐슬6번출구,유,8,13,101,129.0863177,35.24946399
3284,금정구,구서동,0,714-3,구서롯데캐슬6번출구,유,8,12,94,129.0852664,35.24935676
3285,금정구,구서동,0,산136-1,구서롯데캐슬6번출구,유,8,20,158,129.0849325,35.24955453
3373,금정구,구서동,0,714-3,구서롯데캐슬6번출구,유,6,22,132,129.0849669,35.24918
3302,금정구,구서동,0,1034-2,구서롯데캐슬APT윗쪽길,유,8,14,110,129.0843131,35.2529092
3374,금정구,구서동,0,1056,구서쌍용예가입구,유,2,5,11,129.0851139,35.24762011
3275,금정구,구서동,0,87-53,구서여중입구,유,7,10,71,129.0885737,35.24811812
3359,금정구,구서동,0,742-7,구서초교,유,11,6,60,129.0877317,35.25481269
3360,금정구,구서동,0,742-26,구서초교,유,7,10,64,129.0876193,35.25460546
3361,금정구,구서동,0,742-11,구서초교,유,11,6,64,129.0877283,35.2545546
2217,사상구,학장동,0,1190-6,구치소입구,유,4,12,39,128.9942888,35.14640523
2375,사상구,학장동,0,1190-2,구치소입구,유,6,15,95,128.9944413,35.14635636
3546,사하구,구평동,0,297,구평가구마트입구(당산나무),유,3,30,90,128.9906496,35.0768609
3547,사하구,구평동,0,443,구평가구마트입구(당산나무),유,3,5,12,128.9906551,35.07706949
3614,사하구,구평동,0,297,구평가구마트입구(당산나무),유,8,21,173,128.9904635,35.07608402
3615,사하구,구평동,0,443,구평가구마트입구(당산나무),유,8,22,184,128.9904885,35.07724333
3639,사하구,구평동,0,23012,구평초교,유,8,20,164,128.9894856,35.08618957
3640,사하구,구평동,0,23012,구평초교,유,8,25,205,128.9893977,35.08585933
3641,사하구,구평동,0,23012,구평초교,유,7,18,121,128.9904165,35.08568839
711,북구,구포동,0,625-39,구포 교보생명,유,8,35,253,129.0044049,35.20549652
718,북구,구포동,0,922-1,구포대교입구삼거리,유,6,21,125,128.9972985,35.19999762
719,북구,구포동,0,922-1,구포대교입구삼거리,유,9,19,170,128.9964808,35.19890907
720,북구,구포동,0,산36-9,구포대교입구삼거리,유,6,18,113,128.9983086,35.2010753
721,북구,구포동,0,930-21,구포대교입구삼거리,유,7,22,152,128.9980969,35.20104494
722,북구,구포동,0,930-21,구포대교입구삼거리,유,7,19,127,128.9980445,35.20121851
724,북구,구포동,0,500,구포맨션,유,7,26,163,129.0001453,35.20933133
733,북구,구포동,0,896,구포삼정그린코아,유,7,19,134,128.9945882,35.19629894
725,북구,덕천동,0,471,구포시장,유,6,8,51,129.0028235,35.20963597
726,북구,덕천동,0,732-5,구포시장,유,8,9,77,129.0028502,35.20942303
727,북구,덕천동,0,599-15,구포시장,유,7,10,76,129.0033824,35.2095139
728,북구,덕천동,0,471,구포시장,유,8,10,59,129.0033011,35.20970611
623,북구,구포동,0,1141-177,구포초등학교,유,5,9,49,129.0012873,35.20423827
624,북구,구포동,0,723-5,구포초등학교,유,6,8,32,129.0012259,35.20459422
714,북구,구포동,0,1141-177,구포초등학교,유,6,21,129,129.0014393,35.20447667
715,북구,구포동,0,1141-177,구포초등학교,유,7,21,135,129.0010039,35.20434656
716,북구,구포동,0,652-7,구포초등학교,유,6,22,141,129.0034399,35.20490928
614,북구,구포동,0,1232-26,구포해피타운,유,15,9,127,129.0097201,35.19553319
615,북구,구포동,0,1290,구포해피타운,유,14,10,99,129.0105334,35.19531592
648,북구,구포동,0,912-3,구포협진태양쇼핑프라자,유,4,4,18,128.9956275,35.19807283
2158,사상구,학장동,0,171-1,구학초등학교,유,7,12,80,128.9936119,35.13733579
3420,금정구,남산동,0,14246,국도주유소,유,10,23,218,129.0919654,35.26300301
1540,영도구,동삼동,0,1126-8,국립과학수사연구소,유,8,13,101,129.0746354,35.08093649
387,해운대구,중동,0,1439-63,국민문화회관(22),유,9,20,168,129.1739737,35.17207975
388,해운대구,중동,0,178-34,국민문화회관(22),유,4,15,61,129.1737886,35.17188946
389,해운대구,중동,0,178-34,국민문화회관(22),유,8,24,195,129.1738903,35.17173832
390,해운대구,중동,0,1439-63,국민문화회관(22),유,8,20,165,129.1742613,35.1717
391,해운대구,중동,0,1470,국민문화회관(22),유,9,22,203,129.1743605,35.17206861
705,북구,화명동,0,2273,국민은행 화명지점,유,8,33,261,129.0119959,35.23483316
1724,서구,암남동,0,633-8,국일상사(주유소),유,6,15,91,129.0074537,35.07144163
1725,서구,암남동,0,633-8,국일상사(주유소),유,7,15,105,129.0081045,35.07043941
344,동래구,안락동,0,15-61,국정교과서앞,유,15,24,211,129.1166498,35.20028094
2179,사상구,삼락동,0,516-67,국제상사후문(괘법한신아파트),유,9,6,45,128.9769903,35.16809073
2341,사상구,삼락동,0,517-10,국제상사후문(괘법한신아파트),유,8,25,206,128.9767495,35.1682831
2342,사상구,삼락동,0,416-28,국제상사후문(괘법한신아파트),유,8,29,235,128.9768268,35.1697169
1078,동래구,명장동,0,308-7,국제파크아파트,유,6,17,100,129.1011732,35.2064035
1079,동래구,명장동,0,308-7,국제파크아파트,유,6,19,115,129.1005566,35.20631845
2489,수영구,망미동,0,427-1,국화맨션,유,6,18,116,129.1085511,35.1731263
3577,사하구,신평동,0,45918,군부대(예비군훈련장),유,6,14,85,128.9771972,35.09524458
3578,사하구,신평동,0,45918,군부대(예비군훈련장),유,6,15,90,128.9767497,35.09488789
3579,사하구,신평동,0,45918,군부대(예비군훈련장),유,9,22,137,128.9777316,35.09487411
3580,사하구,신평동,0,45918,군부대(예비군훈련장),유,4,11,41,128.9775352,35.0950842
220,해운대구,우동,0,760-12,그랜드호텔,유,7,19,128,129.1545942,35.15852204
221,해운대구,우동,0,699-9,그랜드호텔,유,8,18,148,129.1561997,35.15851943
450,해운대구,우동,0,662,글로리콘도,유,7,19,131,129.1583466,35.15913787
1049,동래구,온천동,0,45674,금강공영주차장,유,6,13,79,129.0773572,35.22320187
1053,동래구,온천동,0,330-4,금강공원입구,유,6,19,110,129.0764656,35.21932309
1054,동래구,온천동,0,265-15,금강공원입구,유,6,13,72,129.0764928,35.21984917
1055,동래구,온천동,0,276-42,금강공원입구,유,6,13,74,129.076622,35.22112371
1750,서구,암남동,0,16-15,금강송도타운,유,9,24,209,129.0124057,35.0819601
1016,동래구,온천동,0,1486,금강시장입구,유,8,12,90,129.0694482,35.20196218
3323,금정구,구서동,0,931,금강주유소,유,4,22,92,129.0912156,35.26034957
3408,금정구,구서동,0,931,금강주유소,유,8,25,200,129.0913797,35.26013572
1203,동래구,사직동,0,1486,금강초교,유,8,22,180,129.0656026,35.20190501
576,북구,금곡동,0,20821,금곡금창초교옆,유,12,7,88,129.0202511,35.26460825
579,북구,금곡동,0,20821,금곡금창초교옆,유,6,14,88,129.0204468,35.26485644
584,북구,금곡동,0,20821,금곡금창초교옆,유,6,13,78,129.0206121,35.26536631
592,북구,금곡동,0,20821,금곡금창초교옆,유,10,9,77,129.0206032,35.26565768
582,북구,금곡동,0,1113-1,금곡동사무소,유,4,12,48,129.0125406,35.25031515
739,북구,금곡동,0,1114-4,금곡동사무소,유,8,29,242,129.0122744,35.25033393
529,북구,금곡동,0,1109,금곡신금초교입구,유,8,12,94,129.0147331,35.24927239
530,북구,금곡동,0,1109,금곡신금초교입구,유,7,13,60,129.0145527,35.24940222
552,북구,금곡동,0,19511,금곡역,유,6,12,72,129.0176017,35.26767757
734,북구,금곡동,0,19511,금곡역,유,8,29,229,129.0175931,35.26815602
531,북구,금곡동,0,1636,금곡이안APT,유,6,8,48,129.0118094,35.25665904
710,북구,금곡동,0,1636,금곡이안APT,유,15,28,226,129.0116612,35.25681847
594,북구,금곡동,0,19511,금곡주공1단지101동앞,유,11,6,66,129.0193497,35.26700113
550,북구,금곡동,0,1423,금곡주공411동앞,유,7,13,97,129.0141795,35.25147233
554,북구,금곡동,0,1423,금곡주공411동앞,유,7,15,82,129.014001,35.25161679
557,북구,금곡동,0,1108,금곡주공411동앞,유,6,13,75,129.0141221,35.25183003
622,북구,금곡동,0,1010-9,금곡주공411동앞,유,10,12,74,129.0139241,35.25305838
536,북구,금곡동,0,810,금곡주공905동앞,유,11,9,88,129.0137735,35.25625966
544,북구,금곡동,0,810,금곡주공905동앞,유,12,8,87,129.0135324,35.25650166
547,북구,금곡동,0,810,금곡주공905동앞,유,12,8,85,129.0139032,35.25667321
514,북구,금곡동,0,810,금곡주공아파트8단지앞(801동),유,12,8,85,129.0147446,35.25814444
515,북구,금곡동,0,810,금곡주공아파트9단지앞(901동),유,13,7,89,129.0137672,35.25477543
551,북구,금곡동,0,1636,금곡주유소,유,6,13,79,129.0147041,35.26234437
735,북구,금곡동,0,1636,금곡주유소,유,20,16,222,129.0151326,35.26378486
599,북구,금곡동,0,107,금곡중학교앞(금곡초교정문앞),유,12,7,77,129.0163649,35.26108404
603,북구,금곡동,0,104,금곡중학교앞(금곡초교정문앞),유,12,7,78,129.0162189,35.259993
606,북구,금곡동,0,104,금곡중학교앞(금곡초교정문앞),유,11,7,69,129.0163124,35.26020993
608,북구,금곡동,0,104,금곡중학교앞(금곡초교정문앞),유,10,8,46,129.0164006,35.26009271
516,북구,금곡동,0,126,금곡초교(금곡2차유림아파트),유,11,8,77,129.0164448,35.26218587
517,북구,금곡동,0,126,금곡초교(금곡2차유림아파트),유,11,9,87,129.0162382,35.26201735
518,북구,금곡동,0,126,금곡초교(금곡2차유림아파트),유,11,8,79,129.0164183,35.26186654
519,북구,금곡동,0,126,금곡초교(금곡2차유림아파트),유,12,7,76,129.0166486,35.26199676
521,북구,금곡동,0,157,금곡초교(금곡2차유림아파트),유,6,13,79,129.0164938,35.26285046
2502,수영구,남천동,0,30-27,금련산입구,유,7,18,122,129.110317,35.14745971
2914,강서구,봉림동,0,45831,금룡주유소,유,8,17,139,128.903003,35.18626395
3409,금정구,금사동,0,117-7,금사덕천탕,유,10,14,96,129.1158912,35.21605415
3410,금정구,금사동,0,117-7,금사덕천탕,유,7,14,93,129.1169858,35.21652972
3334,금정구,금사동,0,131-6,금사동삼일금속앞,유,4,8,30,129.1119137,35.21929835
3335,금정구,금사동,0,132-7,금사동삼일금속앞,유,6,7,45,129.1117795,35.21926292
3336,금정구,금사동,0,70-18,금사동삼일금속앞,유,4,8,32,129.111772,35.21938144
3413,금정구,서동,0,206-6,금사로타리,유,6,16,98,129.1082464,35.21389137
3414,금정구,서동,0,105-10,금사로타리,유,8,14,111,129.1087831,35.214151
3330,금정구,금사동,0,354-1,금사여중,유,9,9,81,129.1106917,35.2220981
3328,금정구,서동,0,45715,금사중학교,유,7,10,66,129.1066692,35.21987216
3329,금정구,서동,0,45715,금사중학교,유,7,10,67,129.1068294,35.22001301
3331,금정구,서동,0,85-17,금사초교,유,6,10,58,129.1100377,35.21832919
3274,금정구,남산동,0,973-9,금샘초등학교,유,7,12,74,129.0852108,35.26907234
3389,금정구,노포동,0,288-3,금정경기장,유,7,25,166,129.098613,35.29149364
3390,금정구,노포동,0,산15-5,금정경기장,유,8,28,225,129.0994241,35.29233967
3322,금정구,구서동,0,30682,금정경찰서,유,14,30,302,129.0926527,35.24598065
3424,금정구,구서동,0,30682,금정경찰서,유,4,36,153,129.0926775,35.24682203
3425,금정구,구서동,0,84-18,금정경찰서,유,4,9,41,129.0929767,35.24696258
3415,동래구,명장동,0,산65-39,금정고교,유,12,8,90,129.104303,35.2099798
3416,동래구,명장동,0,478-11,금정고교,유,13,8,92,129.1051814,35.21046591
3316,금정구,구서동,0,415-27,금정교,유,8,26,207,129.0916043,35.2449866
3317,금정구,구서동,0,415-27,금정교,유,7,31,123,129.0913342,35.24489731
3433,금정구,부곡동,0,22-17,금정구청(동래여고),유,8,25,197,129.0930176,35.24255586
1056,동래구,온천동,0,340-15,금정산(등산로)입구,유,6,14,86,129.0741071,35.21746884
692,북구,만덕동,0,960,금정산LH뉴웰시티아파트 102동앞 삼거리,유,0,0,0,129.038034,35.21513916
693,북구,만덕동,0,960,금정산LH뉴웰시티아파트 102동앞 삼거리,유,0,0,0,129.0380473,35.21500078
694,북구,만덕동,0,960,금정산LH뉴웰시티아파트 102동앞 삼거리,유,0,0,0,129.0377673,35.21493055
1675,북구,만덕동,0,960,금정산LH뉴웰시티아파트 102동앞 삼거리,유,0,0,0,129.0377599,35.21513645
704,북구,만덕동,0,960,금정산LH뉴웰시티아파트 109동 입구,유,0,0,0,129.0328359,35.21522824
699,북구,만덕동,0,960,금정산LH뉴웰시티아파트 112동앞 사거리,유,0,0,0,129.0351834,35.21664957
701,북구,만덕동,0,960,금정산LH뉴웰시티아파트 112동앞 사거리,유,0,0,0,129.0334917,35.21617453
702,북구,만덕동,0,960,금정산LH뉴웰시티아파트 112동앞 사거리,유,0,0,0,129.033707,35.21605524
703,북구,만덕동,0,960,금정산LH뉴웰시티아파트 112동앞 사거리,유,0,0,0,129.0335159,35.21602016
1676,북구,만덕동,0,960,금정산LH뉴웰시티아파트 112동앞 사거리,유,0,0,0,129.0352458,35.21677101
1677,북구,만덕동,0,960,금정산LH뉴웰시티아파트 112동앞 사거리,유,0,0,0,129.0337082,35.21623573
695,북구,만덕동,0,960,금정산LH뉴웰시티아파트 정문앞,유,0,0,0,129.0365604,35.21572058
696,북구,만덕동,0,960,금정산LH뉴웰시티아파트 정문앞,유,0,0,0,129.0364771,35.21589766
697,북구,만덕동,0,960,금정산LH뉴웰시티아파트 정문앞,유,0,0,0,129.0366923,35.21591387
698,북구,만덕동,0,960,금정산LH뉴웰시티아파트 정문앞,유,0,0,0,129.0367836,35.21572021
3307,금정구,서동,0,산77-3,금정여고뒤 삼거리,유,6,8,44,129.0999424,35.22089528
3321,금정구,서동,0,33208,금정전자공고,유,6,12,74,129.1078947,35.22078675
3268,금정구,장전동,0,717,금정초교,유,7,8,47,129.0831366,35.22717603
3269,금정구,장전동,0,717,금정초교,유,6,16,88,129.0831058,35.22731104
3270,금정구,장전동,0,717,금정초교,유,4,9,34,129.0832617,35.22740645
3271,금정구,장전동,0,717,금정초교,유,6,10,55,129.0832852,35.22724132
3378,금정구,장전동,0,632-6,금정초교후문,유,6,13,76,129.0857655,35.22616619
3616,사하구,구평동,0,산94-6,금화냉동(정현냉동),유,8,21,164,128.9904273,35.07141205
481,해운대구,우동,0,837-8,기계공고,유,11,19,118,129.1512685,35.16009542
482,해운대구,우동,0,884-3,기계공고,유,4,31,99,129.1541402,35.16089393
483,해운대구,우동,0,884-3,기계공고,유,15,12,131,129.1539298,35.16093303
484,해운대구,우동,0,693-3,기계공고,유,15,11,129,129.1542571,35.16106353
2827,강서구,대저2동,0,3135,기계공구단지 M2블럭,유,6,11,61,128.9560782,35.16806156
3604,사하구,장림동,0,1065,기동대1별관앞,유,6,14,89,128.9726735,35.08362334
3605,사하구,장림동,0,1065,기동대1별관앞,유,7,14,92,128.9726354,35.08297276
3706,사하구,신평동,0,1065,기동대입구,유,11,30,296,128.9724647,35.08521527
3707,사하구,신평동,0,1065,기동대입구,유,9,19,152,128.9727265,35.0849065
3708,사하구,신평동,0,1065,기동대입구,유,9,27,228,128.9730766,35.08519183
3709,사하구,신평동,0,1065,기동대입구,유,7,14,99,128.9727768,35.0855021
1734,서구,암남동,0,534-3,기산비치(송도해수욕장),유,6,12,70,129.0166118,35.07588145
1742,서구,암남동,0,534-6,기산비치(송도해수욕장),유,7,13,88,129.0160433,35.07660335
1743,서구,암남동,0,533-1,기산비치(송도해수욕장),유,6,13,83,129.0161156,35.07596076
1744,서구,암남동,0,538-20,기산비치(송도해수욕장),유,6,20,121,129.0162524,35.07571275
1846,기장군,기장읍,청강리,586,기장 무곡마을,유,6,10,62,129.2121415,35.22682817
2099,기장군,일광면,삼성리,510-14,기장경찰서,유,21,14,181,129.2241994,35.25623284
1856,기장군,기장읍,교리,365,기장교리초교,유,4,7,29,129.2158389,35.25397955
2108,기장군,기장읍,교리,365,기장교리초교,유,6,12,74,129.2156726,35.25409038
2109,기장군,기장읍,교리,365,기장교리초교,유,8,13,110,129.2160199,35.25416612
2136,기장군,기장읍,신천리,482-4,기장군청,유,8,25,210,129.220961,35.24506287
1889,기장군,기장읍,서부리,398,기장그랜드호텔,유,4,6,22,129.2089562,35.24971737
2126,기장군,기장읍,서부리,398,기장그랜드호텔,유,8,22,177,129.2091294,35.24973408
1830,기장군,기장읍,대라리,117-9,기장농협앞,유,5,7,31,129.2133067,35.24124629
1866,기장군,기장읍,대라리,127-9,기장농협앞,유,4,7,46,129.2137086,35.24124285
2113,기장군,기장읍,대라리,1060,기장농협앞,유,4,15,61,129.213486,35.24112178
2114,기장군,기장읍,대라리,419-14,기장농협앞,유,6,15,90,129.2134928,35.24140983
1922,기장군,장안읍,명례리,산42,기장명례주유소,유,21,13,203,129.2557349,35.38506012
2140,기장군,기장읍,청강리,131-10,기장벽산아파트,유,8,23,186,129.2199868,35.23935736
1853,기장군,기장읍,대라리,176-5,기장복지회관,유,4,8,31,129.2131726,35.23537873
1854,기장군,기장읍,대라리,164-5,기장복지회관,유,4,10,41,129.2132343,35.23676204
1868,기장군,기장읍,대라리,775-10,기장시장,유,7,13,42,129.2137153,35.24317023
2105,기장군,기장읍,대라리,417-3,기장시장,유,6,14,81,129.2135378,35.24299595
2106,기장군,기장읍,대라리,775-10,기장시장,유,6,20,117,129.2135576,35.24330818
2115,기장군,기장읍,동부리,382-1,기장신한은행,유,6,14,88,129.213832,35.24807904
1855,기장군,기장읍,대라리,287,기장유성테크노산업,유,4,9,31,129.2132827,35.23775868
2110,기장군,기장읍,대라리,287,기장유성테크노산업,유,7,14,93,129.2133139,35.2380536
1852,기장군,기장읍,동부리,166,기장제일은행,유,6,13,76,129.2134922,35.24518488
1861,기장군,기장읍,대라리,428-1,기장제일은행,유,7,13,84,129.2139114,35.24516669
2116,기장군,기장읍,대라리,775-10,기장제일은행,유,7,19,108,129.2136863,35.24506332
1851,기장군,기장읍,청강리,328-6,기장주공아파트,유,6,16,62,129.2169294,35.23421967
2137,기장군,기장읍,청강리,45701,기장현대아파트,유,8,22,177,129.2206641,35.24339796
430,해운대구,반여동,0,1291-312,김종규치과의원,유,7,13,95,129.1310604,35.19746227
26,해운대구,우동,0,1445,까르푸 뒤 사거리,유,7,15,86,129.1467033,35.15707349
28,해운대구,우동,0,1445,까르푸 뒤 사거리,유,6,22,130,129.1466358,35.15724801
43,해운대구,우동,0,1445,까르푸 뒤 사거리,유,6,15,89,129.1469244,35.15714712
44,해운대구,우동,0,1445,까르푸 뒤 사거리,유,6,14,85,129.1468116,35.15735537
46,해운대구,우동,0,1445,까멜리아아파트,유,6,15,88,129.1482457,35.15657037
47,해운대구,우동,0,1445,까멜리아아파트,유,6,15,92,129.1487749,35.15682144
1142,동래구,온천동,0,1421-7,나눔과행복병원,유,8,24,203,129.0689546,35.20682394
525,북구,화명동,0,산74-1,낙동고교 주변,유,5,12,60,129.0092737,35.21752195
3209,강서구,명지동,0,608-1176,낙동사회복지관,유,9,26,233,128.9034701,35.11889382
3522,사하구,당리동,0,313-33,낙동초등학교,유,7,13,89,128.9732687,35.1049344
1045,동래구,낙민동,0,633-73,낙민동연산교앞,유,6,7,40,129.0989542,35.19228816
1076,동래구,낙민동,0,633-92,낙민동연산교앞,유,7,22,146,129.0991829,35.19242938
979,남구,감만동,0,33-380,남강시장,유,9,16,145,129.0870104,35.12358131
854,남구,대연동,0,1600-159,남구청사 앞,유,12,12,136,129.0839504,35.13548416
853,남구,대연동,0,1265-12,남구청옆 동원로얄듀크,유,4,12,57,129.0869138,35.13578329
2650,연제구,거제동,0,1501,남문구PB,유,9,32,276,129.0716411,35.18963323
2605,연제구,거제동,0,1498-1,남문구철길4거리(남문구로타리),유,8,34,286,129.0726094,35.18915238
2606,연제구,거제동,0,1190-1,남문구철길4거리(남문구로타리),유,8,39,325,129.0733485,35.18807865
2607,연제구,거제동,0,18-21,남문구철길4거리(남문구로타리),유,8,30,241,129.0749195,35.18819266
1720,서구,충무동3가,0,54,남부민1동새마을금고,유,8,8,65,129.0221321,35.09287699
1730,서구,남부민동,0,643-13,남부민1동새마을금고,유,7,7,47,129.0225454,35.09177372
1718,서구,남부민동,0,32568,남부민초교,유,8,9,75,129.0234359,35.08947045
991,남구,대연동,0,13881,남부서,유,8,24,200,129.1028746,35.1387144
3273,금정구,남산동,0,857-9,남산고교앞삼거리,유,7,12,84,129.0844318,35.26702013
3299,금정구,남산동,0,857-9,남산고교앞삼거리,유,7,13,83,129.0843612,35.26679515
3286,금정구,남산동,0,33604,남산주유소,유,4,15,59,129.0929268,35.2663466
3294,금정구,남산동,0,1001-51,남산초교,유,7,10,68,129.0880266,35.26222287
3459,사하구,하단동,0,870-6,남연아파트,유,6,15,91,128.9699527,35.10264327
3543,사하구,하단동,0,870-6,남연아파트,유,4,10,39,128.970489,35.10245082
3636,사하구,하단동,0,870-6,남연아파트,유,18,10,172,128.970548,35.10231174
1184,동래구,안락동,0,581-4,남창주유소,유,8,25,202,129.1032979,35.19668903
1185,동래구,안락동,0,1253,남창주유소,유,4,8,32,129.1031372,35.19657436
1186,동래구,안락동,0,603-6,남창주유소,유,8,25,205,129.1048176,35.19651308
1740,서구,암남동,0,96,남항대교입구,유,11,33,232,129.0221206,35.07988474
1741,서구,암남동,0,33725,남항대교입구,유,6,30,180,129.0222622,35.08017628
1629,영도구,남항동1가,0,116,남항로타리,유,6,13,80,129.0383653,35.08975713
1630,영도구,남항동1가,0,116-1,남항로타리,유,6,13,82,129.0383514,35.08936428
1631,영도구,남항동1가,0,13363,남항로타리,유,6,13,81,129.0387379,35.09044211
1568,영도구,영선동4가,0,178-12,남항초교입구삼육낚시앞,유,4,8,31,129.0412622,35.0828379
1569,영도구,영선동4가,0,177-15,남항초교입구삼육낚시앞,유,4,12,49,129.0412048,35.08295717
1531,영도구,영선동4가,0,178-12,남항초등학교,유,6,5,28,129.0427471,35.08320724
1538,영도구,영선동4가,0,178-12,남항초등학교,유,5,8,40,129.0426885,35.0830868
2147,기장군,기장읍,석산리,112-3,내리마을,유,10,27,238,129.2076212,35.20673726
2148,기장군,기장읍,석산리,772,내리주유소,유,8,29,230,129.2063282,35.20477654
2149,기장군,기장읍,내리,772,내리주유소,유,7,13,69,129.206119,35.20460901
2150,기장군,기장읍,내리,772,내리주유소,유,9,29,251,129.206341,35.2044672
2151,기장군,기장읍,석산리,772,내리주유소,유,8,17,83,129.2065484,35.20460081
1216,동래구,명륜동,0,1486,내성로타리,유,10,40,395,129.0779828,35.20489902
1217,동래구,온천동,0,1486,내성로타리,유,8,20,164,129.0774409,35.20466514
1218,동래구,명륜동,0,1486,내성로타리,유,9,42,352,129.0780151,35.2040874
1219,동래구,명륜동,0,1486,내성로타리,유,6,12,63,129.0783596,35.20403235
1087,동래구,복천동,0,178-9,내성초등학교,유,6,9,54,129.0896308,35.20369183
1088,동래구,복천동,0,185-9,내성초등학교,유,5,8,38,129.0894896,35.20366646
1135,동래구,복천동,0,185-9,내성초등학교,유,8,8,67,129.0894322,35.20377714
3340,금정구,두구동,0,37,노포IC진입로,유,3,17,47,129.1012896,35.29120039
3400,금정구,노포동,0,133,노포동전철역,유,13,24,296,129.0946644,35.28413422
3391,금정구,노포동,0,230-12,노포동종합버스터미널앞,유,7,23,150,129.0965225,35.28840308
3401,금정구,노포동,0,816-5,노포삼거리(팔송검문소),유,6,17,91,129.0931175,35.27950685
3402,금정구,노포동,0,816-5,노포삼거리(팔송검문소),유,8,23,184,129.0932811,35.27932158
3376,금정구,노포동,0,133,노포전철역버스회차장앞,유,4,17,70,129.0944264,35.282811
3377,금정구,청룡동,0,577,노포전철후문,유,5,59,245,129.0931058,35.27701572
3384,금정구,노포동,0,1025-6,녹동마을,유,6,19,121,129.084244,35.29671183
3254,강서구,녹산동,0,252-1,녹명초교,유,8,24,196,128.8862788,35.11434481
3121,강서구,송정동,0,1549-1,녹산10번신호대,유,13,24,150,128.8394564,35.09025587
3122,강서구,송정동,0,1536,녹산10번신호대,유,8,24,196,128.839133,35.08894054
3123,강서구,송정동,0,1536,녹산10번신호대,유,6,25,145,128.8394664,35.08873967
3124,강서구,송정동,0,1536,녹산10번신호대,유,8,24,199,128.8394609,35.08921054
3125,강서구,송정동,0,1536,녹산10번신호대,유,8,24,195,128.8397843,35.08894301
3126,강서구,송정동,0,1753-20,녹산11번신호대,유,5,27,131,128.8266915,35.09427682
3127,강서구,송정동,0,1753-1,녹산11번신호대,유,5,22,111,128.8266753,35.09408333
3128,강서구,송정동,0,1753-1,녹산11번신호대,유,5,27,137,128.8269182,35.09408939
3129,강서구,송정동,0,1753-20,녹산11번신호대,유,6,19,114,128.8270226,35.09437652
3130,강서구,송정동,0,1750,녹산12번신호대,유,8,24,200,128.8242913,35.09620487
3091,강서구,송정동,0,185,녹산16지점,유,8,19,154,128.8657645,35.09823155
3092,강서구,송정동,0,1670,녹산16지점,유,8,19,154,128.8654658,35.09798829
3093,강서구,송정동,0,185,녹산16지점,유,8,19,156,128.8657652,35.09774467
3094,강서구,송정동,0,185,녹산16지점,유,16,15,183,128.8665624,35.09781543
3095,강서구,송정동,0,185,녹산16지점,유,9,19,156,128.8660944,35.09798734
3167,강서구,송정동,0,1687,녹산1번신호대,유,8,24,205,128.8690932,35.08897625
3168,강서구,송정동,0,185,녹산1번신호대,유,8,19,161,128.8693857,35.08926002
2721,강서구,송정동,0,1599-8,녹산21지점(35번신호대),유,7,8,43,128.852606,35.09819829
3083,강서구,송정동,0,1599-9,녹산21지점(35번신호대),유,8,18,151,128.8523083,35.09796929
3084,강서구,송정동,0,1599-8,녹산21지점(35번신호대),유,8,19,152,128.8526012,35.09772757
3085,강서구,송정동,0,1599-8,녹산21지점(35번신호대),유,8,19,148,128.8529045,35.09797251
3151,강서구,송정동,0,1608-5,녹산22지점,유,8,15,120,128.8523152,35.09346552
3152,강서구,송정동,0,1608-3,녹산22지점,유,9,19,165,128.8526118,35.09324094
3153,강서구,송정동,0,1608-4,녹산22지점,유,8,15,120,128.8529065,35.09346598
3154,강서구,송정동,0,1608-4,녹산22지점,유,8,18,151,128.8526117,35.09369102
3074,강서구,송정동,0,1512-3,녹산27지점,유,8,23,179,128.8391104,35.09797245
3075,강서구,송정동,0,1512-3,녹산27지점,유,8,24,194,128.839442,35.09771199
3076,강서구,송정동,0,1512-3,녹산27지점,유,8,19,153,128.8397666,35.09795292
3077,강서구,송정동,0,1512-3,녹산27지점,유,9,27,211,128.839425,35.09819729
3141,강서구,송정동,0,1549-1,녹산28지점,유,8,15,123,128.8391155,35.09344668
3142,강서구,송정동,0,1549-1,녹산28지점,유,8,24,200,128.83945,35.09322217
3143,강서구,송정동,0,1549-1,녹산28지점,유,8,15,127,128.8397767,35.09344925
3144,강서구,송정동,0,1549-1,녹산28지점,유,8,24,201,128.8394503,35.09367324
3163,강서구,송정동,0,1686-1,녹산2번신호대,유,8,24,198,128.8654809,35.08897475
3164,강서구,송정동,0,1686-1,녹산2번신호대,유,5,19,94,128.8657771,35.08869312
3165,강서구,송정동,0,1686-1,녹산2번신호대,유,8,24,202,128.8660755,35.08897313
3166,강서구,송정동,0,1686-1,녹산2번신호대,유,9,19,163,128.8657775,35.08924009
3137,강서구,송정동,0,1502-2,녹산30지점(28번신호대),유,8,15,123,128.8293453,35.09667644
3138,강서구,송정동,0,1493-2,녹산30지점(28번신호대),유,8,19,151,128.8293716,35.09634103
3139,강서구,송정동,0,1502-2,녹산30지점(28번신호대),유,8,15,126,128.8297757,35.09632933
3140,강서구,송정동,0,1502-2,녹산30지점(28번신호대),유,8,19,147,128.8297543,35.09666371
2717,강서구,송정동,0,1656,녹산3번신호대,유,6,12,76,128.8620779,35.08923263
2718,강서구,송정동,0,1656,녹산3번신호대,유,6,13,78,128.8620789,35.08871656
3099,강서구,송정동,0,1656,녹산3번신호대,유,8,24,197,128.8618047,35.0889702
3100,강서구,송정동,0,1656,녹산3번신호대,유,8,24,201,128.8623446,35.08897041
2715,강서구,송정동,0,1742-15,녹산4번신호대,유,6,8,50,128.859041,35.08784347
2716,강서구,송정동,0,1742-15,녹산4번신호대,유,6,8,50,128.8593706,35.08784197
3101,강서구,송정동,0,1636,녹산4번신호대,유,8,24,199,128.8589222,35.08896619
3102,강서구,송정동,0,1742-15,녹산4번신호대,유,9,16,132,128.8591909,35.08773868
3103,강서구,송정동,0,1742-15,녹산4번신호대,유,9,16,133,128.8591983,35.08794014
3104,강서구,송정동,0,1636,녹산4번신호대,유,8,24,200,128.8594727,35.08896737
3105,강서구,송정동,0,1636,녹산4번신호대,유,9,15,131,128.8591966,35.0892346
3106,강서구,송정동,0,1636,녹산4번신호대,유,5,15,75,128.8591956,35.08868705
2731,강서구,송정동,0,1634,녹산5번신호대,유,8,13,103,128.857117,35.08872027
2732,강서구,송정동,0,1634,녹산5번신호대,유,6,9,55,128.8570875,35.08921323
3057,강서구,송정동,0,1634,녹산5번신호대,유,8,24,198,128.8568431,35.08896368
3058,강서구,송정동,0,1634,녹산5번신호대,유,8,24,201,128.8573848,35.08896432
2713,강서구,송정동,0,1732,녹산6번신호대,유,6,8,46,128.8524338,35.08783968
2714,강서구,송정동,0,1732,녹산6번신호대,유,6,9,56,128.8527967,35.08783396
3107,강서구,송정동,0,1615,녹산6번신호대,유,8,24,192,128.852322,35.08895873
3108,강서구,송정동,0,1732,녹산6번신호대,유,9,19,164,128.8526164,35.08771866
3109,강서구,송정동,0,1732,녹산6번신호대,유,8,19,157,128.8526196,35.08793676
3110,강서구,송정동,0,1615,녹산6번신호대,유,9,24,206,128.852916,35.08895926
3111,강서구,송정동,0,1615,녹산6번신호대,유,9,19,164,128.8526166,35.08922632
3112,강서구,송정동,0,1615,녹산6번신호대,유,5,19,96,128.8526192,35.08867774
2711,강서구,송정동,0,1595,녹산7번신호대,유,6,12,73,128.8492212,35.08921376
2712,강서구,송정동,0,1595,녹산7번신호대,유,6,12,73,128.8492254,35.08869881
3113,강서구,송정동,0,1595,녹산7번신호대,유,8,24,198,128.848949,35.08895495
3114,강서구,송정동,0,1595,녹산7번신호대,유,8,24,200,128.84949,35.08895402
3115,강서구,송정동,0,1593-8,녹산8번신호대,유,6,15,92,128.846037,35.08921908
3116,강서구,송정동,0,1593-8,녹산8번신호대,유,9,24,207,128.845768,35.08894986
3117,강서구,송정동,0,1593-8,녹산8번신호대,유,8,12,71,128.8460423,35.08875773
3118,강서구,송정동,0,1593-8,녹산8번신호대,유,8,24,199,128.8463179,35.08895076
2709,강서구,송정동,0,1554,녹산9번신호대,유,13,9,113,128.8427414,35.08878276
2710,강서구,송정동,0,1554,녹산9번신호대,유,11,8,81,128.8427433,35.08920522
3119,강서구,송정동,0,1554,녹산9번신호대,유,9,24,209,128.8424708,35.08894658
3120,강서구,송정동,0,1554,녹산9번신호대,유,9,24,210,128.8430097,35.08894579
3096,강서구,송정동,0,185,녹산공단14지점(녹산 21번 신호대),유,8,19,160,128.8684534,35.09380806
3097,강서구,송정동,0,185,녹산공단14지점(녹산 21번 신호대),유,8,15,126,128.8682268,35.09348159
3098,강서구,송정동,0,185,녹산공단14지점(녹산 21번 신호대),유,8,28,156,128.8687686,35.09345746
3159,강서구,송정동,0,1660-12,녹산공단17지점,유,8,15,124,128.8654778,35.09347976
3160,강서구,송정동,0,1662-6,녹산공단17지점,유,9,19,164,128.865768,35.09325637
3161,강서구,송정동,0,1660-12,녹산공단17지점,유,8,16,128,128.8660682,35.09348397
3162,강서구,송정동,0,1660-12,녹산공단17지점,유,9,19,165,128.865775,35.09370602
3089,강서구,송정동,0,1657,녹산공단18지점(33번 신호대),유,8,19,152,128.8617812,35.09798176
3090,강서구,송정동,0,1657,녹산공단18지점(33번 신호대),유,8,19,154,128.8623372,35.09798396
2720,강서구,송정동,0,1623-2,녹산공단19지점,유,6,7,45,128.8591852,35.09820449
3086,강서구,송정동,0,1622-3,녹산공단19지점,유,8,19,153,128.8589057,35.09798207
3087,강서구,송정동,0,1640-2,녹산공단19지점,유,8,15,120,128.8591841,35.09773412
3088,강서구,송정동,0,1638-2,녹산공단19지점,유,8,19,149,128.859464,35.09798013
3133,강서구,송정동,0,1779,녹산공단1지점,유,29,23,203,128.8231386,35.10035613
3134,강서구,송정동,0,1477,녹산공단1지점,유,4,15,62,128.8235588,35.10046319
3155,강서구,송정동,0,1646-1,녹산공단20지점(녹산23번신호대),유,8,16,127,128.8589207,35.09347571
3156,강서구,송정동,0,1646-1,녹산공단20지점(녹산23번신호대),유,9,15,130,128.8591885,35.09325278
3157,강서구,송정동,0,1646-1,녹산공단20지점(녹산23번신호대),유,8,15,120,128.8594592,35.09347443
3158,강서구,송정동,0,1645,녹산공단20지점(녹산23번신호대),유,8,15,125,128.8591931,35.09369508
2722,강서구,송정동,0,1578-3,녹산공단23지점,유,7,8,44,128.849207,35.09819558
3081,강서구,송정동,0,1578-3,녹산공단23지점,유,8,19,154,128.8489341,35.09796586
3082,강서구,송정동,0,1578-3,녹산공단23지점,유,8,19,153,128.8494731,35.09796879
2707,강서구,송정동,0,1584,녹산공단24지점,유,6,13,77,128.849209,35.09367866
2708,강서구,송정동,0,1605-1,녹산공단24지점,유,6,13,79,128.849214,35.09325129
3149,강서구,송정동,0,1585-5,녹산공단24지점,유,8,15,121,128.8489465,35.09346023
3150,강서구,송정동,0,1605-2,녹산공단24지점,유,8,15,124,128.8494757,35.09345977
2723,강서구,송정동,0,1578-1,녹산공단25지점,유,7,7,42,128.846025,35.09818925
3078,강서구,송정동,0,1558-9,녹산공단25지점,유,6,19,115,128.8457456,35.09796365
3079,강서구,송정동,0,1578-1,녹산공단25지점,유,6,15,93,128.8460251,35.09772018
3080,강서구,송정동,0,1578-1,녹산공단25지점,유,8,19,153,128.8462974,35.09796434
3145,강서구,송정동,0,1567-9,녹산공단26지점,유,8,15,120,128.845742,35.09345395
3146,강서구,송정동,0,1567-9,녹산공단26지점,유,6,15,90,128.8460289,35.09322771
3147,강서구,송정동,0,1567-11,녹산공단26지점,유,8,15,121,128.8463,35.09345369
3148,강서구,송정동,0,1587-1,녹산공단26지점,유,6,15,93,128.8460269,35.09367805
2735,강서구,송정동,0,1558-1,녹산공단27-1지점,유,7,7,43,128.8427279,35.09818714
3053,강서구,송정동,0,1558-1,녹산공단27-1지점,유,8,19,155,128.8424968,35.0979606
3054,강서구,송정동,0,1558-1,녹산공단27-1지점,유,8,19,155,128.8429498,35.0979597
2733,강서구,송정동,0,1544-6,녹산공단28-1지점,유,7,12,73,128.8391474,35.09559308
2734,강서구,송정동,0,1544-2,녹산공단28-1지점,유,7,12,73,128.839763,35.09559113
3055,강서구,송정동,0,1544-2,녹산공단28-1지점,유,8,24,198,128.8394466,35.09536821
3056,강서구,송정동,0,1544-6,녹산공단28-1지점,유,8,24,197,128.8394474,35.09581071
2724,강서구,송정동,0,1468,녹산공단29지점(40번신호대),유,10,9,71,128.832729,35.09819014
3072,강서구,송정동,0,1468,녹산공단29지점(40번신호대),유,8,18,155,128.8324525,35.09794342
3073,강서구,송정동,0,1468,녹산공단29지점(40번신호대),유,9,19,160,128.8329948,35.09794626
3135,강서구,송정동,0,1459,녹산공단31지점,유,8,15,122,128.8266732,35.09883142
3136,강서구,송정동,0,1468,녹산공단31지점,유,8,15,122,128.8270497,35.09852669
2798,강서구,송정동,0,1709-2,녹산공단32지점(33지점직결),유,6,14,82,128.8397786,35.08565404
2799,강서구,송정동,0,1709-2,녹산공단32지점(33지점직결),유,6,14,82,128.8391655,35.08565596
3070,강서구,송정동,0,1709-2,녹산공단32지점(33지점직결),유,19,41,325,128.8394706,35.08579263
2725,강서구,송정동,0,1720,녹산공단34지점(한성개발),유,12,8,81,128.8427516,35.08579747
2726,강서구,송정동,0,1720,녹산공단34지점(한성개발),유,9,13,102,128.8425874,35.0856621
2727,강서구,송정동,0,1731-5,녹산공단35지점(삼보정밀화학공업),유,7,8,45,128.8524429,35.08452586
2728,강서구,송정동,0,1731-5,녹산공단35지점(삼보정밀화학공업),유,6,8,50,128.8528087,35.08452263
3068,강서구,송정동,0,1731-5,녹산공단35지점(삼보정밀화학공업),유,8,20,161,128.8526178,35.0844028
3069,강서구,송정동,0,1731-5,녹산공단35지점(삼보정밀화학공업),유,8,19,155,128.8526234,35.0846275
3036,강서구,녹산동,0,45716,녹산교,유,6,21,128,128.89428,35.12205661
3037,강서구,녹산동,0,45716,녹산교,유,4,10,40,128.8944141,35.12192685
3038,강서구,녹산동,0,45716,녹산교,유,4,20,83,128.894529,35.1220682
3039,강서구,녹산동,0,45716,녹산교,유,6,22,135,128.894532,35.12227887
3181,강서구,송정동,0,602-4,녹산동화전부락입구,유,8,22,180,128.8659253,35.0996179
3051,강서구,송정동,0,1779,녹산명문주유소,유,17,28,149,128.8235537,35.10152332
3052,강서구,송정동,0,1779,녹산명문주유소,유,8,25,168,128.8237096,35.10190503
2983,강서구,녹산동,0,627-58,녹산배수펌프장,유,6,28,180,128.9004083,35.11976301
2992,강서구,녹산동,0,5-90,녹산보건소,유,7,23,154,128.8961078,35.12372411
3198,강서구,녹산동,0,159-3,녹산중학교,유,8,20,169,128.8896218,35.11746495
2995,강서구,화전동,0,676,녹산하영산업앞 삼거리(화전지구15구역),유,8,32,255,128.8877059,35.10371944
2996,강서구,화전동,0,676,녹산하영산업앞 삼거리(화전지구15구역),유,8,31,254,128.8877404,35.10412545
3014,강서구,송정동,0,1512-1,녹산화물터미널,유,10,19,120,128.8357749,35.09795116
2276,사상구,엄궁동,0,651-9,농산물도매시장3거리,유,8,21,169,128.9645802,35.12747753
2277,사상구,엄궁동,0,651-11,농산물도매시장3거리,유,9,24,207,128.9636197,35.12770039
2278,사상구,엄궁동,0,651-11,농산물도매시장3거리,유,11,33,345,128.9632614,35.12756569
2357,사상구,엄궁동,0,690,농수산물도매시장,유,11,22,237,128.9684355,35.12660324
2358,사상구,엄궁동,0,690,농수산물도매시장,유,9,13,112,128.9684451,35.12689853
2359,사상구,엄궁동,0,690,농수산물도매시장,유,12,29,276,128.9684906,35.12642281
3388,금정구,노포동,0,710,농수산물유통공사앞,유,6,20,117,129.0917991,35.28151262
1114,동래구,명륜동,0,665-1,농심메가마켓,유,4,10,27,129.0815594,35.20310994
1197,동래구,명륜동,0,665-1,농심메가마켓,유,9,22,185,129.0814974,35.20292496
566,북구,만덕동,0,830-6,농협만덕지소,유,7,12,80,129.0347425,35.2142503
1610,영도구,청학동,0,48-246,늘푸른레미콘,유,6,17,106,129.0681073,35.09382913
1198,동래구,온천동,0,1470,늘푸른주유소,유,8,20,166,129.07451,35.20589065
3023,강서구,녹산동,0,45716,능엄사입구,유,6,26,162,128.8965205,35.12103103
2329,사상구,괘법동,0,223-4,능인사,유,7,22,145,128.9889236,35.16646966
3683,사하구,다대동,0,265,다대1주공,유,8,24,199,128.9745742,35.06070276
3434,사하구,다대동,0,914-1,다대농협,유,6,10,65,128.9707429,35.05701548
3681,사하구,다대동,0,920-8,다대농협,유,6,19,107,128.9707177,35.05663926
3682,사하구,다대동,0,827,다대농협,유,8,24,198,128.9710739,35.05730432
3574,사하구,다대동,0,1545,다대롯데캐슬입구,유,6,23,151,128.958964,35.05141509
3554,사하구,다대동,0,36,다대삼환아파트,유,7,14,83,128.9809776,35.06356802
3519,사하구,다대동,0,774,다대수협주변,유,6,9,54,128.9716111,35.05636209
3520,사하구,다대동,0,681-3,다대수협주변,유,6,14,81,128.9716846,35.05549293
3521,사하구,다대동,0,681-3,다대수협주변,유,5,19,96,128.9718774,35.05565514
3532,사하구,다대동,0,80-14,다대시영아파트4동,유,6,13,72,128.9811639,35.06606248
3586,사하구,다대동,0,590-3,다대자유APT,유,9,20,174,128.970754,35.05149678
3678,사하구,다대동,0,1551-31,다대해수욕장,유,9,25,208,128.9648117,35.04850912
3679,사하구,다대동,0,1551-31,다대해수욕장,유,8,25,208,128.9652656,35.04837316
3684,사하구,다대동,0,308-4,다대현대아파트,유,7,19,129,128.976743,35.06184467
1018,동래구,사직동,0,581-33,달북초교,유,8,11,68,129.0604675,35.20282365
1103,동래구,사직동,0,581-33,달북초교,유,5,20,80,129.0602825,35.20275911
2687,연제구,연산동,0,746-28,담배인삼공사,유,8,22,175,129.0826735,35.18408995
2688,연제구,연산동,0,700-47,담배인삼공사,유,8,21,171,129.0832619,35.18266736
1323,부산진구,부암동,0,786-41,당감 동원초교윗사거리,유,6,8,44,129.0309267,35.17367055
1324,부산진구,부암동,0,725,당감 동원초교윗사거리,유,6,7,43,129.0309846,35.17385365
1325,부산진구,부암동,0,786-41,당감 동원초교윗사거리,유,6,9,54,129.0311579,35.17370848
1326,부산진구,부암동,0,725,당감 동원초교윗사거리,유,4,8,31,129.0311356,35.17382882
1318,부산진구,부암동,0,657-7,당감4동대성약국앞,유,6,10,61,129.0350214,35.1701188
1319,부산진구,부암동,0,778-55,당감4동대성약국앞,유,6,10,61,129.034372,35.17012871
1321,부산진구,부암동,0,825,당감4동대성약국앞,유,6,10,61,129.0344981,35.17033977
1322,부산진구,부암동,0,657-7,당감4동대성약국앞,유,4,6,22,129.0347397,35.1699925
1336,부산진구,부암동,0,594-97,당감4동동원초교앞,유,9,6,56,129.0318983,35.17313252
1331,부산진구,당감동,0,796-2,당감4동우체국,유,6,7,44,129.0287115,35.17205904
1332,부산진구,당감동,0,796-2,당감4동우체국,유,4,7,26,129.0285005,35.17201565
1333,부산진구,당감동,0,796-2,당감4동우체국,유,6,8,49,129.028458,35.17186842
1335,부산진구,당감동,0,796-2,당감4동우체국,유,6,10,57,129.0286996,35.17187319
1327,부산진구,당감동,0,642,당감동제일학원앞,유,6,10,58,129.0331094,35.16916762
1328,부산진구,당감동,0,649-6,당감동제일학원앞,유,4,9,35,129.0334026,35.1691619
1329,부산진구,당감동,0,825,당감동제일학원앞,유,6,10,63,129.0333218,35.16928965
1448,부산진구,당감동,0,174,당감삼익아파트,유,10,31,305,129.0397797,35.16150008
1428,부산진구,부암동,0,269-71,당감시장,유,7,14,94,129.0415078,35.16595921
1429,부산진구,부암동,0,889-41,당감시장,유,7,14,99,129.0418613,35.16603162
1315,부산진구,당감동,0,500-20,당감종합사회복지관,유,5,20,98,129.0363602,35.16234172
1316,부산진구,당감동,0,495-9,당감종합사회복지관,유,6,22,133,129.0363137,35.16257528
1286,부산진구,당감동,0,252-130,당감초교,유,8,8,61,129.0395984,35.1636332
1287,부산진구,당감동,0,252-129,당감초교,유,6,9,59,129.0398286,35.16262073
3608,사하구,당리동,0,1270-16,당리초교입구,유,8,21,172,128.9766429,35.10053321
3609,사하구,당리동,0,330-9,당리초교입구,유,8,21,171,128.9768318,35.09999418
1277,부산진구,당감동,0,525-1,당평초교,유,7,9,60,129.034872,35.16027259
1447,부산진구,당감동,0,525-1,당평초교,유,10,31,299,129.0349417,35.15997752
1346,부산진구,당감동,0,495-9,당평초등학교 앞,유,4,8,33,129.034045,35.16163107
1347,부산진구,당감동,0,520-1,당평초등학교 앞,유,7,7,49,129.0342039,35.16113149
1418,부산진구,초읍동,0,376-63,대경교통,유,6,7,45,129.0488802,35.18178334
1419,부산진구,초읍동,0,296-35,대경교통,유,6,19,117,129.0489211,35.18153834
1420,부산진구,초읍동,0,376-80,대경교통,유,6,8,50,129.0492906,35.18158824
1421,부산진구,초읍동,0,376-63,대경교통,유,8,16,130,129.0491137,35.18162453
1574,영도구,대교동2가,0,44,대교로타리,유,6,15,93,129.0413435,35.09157634
1593,영도구,대교동2가,0,121-1,대교로타리,유,6,15,92,129.0422795,35.09123405
1632,영도구,대교동1가,0,136-5,대교로타리,유,8,17,69,129.0395822,35.09223702
1633,영도구,대교동1가,0,136-1,대교로타리,유,4,13,55,129.0396372,35.09209606
1634,영도구,대교동1가,0,139-1,대교로타리,유,4,14,57,129.0397834,35.09214303
1635,영도구,대교동1가,0,118-2,대교로타리,유,4,12,49,129.0397284,35.09229704
1112,동래구,온천동,0,185-46,대궐갈비집앞,유,7,20,93,129.0800234,35.21599283
985,남구,대연동,0,29-13,대남로타리,유,4,8,35,129.1054613,35.14025398
986,남구,대연동,0,45745,대남로타리,유,4,6,25,129.1048274,35.13993799
987,남구,대연동,0,45745,대남로타리,유,5,22,110,129.1051341,35.13997607
988,남구,대연동,0,45990,대남로타리,유,9,27,218,129.1051315,35.13976651
989,남구,대연동,0,45990,대남로타리,유,7,22,131,129.1054263,35.13972604
990,수영구,남천동,0,19-13,대남로타리,유,6,19,113,129.1068216,35.14100812
3714,사하구,구평동,0,113-13,대동고교,유,9,33,298,128.9833046,35.0849054
3715,사하구,구평동,0,33543,대동고교,유,7,16,103,128.9837004,35.08471173
3716,사하구,구평동,0,113-13,대동고교,유,7,27,186,128.9849642,35.08513422
3345,금정구,부곡동,0,266-5,대동대학(대동간호전문대),유,7,9,62,129.0922947,35.22965375
3347,금정구,부곡동,0,273-13,대동대학(대동간호전문대),유,6,9,60,129.092125,35.22837266
1115,동래구,명륜동,0,526-18,대동병원,유,3,8,23,129.0797163,35.20357388
1141,동래구,명륜동,0,526-18,대동병원,유,9,23,191,129.0798844,35.20363525
3190,강서구,대저1동,0,45706,대동사거리,유,9,24,205,128.9843223,35.21001407
3191,강서구,대저1동,0,45929,대동사거리,유,6,15,94,128.9855478,35.21092548
107,해운대구,좌동,0,1402,대동아파트(41),유,4,11,69,129.1749596,35.17812822
187,해운대구,좌동,0,1402,대동아파트(41),유,5,8,45,129.1748191,35.1777938
356,해운대구,좌동,0,1402,대동아파트(41),유,4,10,29,129.1748262,35.178016
357,해운대구,좌동,0,1402,대동아파트(41),유,6,19,102,129.174725,35.17798794
358,해운대구,좌동,0,1402,대동아파트(41),유,8,11,39,129.1748855,35.17789893
359,해운대구,좌동,0,1402,대동아파트(41),유,14,24,135,129.1750122,35.17794204
360,해운대구,좌동,0,1402,대동아파트(41),유,4,23,74,129.1748754,35.17797563
1876,기장군,기장읍,대라리,403-3,0,유,6,14,84,129.2134265,35.24017463
3386,금정구,노포동,0,581,대룡마을,유,6,20,124,129.0892002,35.28971254
237,해운대구,재송동,0,854-1,대림 e-편한세상,유,6,27,161,129.1171438,35.18722407
999,남구,문현동,0,274-9,대림맨션,유,6,20,124,129.0769144,35.13425461
1749,서구,남부민동,0,523-79,대림비치타운,유,8,25,207,129.025035,35.08251623
746,북구,화명동,0,1229,대림아파트,유,9,25,214,129.0133847,35.23238946
98,해운대구,좌동,0,878-3,대림아파트(31),유,6,12,73,129.1722507,35.17403314
99,해운대구,좌동,0,877-4,대림아파트(31),유,9,13,101,129.1726736,35.17422746
373,해운대구,좌동,0,878-3,대림아파트(31),유,6,20,117,129.1723075,35.17427014
374,해운대구,좌동,0,882,대림아파트(31),유,6,20,121,129.1725612,35.17391778
1124,동래구,명장동,0,606-6,대명여고앞,유,8,11,82,129.0958649,35.21111815
2111,기장군,기장읍,청강리,328-6,대변덕주빌라입구,유,6,18,118,129.2186222,35.23469887
2112,기장군,기장읍,청강리,328-6,대변덕주빌라입구,유,6,18,112,129.2188661,35.23433988
3247,강서구,강동동,0,101-4,대사약방,유,9,29,251,128.9405073,35.2169525
3248,강서구,강동동,0,127-1,대사초등학교,유,9,26,226,128.9350539,35.21881375
3249,강서구,강동동,0,101-4,대사초등학교,유,5,24,102,128.9375022,35.21780973
3250,강서구,강동동,0,101-87,대사초등학교,유,9,28,236,128.937403,35.21800315
3212,강서구,대저1동,0,727-2,대상지하차도,유,8,27,151,128.9739996,35.21166441
3213,강서구,대저1동,0,727-2,대상지하차도,유,8,41,271,128.9741908,35.21165463
3214,강서구,대저1동,0,727-2,대상지하차도,유,14,27,165,128.9743845,35.21163696
1207,동래구,사직동,0,129-32,대선사거리,유,5,15,83,129.0710806,35.19627789
1208,동래구,사직동,0,133-11,대선사거리,유,6,15,97,129.0718751,35.19643598
1557,영도구,청학동,0,217-40,대선조선앞,유,3,6,20,129.0624257,35.09663257
1613,영도구,청학동,0,217-40,대선조선앞,유,6,16,102,129.0625852,35.09667487
1614,영도구,청학동,0,12-44,대선조선앞,유,6,17,106,129.063545,35.09627504
3453,사하구,신평동,0,503,대성기공,유,5,8,37,128.9732978,35.08756304
3454,사하구,신평동,0,505,대성기공,유,6,13,67,128.9725846,35.08758038
3695,사하구,신평동,0,504,대성기공,유,7,15,96,128.9728743,35.08729941
3696,사하구,신평동,0,503,대성기공,유,7,13,90,128.9729057,35.08789988
1234,부산진구,개금동,0,527-51,대성예식장(개금1파출소),유,6,13,75,129.0199767,35.15007745
1252,부산진구,개금동,0,523-3,대성예식장(개금1파출소),유,4,19,80,129.0203179,35.15015535
1799,서구,서대신동2가,0,144,대신로타리,유,6,19,120,129.017598,35.11054475
1800,서구,서대신동2가,0,140-10,대신로타리,유,6,18,112,129.0177074,35.1100103
1801,서구,서대신동2가,0,130-4,대신로타리,유,7,17,114,129.0179458,35.1099348
1802,서구,서대신동2가,0,130-3,대신로타리,유,6,19,114,129.0180253,35.11012251
1803,서구,동대신동2가,0,112-2,대신로타리,유,6,16,101,129.0190837,35.11049685
3364,금정구,부곡동,0,241-1,대신빌라앞,유,6,9,56,129.0924335,35.23341745
1013,동래구,명륜동,0,559-10,대신산업,유,7,9,62,129.0822428,35.20529536
1760,서구,서대신동2가,0,60-24,대신시장,유,9,17,150,129.0149855,35.10949329
1761,서구,서대신동2가,0,122-10,대신시장,유,9,18,150,129.0163157,35.10952407
1732,서구,서대신동3가,0,187-10,대신중학교앞,유,5,24,115,129.0134828,35.11677448
1664,동구,좌천동,0,68-1005,대양주유소,유,6,19,119,129.0558813,35.13115638
1665,동구,좌천동,0,68-274,대양주유소,유,6,18,116,129.0571721,35.13124923
829,남구,대연동,0,323,대연3PB,유,5,14,40,129.0956472,35.13547705
994,남구,대연동,0,336-1,대연3PB,유,8,22,178,129.0955025,35.13557481
995,남구,대연동,0,74-17,대연3PB,유,6,19,121,129.096903,35.1359213
958,남구,대연동,0,21429,대연3동사무소,유,8,17,146,129.100777,35.13545407
959,남구,대연동,0,515-4,대연3동사무소,유,10,18,189,129.1010438,35.13349875
960,남구,대연동,0,512-2,대연3동사무소,유,11,17,180,129.1010937,35.13311968
910,남구,대연동,0,1239-25,대연6동사무소,유,6,20,124,129.0836618,35.13468627
911,남구,대연동,0,327-1,대연농협,유,6,19,116,129.0936341,35.13521113
828,남구,대연동,0,290-6,대연로타리,유,10,12,91,129.0918468,35.13525209
996,남구,대연동,0,1739-18,대연로타리,유,6,19,123,129.0917138,35.13511125
997,남구,대연동,0,1739-20,대연로타리,유,7,16,107,129.0919115,35.13492269
998,남구,대연동,0,1739-7,대연로타리,유,7,19,120,129.0920155,35.13512431
827,남구,대연동,0,1756-2,대연부경대(남구청),유,4,11,79,129.0868901,35.13497006
899,남구,대연동,0,1237-11,대연부경대(남구청),유,8,19,155,129.08601,35.13480895
900,남구,대연동,0,1756-1,대연부경대(남구청),유,6,19,119,129.0870377,35.13486656
772,남구,대연동,0,1536-61,대연여상,유,13,8,83,129.0863539,35.13809416
877,남구,대연동,0,289-15,대연초교,유,6,12,77,129.0914988,35.13679281
2440,수영구,광안동,0,503-10,대영주유소,유,4,19,54,129.1200076,35.16823556
2490,수영구,광안동,0,503-27,대영주유소,유,6,19,118,129.1196606,35.16840217
2554,연제구,연산동,0,201-3,대우 푸르지오(경남아파트),유,2,17,33,129.1112326,35.18440252
2622,연제구,연산동,0,산13,대우 푸르지오(경남아파트),유,6,14,89,129.1104969,35.18449701
2623,연제구,연산동,0,산13,대우 푸르지오(경남아파트),유,6,17,110,129.1113943,35.18448453
85,해운대구,우동,0,1406-7,대우마리나1차,유,6,22,64,129.1447534,35.15941403
116,해운대구,우동,0,1388-4,대우마리나1차,유,6,12,59,129.1449017,35.15966545
466,해운대구,우동,0,1388-4,대우마리나1차,유,6,19,115,129.1450745,35.15949005
86,해운대구,우동,0,1445,대우마리나2차,유,6,12,69,129.1475143,35.15896081
87,해운대구,우동,0,1445,대우마리나2차,유,6,16,107,129.1473692,35.15866217
464,해운대구,우동,0,1445,대우마리나2차,유,6,19,117,129.1472639,35.1588559
465,해운대구,우동,0,1445,대우마리나2차,유,6,19,103,129.147657,35.1587531
38,해운대구,우동,0,1445,대우마리나센터,유,5,11,62,129.149212,35.15813567
462,해운대구,우동,0,1445,대우마리나센터,유,6,19,114,129.1490657,35.15834207
463,해운대구,우동,0,1445,대우마리나센터,유,6,22,135,129.1494778,35.15824057
407,해운대구,좌동,0,1333,대우아파트(11),유,14,20,172,129.179103,35.16529258
532,북구,화명동,0,752,대우아파트앞,유,15,12,132,129.0190247,35.23473285
51,해운대구,우동,0,1447,대우트럼프월드마린 A동 앞,유,6,20,119,129.1428334,35.15484109
52,해운대구,우동,0,1447,대우트럼프월드마린 A동 앞,유,6,17,99,129.1425816,35.15470716
48,해운대구,우동,0,1410,대우트럼프월드마린 C동앞,유,6,23,140,129.1432808,35.15593705
49,해운대구,우동,0,1410,대우트럼프월드마린 C동앞,유,6,20,116,129.1435294,35.15603577
50,해운대구,우동,0,1410,대우트럼프월드마린 C동앞,유,6,24,140,129.1434052,35.15623757
2434,수영구,민락동,0,109,대우푸르지오아파트주변,유,8,14,108,129.1319556,35.15839331
2435,수영구,민락동,0,109,대우푸르지오아파트주변,유,6,7,42,129.1322615,35.15841789
3672,사하구,장림동,0,1098,대원기업사,유,6,17,99,128.9515554,35.07766102
3673,사하구,장림동,0,1098,대원기업사,유,4,6,25,128.951674,35.07773829
3674,사하구,장림동,0,1098,대원기업사,유,5,8,36,128.9516825,35.07782306
2271,사상구,괘법동,0,525-63,대원웨딩,유,7,13,88,128.9826892,35.1661733
3223,강서구,대저2동,0,31868,대저2동사무소,유,7,18,134,128.9579004,35.17921537
3224,강서구,대저2동,0,15008,대저2동사무소,유,8,18,148,128.9581699,35.17929297
2893,강서구,대저1동,0,734,대저사거리,유,6,23,139,128.9741698,35.2149106
3233,강서구,대저1동,0,734,대저사거리,유,9,43,210,128.9739942,35.21473603
3234,강서구,대저1동,0,734,대저사거리,유,8,37,276,128.9742296,35.2145088
3235,강서구,대저1동,0,750-25,대저사거리,유,8,11,87,128.9749056,35.21465549
3238,강서구,대저1동,0,1583,대저초교,유,4,10,41,128.9559892,35.21467657
3687,사하구,하단동,0,609-19,대진아파트,유,6,17,102,128.9630636,35.10374243
1771,서구,남부민동,0,654-1,대진타워,유,6,15,94,129.0245281,35.08743734
1772,서구,남부민동,0,654,대진타워,유,7,16,105,129.0246369,35.0863902
95,해운대구,중동,0,172-39,"대창아파트(30),(34)직결",유,7,15,74,129.1703897,35.17299384
96,해운대구,중동,0,172-39,"대창아파트(30),(34)직결",유,7,15,70,129.1703285,35.17311395
834,남구,대연동,0,561-16,대천사거리,유,13,11,112,129.1012297,35.13008863
895,남구,대연동,0,561-13,대천사거리,유,9,15,107,129.101393,35.13017455
896,남구,대연동,0,564-2,대천사거리,유,7,17,102,129.1014054,35.12996798
897,남구,대연동,0,561-16,대천사거리,유,6,9,55,129.1015503,35.13006501
898,남구,대연동,0,561-13,대천사거리,유,7,12,72,129.1015987,35.13019877
621,북구,화명동,0,198,대천주택앞,유,9,5,43,129.0186214,35.24096053
835,남구,대연동,0,561-16,대천초교,유,11,13,108,129.0997748,35.13009822
836,남구,대연동,0,568-6,대천초교,유,11,13,117,129.0980265,35.13011203
820,남구,대연동,0,565-2,대천초등학교,유,6,13,78,129.1011447,35.12894927
821,남구,대연동,0,567-1,대천초등학교,유,6,14,81,129.1010525,35.1286432
3757,중구,보수동1가,0,41-571,대청동 산복교앞,유,7,12,72,129.0265493,35.10620556
3748,중구,부평동1가,0,81-79,대청로타리,유,9,20,158,129.0280654,35.10313345
3749,중구,부평동1가,0,81-79,대청로타리,유,5,7,31,129.0278614,35.1031531
3750,중구,부평동1가,0,29618,대청로타리,유,10,12,118,129.0279187,35.10284419
3802,중구,부평동1가,0,81-79,대청로타리,유,8,21,143,129.0278034,35.10301026
3803,중구,부평동1가,0,81-79,대청로타리,유,8,16,128,129.0282434,35.10299727
3755,중구,대청동2가,0,84-31,대청장빌딩(여관),유,8,13,106,129.0310398,35.10507093
1849,기장군,기장읍,대라리,189-10,대청중학교,유,8,19,97,129.2131975,35.23421424
1850,기장군,기장읍,대라리,189-10,대청중학교,유,6,10,61,129.2130862,35.234075
1627,영도구,영선동3가,0,236-4,대평초교,유,8,13,103,129.0392496,35.08744981
1628,영도구,영선동3가,0,209-2,대평초교,유,7,14,96,129.0396622,35.0865621
3355,금정구,장전동,0,391-27,대한매일,유,7,11,73,129.0869532,35.2328835
3698,사하구,신평동,0,370-33,대한상사,유,7,27,179,128.9598769,35.08560929
3699,사하구,신평동,0,370-33,대한상사,유,6,17,108,128.9600336,35.08543362
3700,사하구,신평동,0,370-33,대한상사,유,7,27,197,128.9602027,35.08559945
3701,사하구,신평동,0,370-33,대한상사,유,8,19,142,128.9600539,35.08577705
1663,동구,수정동,0,1151-1,대한생명앞,유,5,16,78,129.0459657,35.12553428
1688,동구,수정동,0,1150-7,대한생명앞,유,9,32,277,129.0457079,35.12567023
3501,사하구,감천동,0,387-23,대한수산(정양산업직결),유,6,13,83,129.0055286,35.08165669
3502,사하구,감천동,0,387-18,대한수산(정양산업직결),유,7,14,90,129.0062671,35.08242795
3503,사하구,감천동,0,387-18,대한수산(정양산업직결),유,7,14,91,129.0065438,35.0835301
3764,중구,대창동2가,0,609-6,대한항공,유,8,27,219,129.0375831,35.11037339
560,북구,덕천동,0,453-10,대한항공사원아파트앞,유,12,7,66,129.0140658,35.21350303
561,북구,덕천동,0,453-10,대한항공사원아파트앞,유,5,6,19,129.0141386,35.21361245
562,북구,덕천동,0,357-1,대한항공사원아파트앞,유,5,7,26,129.0129372,35.21314486
563,북구,덕천동,0,357-1,대한항공사원아파트앞,유,9,10,61,129.01283,35.21320955
370,해운대구,좌동,0,1368-7,대해고교 (37),유,9,16,124,129.1669607,35.17232085
3383,사하구,당리동,0,324-5,대호맨션,유,9,22,178,128.9764001,35.10170915
3515,사하구,당리동,0,330-9,대호맨션,유,6,18,110,128.9766007,35.1012797
3561,사하구,당리동,0,330-9,대호맨션,유,5,26,114,128.9763877,35.10142742
3562,사하구,당리동,0,324-5,대호맨션,유,9,24,188,128.9766494,35.1017136
859,남구,문현동,0,125-4,대흥천보약국(문현초교 옆),유,12,13,74,129.0715364,35.14394649
876,남구,문현동,0,125-8,대흥천보약국(문현초교 옆),유,8,17,121,129.07144,35.1440615
2991,강서구,강동동,0,1659,덕도초등학교,유,6,14,89,128.9159874,35.19139155
3747,중구,영주동,0,290-2,덕원공고,유,9,7,61,129.0312981,35.10874656
613,북구,덕천동,0,425-13,덕천3동사무소,유,12,7,83,129.0174764,35.21014653
545,북구,덕천동,0,390-3,덕천KT,유,4,7,24,129.0186138,35.21328752
655,북구,덕천동,0,390-1,덕천KT,유,8,22,184,129.0185088,35.21316352
732,북구,화명동,0,산78-1,덕천공원입구,유,8,13,111,129.0089941,35.21652085
763,북구,덕천동,0,462,덕천남해고속입구,유,6,25,160,129.0105089,35.21155398
764,북구,덕천동,0,462,덕천남해고속입구,유,6,15,93,129.0106634,35.21129115
765,북구,덕천동,0,462,덕천남해고속입구,유,7,22,134,129.0107495,35.21145345
568,북구,덕천동,0,357-12,덕천동둥지유치원앞,유,9,9,73,129.0117831,35.21294659
569,북구,덕천동,0,357-1,덕천동둥지유치원앞,유,8,9,69,129.0115577,35.21288369
573,북구,덕천동,0,462,덕천동부국맨션앞,유,11,8,76,129.0076186,35.21190429
571,북구,덕천동,0,327,덕천동북부맨션앞,유,11,6,65,129.0064049,35.21160994
572,북구,덕천동,0,327,덕천동북부맨션앞,유,12,6,69,129.006641,35.21166048
565,북구,덕천동,0,462,덕천동삼진아파트,유,4,11,44,129.0191321,35.21422968
626,북구,덕천동,0,462,덕천동영남학원앞,유,11,7,74,129.008907,35.21222085
546,북구,덕천동,0,462,덕천벽산아파트,유,4,7,25,129.0217524,35.21338172
761,북구,덕천동,0,462,덕천벽산아파트,유,8,20,168,129.0218672,35.21326218
527,북구,덕천동,0,462,덕천시영아파트,유,4,7,24,129.015914,35.21287689
762,북구,덕천동,0,389-19,덕천시영아파트,유,9,21,180,129.0161336,35.21280287
656,북구,덕천동,0,462,덕천양수장,유,9,21,179,129.0203444,35.21321829
564,북구,덕천동,0,132-13,덕천은마아파트,유,8,12,73,129.0205017,35.21088186
612,북구,덕천동,0,132-67,덕천은마아파트,유,15,9,106,129.0199524,35.21061645
605,북구,덕천동,0,429-21,덕천주공101동,유,7,12,82,129.0128937,35.20900306
607,북구,덕천동,0,429-21,덕천주공101동,유,9,9,52,129.0127624,35.20888649
548,북구,덕천동,0,327,덕천천,유,11,6,66,129.005045,35.21127101
754,북구,덕천동,0,327,덕천천,유,10,20,206,129.0049357,35.21109891
651,북구,덕천동,0,327,덕천하나은행,유,8,19,154,129.0075486,35.2106653
2291,사상구,덕포동,0,416-7,덕포로타리,유,7,19,107,128.9838873,35.17398546
2292,사상구,덕포동,0,416-7,덕포로타리,유,6,17,103,128.983997,35.17383523
2293,사상구,덕포동,0,416-7,덕포로타리,유,6,16,88,128.9841808,35.17395134
2294,사상구,덕포동,0,431,덕포로타리,유,6,17,96,128.9840555,35.17409415
2830,강서구,강동동,0,2651,덕포정미소,유,5,18,64,128.9140737,35.19163732
2990,강서구,강동동,0,2651,덕포정미소,유,6,14,84,128.9138673,35.19156386
2245,사상구,덕포동,0,740-1,덕포지하차도,유,8,19,153,128.9881855,35.17167879
2246,사상구,덕포동,0,359-5,덕포지하차도,유,6,12,73,128.9884722,35.17344593
2247,사상구,덕포동,0,356-11,덕포지하차도,유,9,19,173,128.9882312,35.17364353
2211,사상구,덕포동,0,416-7,덕포초교,유,6,12,77,128.9849503,35.17372382
2257,사상구,덕포동,0,406-1,덕포초교,유,6,12,77,128.9860041,35.1734349
2702,강서구,대저2동,0,496-8,도도본리마을(공항외각도로),유,10,4,48,128.9354548,35.16876263
1456,부산진구,범천동,0,570,도시개발공사,유,15,33,289,129.0515669,35.15504909
3685,사하구,다대동,0,산13-1,도시개발아파트,유,6,22,121,128.9795131,35.06420756
1645,동구,수정동,0,1145-3,동구사회복지회관,유,10,24,122,129.040381,35.13075339
361,해운대구,좌동,0,1282,동국아파트,유,6,21,129,129.1704319,35.17670821
362,해운대구,좌동,0,1282,동국아파트,유,6,18,108,129.1707651,35.17665305
363,해운대구,좌동,0,1282,동국아파트,유,6,23,127,129.1703802,35.17644876
364,해운대구,좌동,0,1282,동국아파트,유,6,22,129,129.170676,35.17639215
365,해운대구,좌동,0,1408,동국아파트,유,6,14,86,129.1718307,35.17719093
782,남구,용당동,0,100-6,동국자동차정비,유,6,17,102,129.0995856,35.11724173
783,남구,용당동,0,100-10,동국자동차정비,유,6,18,107,129.0994734,35.11768806
2230,사상구,엄궁동,0,138-2,동궁초교입구,유,4,9,34,128.9733838,35.12312853
935,남구,용당동,0,349,동남여객,유,8,18,145,129.0949387,35.11638259
767,남구,문현동,0,36008,동남제과,유,8,25,136,129.0761531,35.14341083
1782,서구,동대신동2가,0,36161,동대신로타리,유,9,15,134,129.0206817,35.11107027
1783,서구,동대신동2가,0,101-2,동대신로타리,유,8,14,121,129.0204065,35.11097313
1784,서구,동대신동2가,0,49,동대신로타리,유,7,26,172,129.0217874,35.11129761
1785,서구,동대신동2가,0,49,동대신로타리,유,9,22,189,129.0219203,35.11149757
1786,서구,동대신동2가,0,27242,동대신로타리,유,9,21,177,129.021509,35.11137065
1787,서구,동대신동2가,0,49,동대신로타리,유,6,10,65,129.021876,35.11173148
1788,서구,동대신동2가,0,49,동대신로타리,유,7,31,206,129.0216396,35.11157393
1284,부산진구,당감동,0,406-3,동덕로타리,유,6,8,45,129.0392372,35.16520036
1285,부산진구,당감동,0,289-39,동덕로타리,유,6,8,48,129.039142,35.16559437
1430,부산진구,당감동,0,282-15,동덕로타리,유,6,17,105,129.0390147,35.16540191
1431,부산진구,당감동,0,430-3,동덕로타리,유,6,13,80,129.0393659,35.16547747
2528,연제구,거제동,0,45871,동래거제아파트앞,유,6,16,95,129.0784806,35.18946204
1146,동래구,수안동,0,158-1,동래경찰서(신청사),유,8,22,179,129.0842474,35.20055545
1192,동래구,낙민동,0,286,동래고교,유,8,19,151,129.088846,35.20080501
1083,동래구,안락동,0,994-10,동래고교뒷편,유,6,9,54,129.0932892,35.2012514
1143,동래구,낙민동,0,357,동래고교앞,유,9,21,177,129.0906382,35.20026538
1138,동래구,온천동,0,1470,동래광혜병원,유,4,10,37,129.072529,35.20659487
1199,동래구,온천동,0,1470,동래광혜병원,유,6,20,123,129.0707671,35.20746004
1200,동래구,온천동,0,1470,동래광혜병원,유,8,20,162,129.0726891,35.20665356
1015,동래구,명륜동,0,739,동래구청앞,유,5,20,89,129.0843612,35.20481453
1123,동래구,명륜동,0,739,동래구청앞,유,4,5,21,129.0843727,35.20468344
1093,동래구,온천동,0,726-3,동래럭키아파트,유,6,15,92,129.0730528,35.20902722
1193,동래구,명륜동,0,251-2,동래로타리,유,7,32,183,129.0837819,35.20194017
1194,동래구,명륜동,0,45718,동래로타리,유,7,34,172,129.0836483,35.20180971
1195,동래구,명륜동,0,158-1,동래로타리,유,13,29,157,129.0839192,35.20157641
1196,동래구,명륜동,0,158-1,동래로타리,유,6,30,163,129.0840666,35.20169677
2638,연제구,연산동,0,416-33,동래소방본부,유,6,16,97,129.1057555,35.18468775
1160,동래구,수안동,0,45914,동래소방서,유,6,18,119,129.0846141,35.19898645
1161,동래구,수안동,0,81-13,동래소방서,유,5,30,130,129.08486,35.1992893
1145,동래구,낙민동,0,261-1,동래시장,유,8,21,174,129.0866523,35.20120051
1031,동래구,온천동,0,419-89,동래원예고교,유,4,13,53,129.0766179,35.2140892
1032,동래구,온천동,0,419-89,동래원예고교,유,6,13,77,129.0768431,35.21422643
1033,동래구,온천동,0,419-89,동래원예고교,유,7,14,92,129.0768744,35.21402164
1129,동래구,명장동,0,559-4,동래자동차매매단지,유,7,9,61,129.093899,35.21246087
1017,동래구,명륜동,0,739,동래전화국,유,7,11,76,129.0829946,35.2036151
1101,동래구,명륜동,0,743-5,동래중학교,유,7,12,76,129.0801307,35.21002259
1014,동래구,명륜동,0,304-2,동래향교,유,6,11,63,129.0838654,35.20728227
840,남구,우암동,0,1195-132,동림리라맨션,유,10,12,105,129.0850067,35.12844978
808,남구,용당동,0,36434,동명대자율관,유,6,14,83,129.1003157,35.11969068
931,남구,용당동,0,168-14,동명부두,유,8,26,207,129.0920902,35.10932428
2553,연제구,연산동,0,17930,동명여중,유,6,12,75,129.0893114,35.17803213
775,남구,용당동,0,36434,동명오거리,유,6,14,88,129.0999674,35.12064743
937,남구,용당동,0,36434,동명오거리,유,5,25,122,129.0982755,35.12069287
938,남구,용당동,0,485-13,동명오거리,유,9,26,224,129.0989245,35.12192681
888,남구,용당동,0,540-2,동명정보대학,유,4,23,90,129.0995688,35.12325557
894,남구,용당동,0,485-13,동명정보대학,유,9,25,220,129.099356,35.12315722
2592,연제구,연산동,0,17930,동명초교,유,8,12,96,129.0895858,35.17685654
3222,강서구,대저2동,0,18994,동방부락,유,9,43,372,128.9598212,35.17357792
2402,수영구,광안동,0,150-17,동방사거리,유,6,11,72,129.1201443,35.16096668
2404,수영구,광안동,0,149-1,동방사거리,유,7,15,93,129.1202146,35.16108663
2408,수영구,광안동,0,149-1,동방사거리,유,6,15,92,129.1198613,35.16109316
2410,수영구,광안동,0,150-27,동방사거리,유,6,10,58,129.1200331,35.16128169
2422,수영구,광안동,0,166-13,동방오거리,유,8,15,120,129.1208643,35.15855872
2462,수영구,광안동,0,156-15,동방오거리,유,7,11,79,129.1208918,35.15883901
2463,수영구,광안동,0,166-13,동방오거리,유,7,15,100,129.1211224,35.15867591
141,해운대구,중동,0,1520-33,"동백맨션(4),(5)직결",유,4,23,84,129.1779091,35.16255075
413,해운대구,중동,0,1520-18,"동백맨션(4),(5)직결",유,9,23,184,129.1780201,35.16270473
414,해운대구,중동,0,1520-18,"동백맨션(4),(5)직결",유,13,21,170,129.1792122,35.16339001
39,해운대구,우동,0,1445,동백섬입구,유,6,10,58,129.151061,35.15758578
458,해운대구,우동,0,1445,동백섬입구,유,21,11,167,129.1512364,35.15776038
459,해운대구,우동,0,1445,동백섬입구,유,6,21,131,129.1520684,35.15799291
460,해운대구,우동,0,1445,동백섬입구,유,11,20,123,129.1523246,35.15804658
461,해운대구,우동,0,1445,동백섬입구,유,14,9,99,129.1521109,35.15813382
2228,사상구,모라동,0,434-4,동백유치원,유,8,16,123,128.9917663,35.18555694
336,해운대구,중동,0,1454,동백초교(6),유,7,20,119,129.1802553,35.16466158
337,해운대구,중동,0,1454,동백초교(6),유,12,21,131,129.1803213,35.16437615
338,해운대구,중동,0,1454,동백초교(6),유,10,14,86,129.1806162,35.16474364
191,해운대구,반여동,0,543-1,동부농산물시장남측,유,17,14,111,129.1227332,35.21332208
327,해운대구,반여동,0,543-1,동부농산물시장남측,유,7,18,112,129.1229587,35.21320386
332,해운대구,반여동,0,526-1,동부농산물시장입구,유,5,23,105,129.1245772,35.21534774
333,해운대구,반여동,0,499,동부농산물시장입구,유,6,17,106,129.1247377,35.21511635
1841,기장군,기장읍,동부리,117-13,0,유,5,14,77,129.2137539,35.24623811
1875,기장군,기장읍,동부리,115-5,0,유,6,15,89,129.2137847,35.24688992
218,해운대구,반송동,0,산8,동부산대학입구,유,6,31,184,129.1494704,35.23009692
219,해운대구,반송동,0,370-15,동부산대학입구,유,7,25,163,129.1504487,35.2304817
140,해운대구,재송동,0,1291-1472,동부산자동차매매시장,유,8,12,94,129.1253265,35.19438084
244,해운대구,재송동,0,1096-5,동부센트레빌아파트,유,8,15,118,129.1232044,35.18356972
188,해운대구,좌동,0,1402,"동부아파트(42),(45)직결",유,13,7,83,129.1763899,35.17736974
189,해운대구,좌동,0,1402,"동부아파트(42),(45)직결",유,6,13,82,129.1765435,35.17776205
351,해운대구,좌동,0,1402,"동부아파트(42),(45)직결",유,5,32,130,129.1764539,35.17756934
352,해운대구,좌동,0,1402,"동부아파트(42),(45)직결",유,6,22,130,129.1762657,35.17761537
353,해운대구,좌동,0,1402,"동부아파트(42),(45)직결",유,4,13,52,129.1763773,35.17750457
354,해운대구,좌동,0,1402,"동부아파트(42),(45)직결",유,6,17,103,129.1767684,35.17750307
355,해운대구,좌동,0,1402,"동부아파트(42),(45)직결",유,4,14,56,129.1765475,35.17760595
2272,사상구,덕포동,0,417-25,동부주유소,유,6,14,85,128.9816632,35.17411797
3381,금정구,부곡동,0,225-23,동부증권앞,유,8,26,211,129.0919614,35.23602122
498,해운대구,재송동,0,1095-6,동부지청,유,8,17,131,129.1222272,35.18307497
499,해운대구,재송동,0,1095-6,동부지청,유,9,23,193,129.1219748,35.18313574
500,해운대구,재송동,0,1000-31,동부지청,유,6,23,144,129.1229067,35.18193759
2132,기장군,기장읍,동부리,379-1,동부지하차도 주변,유,10,14,105,129.2169732,35.25098764
3724,사하구,하단동,0,481,동산유지,유,8,14,94,128.9617795,35.11504651
3725,사하구,하단동,0,481,동산유지,유,7,22,143,128.9619157,35.11486197
3726,사하구,하단동,0,481,동산유지,유,7,10,67,128.9620853,35.11458
3727,사하구,하단동,0,481,동산유지,유,8,25,207,128.9622089,35.11481622
1601,영도구,동삼동,0,628-28,동삼1지구도개공아파트,유,7,20,133,129.0586798,35.07090786
1602,영도구,동삼동,0,628-28,동삼1지구도개공아파트,유,6,18,92,129.0589104,35.07095646
1532,영도구,청학동,0,1123-16,동삼3지구주공아파트,유,6,10,59,129.0719173,35.08617478
1533,영도구,청학동,0,1123-16,동삼3지구주공아파트,유,8,17,136,129.0722723,35.08630264
1527,영도구,동삼동,0,681-45,"동삼동에덴금호타운앞,직결",유,4,9,30,129.0754361,35.07215514
1528,영도구,동삼동,0,681-45,"동삼동에덴금호타운앞,직결",유,7,13,80,129.0754687,35.07227041
1529,영도구,동삼동,0,1099-5,"동삼동에덴금호타운앞,직결",유,7,16,95,129.0762823,35.07165637
1524,영도구,동삼동,0,1123-16,동삼상리초교앞,유,6,11,68,129.0682114,35.08449687
1525,영도구,동삼동,0,510-10,동삼와치종합사회복지관,유,10,7,63,129.0654593,35.0763
1526,영도구,동삼동,0,510-10,동삼와치종합사회복지관,유,8,6,44,129.0652946,35.07617442
2170,사상구,주례동,0,154-1,동서대사거리(뉴동서정비),유,6,12,72,129.0112884,35.14944963
2233,사상구,주례동,0,154-3,동서대사거리(뉴동서정비),유,6,9,57,129.0114828,35.14964868
2210,사상구,주례동,0,152-11,동서대입구,유,5,22,117,129.0113328,35.15097503
2633,연제구,연산동,0,343,동서무지개아파트,유,6,13,81,129.0934129,35.18589872
2634,연제구,연산동,0,343,동서무지개아파트,유,6,13,82,129.0944372,35.1858436
1,해운대구,중동,0,1372-16,동성장여관,유,6,23,139,129.1653682,35.16232073
2,해운대구,중동,0,1372-16,동성장여관,유,11,16,110,129.1650651,35.16213038
4,해운대구,중동,0,1372-16,동성장여관,유,8,30,202,129.1653443,35.16213966
124,해운대구,중동,0,1372-16,동성장여관,유,4,7,41,129.1650886,35.16234502
2279,사상구,학장동,0,628-14,동신목재,유,7,17,109,128.974589,35.13629359
1153,동래구,수안동,0,36-44,동신아파트,유,7,22,160,129.0865899,35.19653364
3277,금정구,장전동,0,415-7,동신외과-부대앞,유,7,8,51,129.0863584,35.23124474
3351,금정구,장전동,0,415-7,동신외과-부대앞,유,9,9,73,129.0866975,35.23121718
3352,금정구,장전동,0,412-25,동신외과-부대앞,유,12,13,149,129.086565,35.23142584
3353,금정구,장전동,0,415-7,동신외과-부대앞,유,11,16,168,129.0864882,35.23103153
3354,금정구,장전동,0,423-34,동신외과-부대앞,유,9,11,95,129.086275,35.22985539
1731,서구,동대신동3가,0,518,동아대병원입구,유,4,31,106,129.0164605,35.11774704
3537,사하구,하단동,0,490-6,동아대정문,유,8,19,105,128.9641581,35.1130187
3728,사하구,하단동,0,477-4,동아대정문,유,8,25,200,128.9638804,35.11307238
1756,중구,보수동3가,0,29-16,동아빌라,유,7,20,131,129.0213134,35.10514812
1757,중구,보수동3가,0,29-16,동아빌라,유,7,19,134,129.0212918,35.10467597
1758,중구,보수동3가,0,84,동아빌라,유,7,20,136,129.0214944,35.10610856
3759,중구,보수동3가,0,29-16,동아빌라,유,5,13,34,129.0214361,35.1047883
3760,중구,보수동3가,0,30682,동아빌라,유,9,29,82,129.0217047,35.10622171
3618,사하구,다대동,0,1509-11,동아산기,유,9,13,111,128.9575775,35.06380323
3619,사하구,다대동,0,1509-11,동아산기,유,9,12,106,128.9576528,35.06351232
1723,서구,암남동,0,645-15,동양글로벌냉장,유,9,14,120,129.0065654,35.07282018
2374,사상구,학장동,0,831-3,동양아파트,유,6,17,103,128.9929341,35.14569478
1349,부산진구,부암동,0,720,동양초등학교,유,7,13,64,129.0317114,35.17644287
2234,사상구,삼락동,0,419-8,동양한신아파트,유,7,11,70,128.9781959,35.16951022
2539,연제구,연산동,0,589-3,동원맨션,유,5,16,78,129.0874223,35.18905591
2540,연제구,연산동,0,105-9,동원맨션,유,4,12,49,129.0875657,35.18930465
2541,연제구,연산동,0,105-15,동원맨션,유,4,12,48,129.0885565,35.18974972
2542,연제구,연산동,0,105-1,동원맨션,유,4,23,74,129.0884449,35.18961857
2593,연제구,연산동,0,589-3,동원맨션,유,4,9,33,129.0872251,35.18906878
2594,연제구,연산동,0,583-3,동원맨션,유,6,12,77,129.087407,35.18944941
1394,부산진구,가야동,0,248-33,동의대전철역,유,6,7,45,129.0320549,35.15483867
1395,부산진구,가야동,0,248-33,동의대전철역,유,4,6,26,129.031911,35.15483451
1396,부산진구,가야동,0,228-1,동의대전철역,유,5,17,57,129.0319941,35.15373431
1397,부산진구,가야동,0,226-2,동의대전철역,유,4,13,49,129.0323554,35.15378625
1398,부산진구,가야동,0,60-43,동의대전철역,유,4,6,26,129.0321984,35.1548428
1366,부산진구,양정동,0,271-2,동의의료원,유,8,15,123,129.0729423,35.17358092
1367,부산진구,양정동,0,271-2,동의의료원,유,6,15,92,129.0738965,35.17395344
1304,부산진구,전포동,0,14-84,동의중학교입구,유,6,8,51,129.0695678,35.16545316
401,해운대구,중동,0,1772,동일아파트(16),유,6,22,139,129.171624,35.1661699
402,해운대구,중동,0,1759,동일아파트(16),유,7,22,139,129.1718937,35.16637958
104,해운대구,중동,0,308-7,동일아파트옆,유,6,20,126,129.1710749,35.16672091
105,해운대구,중동,0,290-1,동일아파트옆,유,2,10,33,129.1711738,35.16660512
153,해운대구,중동,0,1323-6,동일아파트옆,유,4,7,28,129.1714293,35.16689049
1660,동구,초량동,0,994-810,동일파크맨션,유,7,9,63,129.03349,35.11713477
3196,강서구,대저2동,0,5753,동자마을,유,10,40,415,128.9437662,35.13061677
618,북구,구포동,0,610-10,동주광양맨션,유,12,8,85,129.0064227,35.20737062
619,북구,덕천동,0,462,동주광양맨션,유,12,7,82,129.0072448,35.20759772
620,북구,덕천동,0,462,동주광양맨션,유,13,6,78,129.0090584,35.20806228
3558,사하구,다대동,0,1548-5,동진여객입구,유,8,20,170,128.9618831,35.04940311
879,남구,대연동,0,298-4,동천고교입구,유,4,23,102,129.0890064,35.13803343
884,남구,대연동,0,297-4,동천고교입구,유,6,7,69,129.0888404,35.13808259
893,남구,대연동,0,294-5,동천고교입구,유,13,7,75,129.0904521,35.1381193
1235,부산진구,당감동,0,818-160,동평제일교회,유,4,19,79,129.0369468,35.16509117
1283,부산진구,당감동,0,818-160,동평제일교회,유,4,18,71,129.0369732,35.16530439
1432,부산진구,당감동,0,818-160,동평제일교회,유,6,16,103,129.0367788,35.1651771
1433,부산진구,당감동,0,818-160,동평제일교회,유,6,16,102,129.0371837,35.16521083
1845,기장군,기장읍,시랑리,527-12,동해곰장어앞,유,3,11,41,129.2114813,35.18627906
2122,기장군,기장읍,시랑리,527-12,동해곰장어앞,유,6,21,129,129.2113961,35.18640755
3324,금정구,부곡동,0,337-2,동현초교,유,6,9,47,129.0924569,35.22290942
1381,부산진구,양정동,0,155,동호여상,유,9,16,135,129.0768607,35.17510959
1317,부산진구,양정동,0,32356,동호여상밑,유,7,8,51,129.077863,35.17329009
3393,금정구,두구동,0,산2-3,두구동볕들집,유,6,15,90,129.1059364,35.30350342
1953,기장군,정관읍,두명리,372-3,두명교차로,유,7,32,206,129.1483804,35.35525464
1954,기장군,정관읍,두명리,372-3,두명교차로,유,4,20,62,129.1483349,35.35507342
1955,기장군,정관읍,두명리,450-3,두명교차로,유,4,7,29,129.1485908,35.35535775
178,해운대구,좌동,0,1318,두산아파트(14),유,5,12,58,129.1793705,35.16771154
179,해운대구,좌동,0,1318,두산아파트(14),유,6,13,79,129.1794437,35.16787373
2831,강서구,생곡동,0,1095-2,둔치2호교,유,4,15,59,128.8947565,35.13534459
2969,강서구,생곡동,0,1095-2,둔치2호교,유,8,24,198,128.8944236,35.13529493
3226,강서구,대저1동,0,1239-5,등구마을,유,9,39,335,128.9632955,35.19413357
3180,강서구,범방동,0,1428-8,등대휴게소,유,6,33,203,128.8848407,35.15618281
1350,부산진구,부암동,0,786-44,뜨란체아파트앞,유,6,8,46,129.0303895,35.17328319
1351,부산진구,부암동,0,786-44,뜨란체아파트앞,유,7,8,48,129.030153,35.17311086
3327,금정구,남산동,0,493,란정유치원,유,6,9,57,129.0890009,35.27220912
3293,금정구,남산동,0,996-22,럭키남산아파트입구,유,7,10,67,129.0884188,35.26390752
93,해운대구,우동,0,397-161,럭키수퍼마켓앞,유,6,14,85,129.1575064,35.16573963
1154,동래구,사직동,0,808-1,롤러스케이트장,유,12,27,288,129.0628993,35.19610018
1155,동래구,사직동,0,808-1,롤러스케이트장,유,8,22,174,129.063572,35.1959092
238,해운대구,우동,0,1488,롯데백화점(센텀시티점),유,8,23,185,129.1312357,35.17062668
1089,동래구,명륜동,0,484-2,롯데백화점동래점,유,5,15,59,129.0788086,35.21161379
3550,사하구,다대동,0,1642,롯데캐슬 몰운대,유,6,6,33,128.9668435,35.05278334
3551,사하구,다대동,0,1642,롯데캐슬 몰운대,유,5,6,32,128.9669518,35.05295182
54,해운대구,우동,0,1408-2,마린시티 1지점,유,4,17,67,129.1431744,35.15811872
55,해운대구,우동,0,1408-2,마린시티 1지점,유,4,13,52,129.1433679,35.15818272
56,해운대구,우동,0,1408-2,마린시티 1지점,유,4,15,60,129.1432282,35.15829793
29,해운대구,우동,0,1408-2,마린시티 2지점,유,6,16,95,129.1443057,35.15789465
30,해운대구,우동,0,1408-2,마린시티 2지점,유,6,14,80,129.1439777,35.15801053
58,해운대구,우동,0,1408-2,마린시티 2지점,유,6,18,105,129.1440926,35.15781713
59,해운대구,우동,0,1408-2,마린시티 2지점,유,6,18,104,129.1441947,35.15809411
36,해운대구,우동,0,1406-7,마린시티 3지점,유,6,12,71,129.1455055,35.15756612
57,해운대구,우동,0,1447,마린시티 5지점,유,6,14,82,129.141645,35.15693595
63,해운대구,우동,0,1410-1,마린시티 7지점,유,6,12,71,129.1446651,35.15570788
31,해운대구,우동,0,1446,마린시티 8지점,유,6,12,74,129.1460919,35.15529589
32,해운대구,우동,0,1446,마린시티 8지점,유,7,17,93,129.1459926,35.15543249
33,해운대구,우동,0,1446,마린시티 8지점,유,7,19,109,129.1458467,35.15537263
34,해운대구,우동,0,1446,마린시티 8지점,유,6,15,88,129.145912,35.15523738
60,해운대구,우동,0,1446,마린시티 8지점,유,6,15,91,129.1470581,35.15488504
61,해운대구,우동,0,1446,마린시티 8지점,유,6,14,80,129.147124,35.15511965
1545,영도구,동삼동,0,1125-28,마린축구장 앞,유,10,16,129,129.0749277,35.08024913
1546,영도구,동삼동,0,1125-28,마린축구장 앞,유,9,31,224,129.0748193,35.08052838
1570,영도구,동삼동,0,1126-8,마린축구장 앞,유,6,14,86,129.0750312,35.08066025
597,북구,만덕동,0,933,만덕그린코아아파트,유,17,15,163,129.02979,35.21051113
598,북구,만덕동,0,933,만덕그린코아아파트,유,19,13,213,129.0299825,35.21064248
600,북구,만덕동,0,933,만덕그린코아아파트,유,10,12,81,129.029481,35.2106879
601,북구,만덕동,0,933,만덕그린코아아파트,유,14,12,97,129.0296258,35.21080403
528,북구,만덕동,0,295-44,만덕로타리,유,6,19,116,129.0365358,35.21314447
757,북구,만덕동,0,295-44,만덕로타리,유,4,6,21,129.0362441,35.21271373
758,북구,만덕동,0,295-48,만덕로타리,유,6,15,90,129.0364296,35.21272816
759,북구,만덕동,0,295-1,만덕로타리,유,4,7,28,129.0366109,35.212687
760,북구,만덕동,0,297,만덕로타리,유,6,14,89,129.0388168,35.21307486
574,북구,덕천동,0,774-12,만덕벽산아파트,유,10,9,58,129.0240829,35.2111168
575,북구,만덕동,0,759-3,만덕벽산아파트,유,8,16,135,129.0243801,35.21119272
616,북구,만덕동,0,295-26,만덕삼성아파트,유,12,10,99,129.0368077,35.21191893
556,북구,만덕동,0,272-6,만덕신광주유소,유,7,15,96,129.0348964,35.20970824
629,북구,만덕동,0,272-6,만덕신협앞(대성타워 앞),유,4,10,36,129.034828,35.21067481
630,북구,만덕동,0,272-6,만덕신협앞(대성타워 앞),유,6,8,49,129.0347979,35.21039829
567,북구,만덕동,0,646-29,만덕중학교,유,15,13,129,129.0316614,35.21429988
559,북구,만덕동,0,646-29,만덕초교,유,9,7,63,129.0299215,35.21412052
627,북구,만덕동,0,942-1,만덕택지(3)-1(공용의청사앞),유,16,11,121,129.0326869,35.20523179
649,북구,만덕동,0,944-6,만덕택지(3)-2(신덕초교 앞),유,5,6,29,129.0332236,35.20296104
570,북구,만덕동,0,933,만덕현대아파트앞,유,11,8,81,129.0291386,35.21166269
1701,동구,범일동,0,830-179,만복예식장,유,9,26,222,129.0609353,35.14017227
581,북구,화명동,0,1130-9,만호제강,유,8,18,147,129.012293,35.22894977
748,북구,화명동,0,1130-15,만호제강,유,9,24,195,129.0120652,35.22805813
747,북구,화명동,0,1229,만호제강후문,유,9,20,175,129.0128988,35.23028476
2107,기장군,철마면,만화리,산2-1,만화리 영락동산,유,6,20,123,129.18942,35.25054024
2124,기장군,기장읍,만화리,333-14,만화리동서부락,유,6,22,132,129.1955277,35.25389799
2123,기장군,기장읍,만화리,327,만화리이너티마을,유,9,18,144,129.1928022,35.25315885
2125,기장군,기장읍,만화리,산121-4,만화리입구,유,8,23,179,129.2039878,35.2531757
2493,수영구,망미동,0,431-15,망미부산은행,유,8,18,135,129.1075001,35.17526207
2494,수영구,망미동,0,414-9,망미부산은행,유,7,20,143,129.1076725,35.17476296
2492,수영구,광안동,0,1026-19,망미삼거리,유,7,18,124,129.1091507,35.17197248
2495,수영구,망미동,0,840,망미아파트,유,6,17,103,129.0997033,35.17314068
2496,수영구,망미동,0,840,망미아파트,유,6,16,105,129.1010169,35.17311984
2497,수영구,망미동,0,840,망미여중,유,6,16,104,129.0981899,35.17317387
2562,연제구,연산동,0,57-63,망미주공,유,7,17,70,129.1072545,35.1803583
2563,연제구,연산동,0,489-42,망미주공,유,4,7,25,129.1072499,35.18160193
2666,연제구,연산동,0,57-117,망미주공,유,8,16,134,129.1071165,35.18051477
2667,연제구,연산동,0,20972,망미주공,유,6,15,94,129.1071216,35.18151258
2414,수영구,수영동,0,266-6,망미초교,유,6,10,64,129.1147554,35.17367691
2415,수영구,수영동,0,394-11,망미초교,유,6,10,61,129.1136394,35.17388376
2478,수영구,광안동,0,196-10,맥도날드,유,6,7,150,129.1177606,35.15270476
3216,강서구,대저2동,0,18568,맥도마을,유,10,39,392,128.9536051,35.15123358
908,남구,용호동,0,952,메트로 외곽도로 1지점,유,6,21,132,129.1128456,35.13452452
906,남구,용호동,0,953,메트로 외곽도로 2지점,유,6,21,133,129.1150639,35.13324796
907,남구,용호동,0,959,메트로 외곽도로 2지점,유,6,21,135,129.1163419,35.13246714
904,남구,용호동,0,960,메트로 외곽도로 3지점,유,6,20,130,129.1162869,35.12962841
905,남구,용호동,0,973-1,메트로 외곽도로 3지점,유,8,23,147,129.1164704,35.1298322
809,남구,용호동,0,958,"메트로129동,분포우체국",유,4,12,68,129.1122378,35.13069145
852,남구,용호동,0,958,"메트로129동,분포우체국",유,6,14,90,129.1122928,35.13045789
797,남구,용호동,0,176-8,메트로142동:자연놀이방,유,6,12,73,129.1118138,35.12961766
798,남구,용호동,0,176-8,메트로142동:자연놀이방,유,7,16,91,129.1115302,35.12977221
850,남구,용호동,0,176-8,메트로142동:자연놀이방,유,13,7,87,129.1115273,35.12956495
851,남구,용호동,0,176-8,메트로142동:자연놀이방,유,6,12,89,129.1117649,35.12984468
793,남구,용호동,0,47150,메트로시티(114동)6지점,유,9,19,132,129.1145254,35.12797512
794,남구,용호동,0,176-67,메트로시티(114동)6지점,유,4,11,45,129.1135741,35.12857385
795,남구,용호동,0,176-67,메트로시티(114동)6지점,유,4,12,48,129.1133001,35.12874879
887,남구,용호동,0,176-67,메트로시티(114동)6지점,유,5,15,50,129.113497,35.12874914
915,남구,용호동,0,47150,메트로시티(114동)6지점,유,8,21,168,129.1144603,35.12771729
916,남구,용호동,0,47150,메트로시티(114동)6지점,유,8,21,171,129.1147959,35.12806508
796,남구,용호동,0,176-8,메트로시티(215동)7지점,유,4,12,49,129.1104021,35.12798638
848,남구,용호동,0,176-8,메트로시티(215동)7지점,유,6,18,111,129.1101337,35.12795306
831,남구,용호동,0,179,면허시험장앞,유,5,9,43,129.1068196,35.12848576
944,남구,용호동,0,1635-55,면허시험장앞,유,8,25,203,129.1068142,35.12866686
1097,동래구,명륜동,0,673-19,명륜PB,유,16,9,139,129.0826095,35.21059935
1010,동래구,명륜동,0,304-2,명륜로타리,유,3,4,13,129.0821655,35.20742316
1119,동래구,명륜동,0,304-2,명륜로타리,유,8,11,75,129.0820596,35.20749438
1140,동래구,명륜동,0,0,명륜아이파크2차 106동,유,0,0,0,129.0873852,35.21592643
1108,동래구,명륜동,0,732-2,명륜주택,유,8,16,133,129.083113,35.21322686
1133,동래구,명장동,0,506-3,명서초등학교,유,7,10,67,129.1006314,35.21151332
3169,강서구,대저1동,0,2693,명성제경유리,유,7,28,178,128.9801704,35.20747127
1027,동래구,명장동,0,26-15,명장2동 새마을금고,유,4,8,33,129.0996228,35.20485663
1159,동래구,명장동,0,321-19,명장7508부대,유,6,16,98,129.1035129,35.2083966
1059,동래구,명장동,0,585-5,명장동SK2차아파트(혜화여중-충렬고 삼거리),유,6,13,53,129.1084633,35.20461707
1029,동래구,명장동,0,45679,명장정수장,유,6,20,83,129.1025301,35.20617334
1063,동래구,명장동,0,321-87,명장정수장,유,7,16,101,129.1023102,35.20639796
1174,동래구,명장동,0,45679,명장정수장,유,6,16,101,129.1022802,35.20608365
1175,동래구,명장동,0,45679,명장정수장,유,13,9,95,129.1025594,35.20633819
1120,동래구,명장동,0,514-13,명장초교,유,9,10,94,129.0981029,35.20907291
1121,동래구,명장동,0,282-11,명장초교,유,6,9,55,129.0989961,35.20820842
1132,동래구,명장동,0,279-25,명장초교정문,유,7,7,48,129.097863,35.20755742
1085,동래구,명장동,0,32,명장현대아파트,유,6,11,62,129.1091708,35.203672
3047,강서구,명지동,0,3148,명지동사무소,유,9,32,281,128.9234046,35.11365617
2994,강서구,명지동,0,614-110,명지신포마을,유,9,40,348,128.9338723,35.11440086
3197,강서구,명지동,0,1-405,명지조정경기장,유,7,16,109,128.9314596,35.11203131
2959,강서구,명지동,0,3297,명지주거단지 10지점,유,8,16,136,128.9117795,35.08658625
2960,강서구,명지동,0,3297,명지주거단지 10지점,유,8,16,128,128.91185,35.08688551
2760,강서구,명지동,0,3289,명지주거단지 11지점,유,11,8,75,128.9077414,35.08415247
2761,강서구,명지동,0,3289,명지주거단지 11지점,유,6,12,75,128.9079621,35.08433383
2762,강서구,명지동,0,3289,명지주거단지 11지점,유,6,13,77,128.9075188,35.08433239
2957,강서구,명지동,0,23132,명지주거단지 12지점,유,8,16,131,128.9115312,35.08414266
2958,강서구,명지동,0,23012,명지주거단지 12지점,유,8,16,132,128.9115318,35.08452736
2748,강서구,명지동,0,3275,명지주거단지 13지점,유,7,14,89,128.896321,35.08432244
2966,강서구,명지동,0,3275,명지주거단지 13지점,유,8,16,134,128.8960572,35.08411109
2749,강서구,명지동,0,3275,명지주거단지 14지점,유,6,14,86,128.8971289,35.08433897
2763,강서구,명지동,0,3275,명지주거단지 15지점,유,6,11,65,128.8992296,35.08432572
2764,강서구,명지동,0,3275,명지주거단지 15지점,유,6,11,66,128.8994621,35.08451304
2765,강서구,명지동,0,3275,명지주거단지 15지점,유,6,11,66,128.8996928,35.0843261
2767,강서구,명지동,0,3275,명지주거단지 15지점,유,6,11,68,128.899461,35.08413537
2750,강서구,명지동,0,3275,명지주거단지 16지점,유,6,8,47,128.9028056,35.08415349
2751,강서구,명지동,0,3275,명지주거단지 16지점,유,6,12,73,128.9009972,35.08432552
2768,강서구,명지동,0,3289,명지주거단지 17지점,유,6,8,47,128.9043991,35.08416158
2769,강서구,명지동,0,3287,명지주거단지 18지점,유,11,7,71,128.9077401,35.08217037
2770,강서구,명지동,0,3287,명지주거단지 18지점,유,6,12,72,128.9075211,35.08198805
2956,강서구,명지동,0,3283,명지주거단지 19지점,유,8,16,132,128.9115317,35.08183526
2744,강서구,명지동,0,3300,명지주거단지 1지점(신항만주유소),유,10,18,148,128.8970905,35.08920523
2967,강서구,명지동,0,3301,명지주거단지 1지점(신항만주유소),유,5,23,90,128.8969769,35.08884481
2968,강서구,명지동,0,3300,명지주거단지 1지점(신항만주유소),유,7,33,189,128.8971763,35.08902335
2752,강서구,명지동,0,3280,명지주거단지 21지점,유,6,9,57,128.8963106,35.08197856
2965,강서구,명지동,0,3280,명지주거단지 21지점,유,8,16,134,128.8960581,35.08214904
2753,강서구,명지동,0,3276,명지주거단지 22지점,유,6,7,46,128.8992539,35.08197986
2754,강서구,명지동,0,3276,명지주거단지 22지점,유,6,13,79,128.899466,35.08217089
2755,강서구,명지동,0,3276,명지주거단지 22지점,유,6,13,78,128.8996944,35.08197894
2756,강서구,명지동,0,3276,명지주거단지 22지점,유,6,8,47,128.8994642,35.08181053
2757,강서구,명지동,0,13547,명지주거단지 23지점(CPU없음),유,6,12,73,128.9026211,35.08198236
2758,강서구,명지동,0,3276,명지주거단지 23지점(CPU없음),유,6,11,70,128.9016742,35.08198352
2771,강서구,명지동,0,3284,명지주거단지 24지점,유,6,13,78,128.9038822,35.08198386
2772,강서구,명지동,0,3240,명지주거단지 24지점,유,6,12,74,128.9045764,35.08198482
2954,강서구,명지동,0,3238-17,명지주거단지 24지점,유,8,19,162,128.9036006,35.08176813
2955,강서구,명지동,0,3240,명지주거단지 24지점,유,8,19,162,128.9035992,35.08220023
2759,강서구,명지동,0,3280,명지주거단지 26지점,유,6,7,46,128.8994679,35.07981263
2964,강서구,명지동,0,3280,명지주거단지 26지점,유,9,16,137,128.8996586,35.07961431
2961,강서구,명지동,0,3283,명지주거단지 27지점,유,8,16,135,128.9033042,35.07961554
2962,강서구,명지동,0,3284,명지주거단지 27지점,유,8,16,133,128.9038778,35.07961812
2963,강서구,명지동,0,3284,명지주거단지 27지점,유,8,20,162,128.9036024,35.07985158
2953,강서구,명지동,0,3283,명지주거단지 28지점,유,6,19,118,128.9053645,35.07963276
2952,강서구,명지동,0,3283,명지주거단지 29지점,유,8,16,131,128.9075366,35.07962044
2706,강서구,명지동,0,3273,명지주거단지 5지점,유,7,11,69,128.8994557,35.08823857
2745,강서구,명지동,0,3273,명지주거단지 7지점,유,6,10,61,128.8994544,35.08685732
2746,강서구,명지동,0,3273,명지주거단지 7지점,유,6,10,61,128.8996899,35.0866693
2747,강서구,명지동,0,3273,명지주거단지 7지점,유,6,10,61,128.8994548,35.08648139
3174,강서구,명지동,0,3273,명지주거단지(2),유,8,29,243,128.8993019,35.08902847
3171,강서구,명지동,0,24532,명지주거단지(3) 명지지하차도,유,8,16,137,128.903386,35.08917068
3172,강서구,명지동,0,24532,명지주거단지(3) 명지지하차도,유,9,10,90,128.9033904,35.08891917
3173,강서구,명지동,0,24532,명지주거단지(3) 명지지하차도,유,8,19,161,128.903592,35.08882798
2774,강서구,명지동,0,3287,명지주거단지(롯데아파트2),유,6,19,27,128.9054871,35.08198876
3257,강서구,명지동,0,616-140,명지중리입구,유,6,38,230,128.9302662,35.10809363
3258,강서구,명지동,0,1-308,명지중리입구,유,5,9,47,128.9317486,35.1103012
2239,사상구,모라동,0,75,모동초교,유,11,7,58,129.0016362,35.18462713
2225,사상구,모라동,0,728-29,모라변전소,유,6,14,83,128.986069,35.18115807
2226,사상구,모라동,0,728-30,모라변전소,유,8,21,106,128.9856561,35.18125414
2288,사상구,모라동,0,728-30,모라변전소,유,6,18,114,128.9857282,35.18092139
2289,사상구,모라동,0,723-6,모라변전소,유,6,13,82,128.9858433,35.18140221
2183,사상구,모라동,0,449,모라우성APT,유,4,11,40,128.9906462,35.18724586
2321,사상구,모라동,0,449,모라우성APT,유,9,18,162,128.9907852,35.18712182
2322,사상구,모라동,0,1354-7,모라우성APT,유,9,19,160,128.9910164,35.18847868
2200,사상구,모라동,0,25204,모라제일교회,유,6,16,93,128.9863188,35.19291122
2240,사상구,모라동,0,26543,모라제일교회,유,13,9,106,128.9858383,35.19308638
2273,사상구,모라동,0,75-16,모라주공2단지,유,7,26,168,128.9943648,35.18583321
2274,사상구,모라동,0,75-16,모라주공2단지,유,6,41,249,128.9946466,35.18606854
2287,사상구,모라동,0,1310-2,모라주유소,유,6,13,84,128.9868126,35.18537786
2285,사상구,모라동,0,653-30,모라초등학교,유,6,16,104,128.987958,35.18825077
2286,사상구,모라동,0,653-6,모라초등학교,유,7,27,153,128.9881466,35.18865799
2236,사상구,모라동,0,551-4,모산초교,유,6,10,63,128.9958956,35.18429944
2237,사상구,모라동,0,550-3,모산초교,유,11,11,112,128.9957733,35.18441208
2238,사상구,모라동,0,551-4,모산초교,유,7,10,67,128.9959923,35.18446208
1769,서구,남부민동,0,664,모피고냉장,유,6,15,94,129.0247462,35.08534403
1770,서구,남부민동,0,632,모피고냉장,유,6,15,91,129.0248318,35.08452155
3490,사하구,다대동,0,1551-31,몰운대아파트101동앞,유,6,13,81,128.9681755,35.05004103
3491,사하구,다대동,0,1551-31,몰운대아파트101동앞,유,6,6,39,128.9680855,35.05022216
3492,사하구,다대동,0,1551-31,몰운대아파트101동앞,유,6,13,81,128.9678906,35.05010941
2146,기장군,기장읍,청강리,369-7,무곡마을,유,8,23,190,129.2151691,35.22751369
2609,부산진구,초읍동,0,364-1,무선국입구,유,9,32,274,129.0529312,35.1847853
3675,사하구,다대동,0,1508-8,무지개마을,유,9,17,144,128.9552674,35.06342113
3394,금정구,장전동,0,713,문영학원,유,8,20,169,129.0798705,35.2258485
3395,금정구,장전동,0,713,문영학원,유,9,26,201,129.0802353,35.22583905
1497,부산진구,전포동,0,362-82,문전로타리(동성로타리),유,8,33,254,129.0649735,35.14975854
1498,부산진구,전포동,0,362-65,문전로타리(동성로타리),유,7,24,154,129.0652159,35.14929761
1499,부산진구,전포동,0,362-65,문전로타리(동성로타리),유,7,35,223,129.0655932,35.14921363
1500,부산진구,전포동,0,362-65,문전로타리(동성로타리),유,4,5,20,129.0658752,35.14927011
1501,부산진구,전포동,0,362-8,문전로타리(동성로타리),유,19,37,225,129.0657618,35.14947319
1502,부산진구,전포동,0,362-82,문전로타리(동성로타리),유,17,37,207,129.0654169,35.14975486
815,남구,문현동,0,750-7,문현2PB,유,4,4,17,129.0664302,35.14484524
1003,남구,문현동,0,672,문현2PB,유,8,41,346,129.0667208,35.14469433
778,남구,문현동,0,721,문현동 쌍용아파트(문현금융단지안),유,6,14,86,129.0649622,35.14570025
779,남구,문현동,0,1230,문현동 쌍용아파트(문현금융단지안),유,4,6,23,129.0647465,35.14579429
780,남구,문현동,0,1230,문현동 쌍용아파트(문현금융단지안),유,6,14,84,129.064965,35.14590462
1004,동구,범일동,0,1651,문현로타리,유,9,35,304,129.0668114,35.13692774
1005,남구,문현동,0,840-7,문현로타리,유,4,12,48,129.0673608,35.13655361
1006,남구,문현동,0,840-9,문현로타리,유,4,6,21,129.0675997,35.13658977
1007,남구,문현동,0,403-28,문현로타리,유,5,11,44,129.0684289,35.13654318
1008,남구,문현동,0,403-9,문현로타리,유,4,45,183,129.068152,35.13661392
1000,남구,문현동,0,250-24,문현성당,유,9,30,242,129.0724315,35.13655482
857,남구,문현동,0,32-16,문현초교후문,유,10,8,75,129.0731995,35.14563694
1246,부산진구,부전동,0,575,문화사거리,유,4,5,20,129.0579771,35.15446109
1294,부산진구,부전동,0,575,문화사거리,유,9,13,114,129.0578059,35.15459049
1296,부산진구,부전동,0,575,문화사거리,유,4,6,25,129.057626,35.15445979
1297,부산진구,부전동,0,575,문화사거리,유,9,14,119,129.0578127,35.15435419
1361,부산진구,범전동,0,212-11,문화아파트 (진구청사거리),유,6,26,164,129.0538709,35.16429704
1362,부산진구,범전동,0,212-11,문화아파트 (진구청사거리),유,7,21,123,129.0539101,35.16396174
1363,부산진구,범전동,0,220-2,문화아파트 (진구청사거리),유,6,36,212,129.0543541,35.16418091
845,남구,대연동,0,945-17,문화회관입구,유,8,17,104,129.0930991,35.12898728
3811,중구,대청동2가,0,33970,미문화원,유,8,16,127,129.0315478,35.10286962
3812,중구,동광동3가,0,51,미문화원,유,6,16,99,129.0327527,35.10283715
2439,수영구,민락동,0,110-31,미월드 앞,유,8,11,109,129.1320487,35.15609036
2864,강서구,구랑동,0,1222-1,미음지구 4구역 사거리,유,6,13,75,128.8564847,35.12636303
2865,강서구,구랑동,0,1222-2,미음지구 4구역 사거리,유,6,13,81,128.8559761,35.12605286
2908,강서구,구랑동,0,1222-2,미음지구 4구역 사거리,유,6,14,86,128.8563862,35.12603607
2909,강서구,구랑동,0,1222-1,미음지구 4구역 사거리,유,6,19,125,128.856058,35.12639831
2867,강서구,구랑동,0,1223-3,미음지구 4구역 삼거리,유,6,7,43,128.858974,35.12277043
2868,강서구,구랑동,0,1223-3,미음지구 4구역 삼거리,유,6,13,76,128.8594334,35.12305382
2907,강서구,구랑동,0,1223-3,미음지구 4구역 삼거리,유,7,19,99,128.8591269,35.12300853
2903,강서구,구랑동,0,852-2,미음지구1공구-1지점,유,8,35,284,128.8509064,35.12452371
2901,강서구,구랑동,0,1246,미음지구1공구-7지점,유,6,30,173,128.8576268,35.13578482
2902,강서구,구랑동,0,1246,미음지구1공구-7지점,유,7,35,196,128.8579616,35.13547629
418,해운대구,중동,0,942-7,미포육거리(1),유,9,14,116,129.1715607,35.1615286
419,해운대구,중동,0,942-7,미포육거리(1),유,7,12,82,129.1714177,35.16128049
420,해운대구,중동,0,941-4,미포육거리(1),유,8,20,168,129.1720187,35.16146284
271,해운대구,중동,0,255-3,미화당슈퍼마켓,유,8,22,181,129.1713761,35.16959658
272,해운대구,중동,0,190-1,미화당슈퍼마켓,유,8,22,181,129.172319,35.17039058
2436,수영구,민락동,0,110-4,민락동롯데아파트,유,6,7,41,129.1335752,35.15669304
2464,수영구,민락동,0,14519,민락새마을금고,유,6,15,92,129.1232559,35.15888421
2465,수영구,민락동,0,316-3,민락새마을금고,유,6,15,89,129.1251094,35.15915523
2417,수영구,민락동,0,181-76,민락수협,유,8,15,123,129.125653,35.15640569
2418,수영구,민락동,0,181-76,민락수협,유,6,10,61,129.1258185,35.15634923
2419,수영구,민락동,0,181-76,민락수협,유,4,11,43,129.1257512,35.15656437
2420,수영구,민락동,0,181-76,민락수협,유,6,15,88,129.1258951,35.15654134
2411,수영구,민락동,0,220-1,민락타운,유,10,14,143,129.123678,35.15576809
2412,수영구,민락동,0,181-177,민락타운,유,8,22,172,129.12423,35.15591372
2429,수영구,민락동,0,220-1,민락타운,유,8,14,139,129.1235671,35.15560543
2430,수영구,민락동,0,181-177,민락타운,유,5,11,36,129.124378,35.15582964
2477,수영구,민락동,0,220-5,민락타운,유,10,15,150,129.1229904,35.15561754
2426,수영구,광안동,0,147-17,민안초교,유,6,9,56,129.1198012,35.1619434
2367,사상구,학장동,0,793-8,민창철강,유,8,16,131,128.9792368,35.14132611
2368,사상구,학장동,0,793-8,민창철강,유,7,17,117,128.9791443,35.14105231
2369,사상구,학장동,0,589,민창철강,유,7,16,109,128.9798598,35.14131579
2370,사상구,학장동,0,589,민창철강,유,11,25,143,128.9796413,35.14144594
1268,부산진구,전포동,0,868,밀리오레,유,6,13,78,129.0623253,35.15761448
1269,부산진구,전포동,0,868,밀리오레,유,6,5,32,129.0624655,35.15763373
1270,부산진구,전포동,0,868,밀리오레,유,8,12,97,129.0623226,35.15792556
1484,부산진구,전포동,0,168-380,밀리오레,유,6,9,57,129.0622605,35.15780749
1485,부산진구,전포동,0,168-380,밀리오레,유,8,14,119,129.0621461,35.15775267
1486,부산진구,전포동,0,168-380,밀리오레,유,6,6,36,129.0623607,35.15771754
1487,부산진구,전포동,0,168-380,밀리오레,유,9,14,124,129.0624958,35.15776033
1488,부산진구,전포동,0,168-380,밀리오레,유,6,23,138,129.0623162,35.15775703
3477,사하구,감천동,0,687-2,바다약국,유,4,14,42,128.9972758,35.09082451
3643,사하구,감천동,0,858-2,바다약국,유,6,16,98,128.9971823,35.09093549
3644,사하구,감천동,0,688-3,바다약국,유,6,25,155,128.9984208,35.09046173
25,해운대구,우동,0,626-13,바다파출소,유,6,13,81,129.1602898,35.15982234
453,해운대구,우동,0,626-15,바다파출소,유,10,15,155,129.1602782,35.15953312
454,해운대구,우동,0,626-15,바다파출소,유,12,16,188,129.1607341,35.15958514
455,해운대구,중동,0,1411-13,바다파출소,유,7,16,103,129.1618425,35.15974145
456,해운대구,중동,0,1411-13,바다파출소,유,14,22,175,129.1621901,35.15989877
457,해운대구,중동,0,1411-13,바다파출소,유,9,11,71,129.1619316,35.15997313
964,남구,대연동,0,986-28,박한의원(코리아호텔),유,7,16,109,129.0919686,35.13360692
965,남구,대연동,0,985-9,박한의원(코리아호텔),유,7,17,117,129.0920354,35.1322028
1867,기장군,장안읍,반룡리,산101-2,0,유,8,17,141,129.2587861,35.33131762
88,해운대구,재송동,0,1291-1087,반산초교,유,4,9,30,129.1293751,35.19307525
227,해운대구,재송동,0,1291-1087,반산초교,유,6,9,54,129.1294447,35.19323212
243,해운대구,반여동,0,494,반석2호교,유,6,14,84,129.1247294,35.21679489
23,해운대구,반여동,0,1502-58,반석교앞,유,11,7,73,129.1403223,35.21807008
150,해운대구,반여동,0,1508-2,반석초교(상단초교),유,8,13,111,129.1255496,35.21068701
158,해운대구,반송동,0,275-675,반송 낙원탕 앞,유,7,8,54,129.1485595,35.22740794
423,해운대구,반송동,고촌리,756-1,반송검문소,유,8,25,207,129.1594237,35.23585554
138,해운대구,반송동,0,250-2365,반송시립도서관,유,9,19,160,129.148276,35.22534359
228,해운대구,반송동,0,6-179,반송종점주변,유,7,23,152,129.1563984,35.23420869
139,해운대구,반송동,0,744-81,반송주유소,유,7,13,89,129.1472773,35.22551087
427,해운대구,석대동,0,45696,반송초교,유,16,18,185,129.1458408,35.22396388
91,해운대구,반여동,0,1291-762,반여2PB(반여2동사무소직결),유,3,9,58,129.1306827,35.19475997
135,해운대구,반여동,0,1291-799,반여2PB(반여2동사무소직결),유,7,10,70,129.1302977,35.19475174
432,해운대구,재송동,0,1291-833,반여2PB(반여2동사무소직결),유,6,11,73,129.1305457,35.19451651
433,해운대구,반여동,0,1291-762,반여2PB(반여2동사무소직결),유,6,14,87,129.1306591,35.195129
431,해운대구,반여동,0,1291-836,반여2동 새마을금고,유,6,13,86,129.130834,35.19616516
156,해운대구,반여동,0,1295-3,반여낙천대2차(무정초교),유,6,12,72,129.1235694,35.19725973
157,해운대구,반여동,0,1295-3,반여낙천대2차(무정초교),유,4,4,16,129.1236081,35.19738364
297,해운대구,반여동,0,1662,반여낙천대2차(무정초교),유,5,31,134,129.1227806,35.19763259
298,해운대구,반여동,0,1662,반여낙천대2차(무정초교),유,5,14,56,129.1227053,35.19769111
299,해운대구,반여동,0,1662,반여낙천대2차(무정초교),유,4,18,76,129.1226067,35.19768021
300,해운대구,반여동,0,1662,반여낙천대2차(무정초교),유,7,26,170,129.1227491,35.19750849
301,해운대구,반여동,0,1662,반여낙천대2차(무정초교),유,10,13,64,129.1228415,35.19755989
302,해운대구,반여동,0,1662,반여낙천대2차(무정초교),유,7,13,79,129.1229695,35.19756901
303,해운대구,반여동,0,1662,반여낙천대2차(무정초교),유,12,25,169,129.1227937,35.19776896
318,해운대구,반여동,0,1352-9,반여대우아파트입구,유,8,13,85,129.1202268,35.19516482
319,해운대구,반여동,0,1322-36,반여대우아파트입구,유,6,13,78,129.1212824,35.19590117
320,해운대구,반여동,0,1322-75,반여대우아파트입구,유,5,10,43,129.1210939,35.19586741
53,해운대구,반여동,0,1218-2,반여동 탑마트,유,5,12,43,129.120364,35.20451475
166,해운대구,반여동,0,1217-7,반여동 탑마트,유,6,12,68,129.1204034,35.20437442
171,해운대구,재송동,0,1023,반여삼익아파트,유,6,12,82,129.1205787,35.19183606
172,해운대구,재송동,0,1023,반여삼익아파트,유,4,7,30,129.12065,35.19171742
504,해운대구,재송동,0,933-95,반여삼익아파트,유,8,23,193,129.1203811,35.19022755
90,해운대구,반여동,0,1291-849,반여시장입구(반석교회),유,6,10,64,129.1290688,35.19489258
134,해운대구,재송동,0,1291-926,반여시장입구(반석교회),유,7,12,81,129.1278021,35.19503956
429,해운대구,반여동,0,1610-15,반여초교,유,10,12,102,129.1312985,35.19883828
688,북구,화명동,0,2313,방송통신대학신축,유,8,18,134,129.0073788,35.22450788
689,북구,화명동,0,2313,방송통신대학신축,유,8,14,110,129.0077641,35.22434358
690,북구,화명동,0,2313,방송통신대학신축,유,8,13,104,129.0077304,35.22462561
966,남구,문현동,0,968-3,배정고교,유,9,38,336,129.0668997,35.13423378
967,남구,문현동,0,901-13,배정고교,유,17,37,316,129.067284,35.1350371
744,북구,화명동,0,1216-1,백양주유소,유,9,38,343,129.013459,35.23466225
745,북구,화명동,0,31809,백양주유소,유,9,25,219,129.0136976,35.23425898
628,북구,만덕동,0,838-1,백양초교정문,유,4,8,32,129.0357903,35.20780679
1231,부산진구,양정동,0,326,백조아파트,유,5,19,73,129.0693885,35.17392698
1376,부산진구,양정동,0,326,백조아파트,유,7,14,95,129.0694553,35.17378092
921,동구,범일동,0,946-1,범5호광장(성동중학교직결),유,8,22,153,129.0639091,35.14143378
922,동구,범일동,0,946-1,범5호광장(성동중학교직결),유,7,15,96,129.0650302,35.14143599
1655,동구,범일동,0,830-90,범5호광장(성동중학교직결),유,6,12,74,129.0639859,35.14124845
3417,금정구,청룡동,0,577,범어사입구,유,8,30,181,129.0924814,35.27569712
3418,금정구,청룡동,0,57-17,범어사입구,유,9,22,204,129.0926879,35.27547606
1690,동구,범일동,0,45851,범일로타리,유,6,16,94,129.0559732,35.14261083
1691,동구,범일동,0,1310-1,범일로타리,유,7,29,183,129.0559356,35.14204925
1692,동구,범일동,0,62-521,범일로타리,유,8,28,232,129.0565663,35.1412886
1693,동구,범일동,0,45742,범일로타리,유,6,13,79,129.0566175,35.14220949
1694,동구,범일동,0,14977,범일로타리,유,7,15,102,129.0563455,35.14225007
1697,동구,범일동,0,830-30,범일전화국,유,8,27,196,129.0635035,35.13729585
1698,동구,범일동,0,825-3,범일전화국,유,6,10,60,129.0637804,35.13690588
1699,동구,범일동,0,825-3,범일전화국,유,8,26,203,129.0637267,35.13714159
1681,동구,범일동,0,1376-8,범일철길 삼거리,유,10,10,98,129.0566759,35.13693518
1682,동구,범일동,0,1376-8,범일철길 삼거리,유,11,10,107,129.0566775,35.13730798
1669,동구,범일동,0,1445-74,범일초교,유,7,8,51,129.0497138,35.13981968
1411,부산진구,범전동,0,280-132,범전동사무소,유,6,16,98,129.0607969,35.16558507
1465,부산진구,범천동,0,1230-53,범천4동새마을금고,유,12,8,65,129.0524415,35.14989169
1461,부산진구,범천동,0,1638-1,범천경남아파트,유,8,34,278,129.0559139,35.14466101
1352,부산진구,범천동,0,844-24,범천동우리은행,유,5,13,60,129.0596025,35.14490423
1387,부산진구,범천동,0,844-53,범천동우리은행,유,10,23,242,129.0592789,35.14510109
1491,부산진구,범천동,0,875-2,범천로타리,유,8,15,128,129.0587439,35.14680479
1492,부산진구,범천동,0,854-30,범천로타리,유,10,15,147,129.0598684,35.14749362
1019,동래구,복천동,0,239-3,법륜사,유,7,8,48,129.0879449,35.20413746
1126,동래구,복천동,0,239-3,법륜사,유,7,8,47,129.088257,35.20409388
1807,서구,부용동1가,0,39,법원로타리,유,14,17,233,129.0200491,35.1046908
1808,서구,부용동1가,0,12086,법원로타리,유,9,17,143,129.0201279,35.10594015
2580,연제구,거제동,0,1501,법원입구,유,4,14,54,129.0739198,35.19110655
2581,연제구,거제동,0,1486-4,법원입구,유,6,21,131,129.0741033,35.19165991
2582,연제구,거제동,0,1486-4,법원입구,유,6,28,91,129.0743418,35.19173687
2525,연제구,거제동,0,320,법원입구삼거리,유,6,21,131,129.0749072,35.19243198
2526,연제구,거제동,0,320,법원입구삼거리,유,6,14,85,129.0753113,35.19242117
2527,연제구,거제동,0,337-3,법원입구삼거리,유,6,14,84,129.074859,35.19277533
2583,연제구,거제동,0,199-7,법원후문,유,6,14,84,129.0720462,35.19408692
2584,연제구,거제동,0,204-5,법원후문,유,6,13,83,129.0722439,35.19430093
2585,연제구,거제동,0,204-4,법원후문,유,6,16,101,129.0731496,35.19394183
1028,동래구,온천동,0,1581,법정사입구(현동카써비스앞),유,7,12,72,129.0617959,35.20423332
1780,서구,동대신동3가,0,507-1,베드로산부인과,유,7,13,89,129.016033,35.11342852
1781,서구,동대신동3가,0,45700,베드로산부인과,유,7,13,84,129.0165728,35.11242487
168,해운대구,우동,0,1413-5,벡스코 제2전시장,유,6,11,67,129.1332903,35.16610152
216,해운대구,우동,0,산153-18,벡스코 제2전시장,유,11,35,211,129.1336495,35.16600049
195,해운대구,좌동,0,1318,벽산1차아파트(19),유,5,11,54,129.1783527,35.17039098
441,해운대구,좌동,0,1318,벽산1차아파트(19),유,7,14,99,129.1776433,35.17046788
442,해운대구,좌동,0,1318,벽산1차아파트(19),유,4,12,50,129.1776706,35.17033209
443,해운대구,좌동,0,1318,벽산1차아파트(19),유,4,29,119,129.177762,35.17031508
444,해운대구,좌동,0,1318,벽산1차아파트(19),유,7,22,147,129.177584,35.17022448
445,해운대구,좌동,0,1318,벽산1차아파트(19),유,4,12,51,129.1778523,35.17026564
446,해운대구,좌동,0,1318,벽산1차아파트(19),유,7,13,87,129.1778743,35.17015048
447,해운대구,좌동,0,1318,벽산1차아파트(19),유,8,23,181,129.178397,35.17060481
448,해운대구,좌동,0,1318,벽산1차아파트(19),유,8,23,189,129.1779072,35.17037333
3463,사하구,하단동,0,1193,벽산가락타운(1단지102동),유,7,13,83,128.9588252,35.1085976
513,북구,금곡동,0,1892,벽산강변타운,유,7,5,29,129.0130703,35.24507514
650,북구,금곡동,0,1892,벽산강변타운,유,5,4,21,129.0131467,35.24479798
740,북구,금곡동,0,1892,벽산강변타운,유,8,26,214,129.0129167,35.24496191
1043,동래구,낙민동,0,734-6,벽산아파트104동,유,6,8,49,129.0982347,35.19420189
1044,동래구,낙민동,0,633-4,벽산아파트104동,유,6,13,77,129.0983002,35.19434951
1074,동래구,낙민동,0,720-2,벽산아파트104동,유,9,20,168,129.0985667,35.19386949
2491,수영구,망미동,0,681-2,병무청(더#아파트),유,6,23,145,129.1055169,35.17225852
1710,동구,범일동,0,252-1686,보급창,유,8,25,204,129.0597883,35.13131235
3513,사하구,다대동,0,681-3,보성냉장,유,6,10,65,128.9710476,35.05419005
3680,사하구,다대동,0,681-3,보성냉장,유,7,22,145,128.9706574,35.05425339
3796,중구,부평동3가,0,106-2,보수로타리,유,8,16,132,129.0250841,35.10314142
3797,중구,부평동3가,0,106-2,보수로타리,유,8,12,101,129.0252101,35.10300887
3798,중구,부평동3가,0,106-2,보수로타리,유,4,8,31,129.0252506,35.10308626
3799,중구,부평동3가,0,106-2,보수로타리,유,6,16,104,129.025329,35.10312845
3800,중구,부평동3가,0,106-2,보수로타리,유,5,19,82,129.0252145,35.10313363
3801,중구,부평동3가,0,125-25,보수로타리,유,7,14,90,129.0252154,35.10324306
3766,중구,부평동3가,0,35551,보수부산은행,유,6,15,90,129.0260682,35.10309439
3767,중구,부평동2가,0,124-6,보수부산은행,유,8,16,128,129.0267028,35.10306966
3793,중구,보수동2가,0,45744,보수초교,유,9,18,157,129.0232186,35.10642672
3794,중구,보수동2가,0,119-2,보수초교,유,11,18,193,129.0237965,35.10575698
3795,중구,보수동2가,0,73-46,보수초교,유,8,19,159,129.0245085,35.10492561
3638,사하구,당리동,0,326-10,보영탕,유,7,19,123,128.9749572,35.10211744
2181,사상구,주례동,0,1253,보훈병원,유,7,19,61,129.0055974,35.15256297
2331,사상구,주례동,0,1253,보훈병원,유,8,27,206,129.0052764,35.1524783
1130,동래구,복천동,0,산1-2,복천박물관,유,6,7,41,129.0917367,35.20792277
3041,강서구,녹산동,0,255-4,본녹산삼거리,유,8,23,189,128.8847973,35.1130219
3042,강서구,녹산동,0,255-4,본녹산삼거리,유,8,17,144,128.8848566,35.11277897
3043,강서구,녹산동,0,269,본녹산삼거리,유,6,31,193,128.8860568,35.11229347
3221,강서구,대저2동,0,30956,본리부락,유,8,44,362,128.9586706,35.16323273
3050,강서구,대저2동,0,13547,본리이주단지,유,9,46,399,128.9591479,35.17563106
1552,영도구,봉래동5가,0,209-1,봉래PB,유,8,26,214,129.0488763,35.09466699
1597,영도구,봉래동3가,0,45707,봉래로타리,유,6,13,79,129.0445002,35.09252575
1624,영도구,봉래동2가,0,45764,봉래로타리,유,8,18,149,129.0437593,35.09326282
2915,강서구,봉림동,0,868-2,봉림지하차도,유,13,23,143,128.9007778,35.17572638
2916,강서구,봉림동,0,868-2,봉림지하차도,유,12,39,248,128.9010572,35.17587832
2917,강서구,봉림동,0,868-2,봉림지하차도,유,6,41,251,128.901065,35.1755806
1680,동구,좌천동,0,229-41,봉생병원,유,8,29,244,129.051027,35.13094511
1521,영도구,동삼동,0,237-1,봉황맨션,유,6,12,70,129.0707521,35.08161042
1559,영도구,동삼동,0,237-1,봉황맨션,유,4,10,41,129.0708741,35.08167266
837,남구,용당동,0,454-5,부경대학교,유,10,26,91,129.0965748,35.11884155
936,남구,용당동,0,산47-7,부경대학교,유,4,25,102,129.0962822,35.11826964
3344,금정구,부곡동,0,266-5,부곡로타리,유,7,13,83,129.0911981,35.23094583
3429,금정구,부곡동,0,266-5,부곡로타리,유,8,27,228,129.0912978,35.23001173
3430,금정구,부곡동,0,255-10,부곡로타리,유,9,22,198,129.0914436,35.23138891
3368,금정구,부곡동,0,292-5,부곡시장(우리약국),유,7,12,81,129.0917841,35.22567858
3369,금정구,부곡동,0,292-5,부곡시장(우리약국),유,7,11,75,129.091961,35.22705032
3304,금정구,부곡동,0,333-11,부곡오시계시장(부곡생마트직결),유,6,12,73,129.0893755,35.22131321
3312,금정구,부곡동,0,369-11,부곡오시계시장(부곡생마트직결),유,6,11,73,129.0882771,35.22034612
3382,금정구,부곡동,0,273-22,부곡전자랜드,유,9,25,215,129.0906554,35.22881838
3309,금정구,부곡동,0,334-1,부라더미싱(상업은행과직결),유,7,11,71,129.0907083,35.22248871
3310,금정구,부곡동,0,334-1,부라더미싱(상업은행과직결),유,6,17,111,129.0910904,35.22209688
3311,금정구,부곡동,0,337-2,부라더미싱(상업은행과직결),유,4,8,31,129.0908788,35.22330105
3346,금정구,부곡동,0,334-1,부라더미싱(상업은행과직결),유,4,10,38,129.0912143,35.22214041
3365,금정구,부곡동,0,333-17,부라더미싱(상업은행과직결),유,7,10,69,129.090954,35.22315493
3366,금정구,부곡동,0,333-15,부라더미싱(상업은행과직결),유,4,6,22,129.0911365,35.22323441
3367,금정구,부곡동,0,308-16,부라더미싱(상업은행과직결),유,7,12,76,129.0914795,35.22461068
1728,서구,부민동2가,0,39,부민로타리,유,4,12,39,129.0197454,35.10331756
1813,서구,부민동2가,0,39,부민로타리,유,8,17,144,129.0199755,35.10343436
1814,서구,부민동2가,0,39,부민로타리,유,4,11,44,129.0198767,35.1033707
1815,서구,부민동2가,0,39,부민로타리,유,5,20,84,129.0199437,35.10333082
1816,서구,부민동2가,0,39,부민로타리,유,7,16,61,129.0197978,35.10331329
1817,서구,부민동2가,0,39,부민로타리,유,8,22,141,129.0199389,35.10323448
1818,서구,부민동2가,0,39,부민로타리,유,5,9,34,129.0199888,35.10329298
1819,서구,부민동2가,0,39,부민로타리,유,6,14,89,129.020103,35.10332438
839,남구,대연동,0,1013-8,부산공고,유,10,12,87,129.0891235,35.13016683
880,남구,대연동,0,1013-8,부산공고,유,7,9,43,129.089194,35.13028393
881,남구,대연동,0,1013-10,부산공고,유,10,10,85,129.0897861,35.13018903
843,남구,대연동,0,1173-4,부산공고 공동실습소,유,10,10,82,129.0869404,35.12919169
3239,강서구,대저1동,0,1676-2,부산구치소,유,8,10,77,128.9509737,35.21408596
3240,강서구,대저1동,0,1703-13,부산구치소,유,8,10,85,128.9509495,35.21391848
3241,강서구,대저1동,0,1660-1,부산구치소,유,9,28,244,128.9519858,35.21390119
3242,강서구,대저1동,0,1622-2,부산구치소,유,4,10,43,128.9537557,35.2140091
583,북구,덕천동,0,462,부산기능대학입구,유,9,6,44,129.0216329,35.21441403
585,북구,덕천동,0,369-3,부산기능대학입구,유,8,6,42,129.0217811,35.21443074
1565,영도구,동삼동,0,632-6,부산남고교후문앞,유,6,17,102,129.0641711,35.06933835
2577,연제구,연산동,0,1617,부산노동청,유,7,11,34,129.0783427,35.17618873
2587,연제구,연산동,0,1472-2,부산노동청,유,6,13,75,129.0765447,35.17780606
2589,연제구,연산동,0,1617,부산노동청,유,6,13,80,129.0769122,35.1772571
3356,금정구,장전동,0,401-10,부산대학정문,유,7,13,93,129.0850281,35.23147411
3357,금정구,장전동,0,418-35,부산대학정문,유,7,7,50,129.0850927,35.23132697
3358,금정구,장전동,0,418-19,부산대학정문,유,7,9,62,129.0851678,35.23158416
2312,사상구,감전동,0,113-21,부산상호신용금고,유,6,13,84,128.9892049,35.15751132
806,부산진구,전포동,0,375-10,부산약국,유,6,6,35,129.0662768,35.14767636
1001,부산진구,전포동,0,379-23,부산약국,유,9,48,417,129.0665779,35.14781417
1683,동구,초량동,0,505-2,부산역(부산진 이지벨 이설설치),유,8,32,267,129.0397107,35.1153099
878,남구,감만동,0,45822,부산외국어대학앞,유,13,12,67,129.0827358,35.12230749
920,남구,감만동,0,45822,부산외국어대학앞,유,6,16,95,129.0829551,35.1222838
3813,중구,중앙동3가,0,49-14,부산우체국,유,6,14,88,129.0343717,35.10281946
3814,중구,중앙동3가,0,20,부산우체국,유,7,15,113,129.0354643,35.10288629
2729,강서구,대저1동,0,1527-1,부산우편집중국주변,유,4,9,33,128.9581974,35.2152351
3061,강서구,대저1동,0,1527-1,부산우편집중국주변,유,4,10,43,128.9581336,35.21509067
3062,강서구,대저1동,0,1512-1,부산우편집중국주변,유,6,10,59,128.9598962,35.21513362
2159,사상구,감전동,0,502-1,부산위생,유,4,12,49,128.9704363,35.14111786
2351,사상구,감전동,0,502-1,부산위생,유,9,27,227,128.9702187,35.14120449
2352,사상구,감전동,0,507-13,부산위생,유,7,23,153,128.9705187,35.13947525
2620,연제구,연산동,0,353-2,부산은행 연천지점,유,13,19,153,129.097657,35.18790108
112,해운대구,재송동,0,1065-1,부산은행 재송지점,유,7,23,134,129.1266686,35.18847002
214,해운대구,재송동,0,1065-1,부산은행 재송지점,유,6,10,63,129.1264092,35.18830412
215,해운대구,재송동,0,1065-1,부산은행 재송지점,유,6,10,60,129.1266248,35.18866772
925,남구,감만동,0,139-3,부산은행감만지점,유,9,17,146,129.0810912,35.11671853
926,남구,감만동,0,139-4,부산은행감만지점,유,8,17,142,129.0812795,35.11591064
1311,부산진구,부암동,0,746,부산은행당감지점(당평초교),유,7,13,87,129.036886,35.16742412
1313,부산진구,부암동,0,818-160,부산은행당감지점(당평초교),유,4,9,34,129.0376823,35.1675083
125,해운대구,반송동,0,77,부산은행반송동 지점,유,7,24,131,129.1572947,35.23059007
126,해운대구,반송동,0,77,부산은행반송동 지점,유,6,12,76,129.157522,35.23058018
1065,동래구,안락동,0,243-50,부산은행안남출장소,유,6,12,74,129.105046,35.19238997
2657,연제구,연산동,0,1515-6,부산의료원,유,11,23,248,129.0809739,35.18864716
1615,영도구,청학동,0,523-1,부산조선앞,유,6,17,106,129.0603067,35.09772418
2484,수영구,망미동,0,840,부산지방병무청,유,6,17,106,129.1037134,35.17268649
1253,부산진구,초읍동,0,541-1,"부산진고교(초읍초교,금성탕직결)",유,4,8,32,129.0532778,35.1787699
1255,부산진구,초읍동,0,627-5,"부산진고교(초읍초교,금성탕직결)",유,4,7,29,129.0525428,35.17950174
1422,부산진구,초읍동,0,183-7,"부산진고교(초읍초교,금성탕직결)",유,6,16,96,129.0525156,35.17937834
1423,부산진구,초읍동,0,541-1,"부산진고교(초읍초교,금성탕직결)",유,6,16,99,129.053223,35.17864533
1354,부산진구,범전동,0,372-42,부산진구 시민공원로 주변,유,6,29,183,129.0586471,35.16591599
1355,부산진구,범전동,0,115-2,부산진구 시민공원로 주변,유,6,29,174,129.0597963,35.16652194
1356,부산진구,범전동,0,49,부산진구 시민공원로 주변,유,6,29,164,129.060069,35.16665092
1357,부산진구,범전동,0,115-2,부산진구 시민공원로 주변,유,6,14,83,129.0600506,35.16641378
1358,부산진구,범전동,0,220-2,부산진구 시민공원로 주변,유,6,33,207,129.0557268,35.16471032
1264,부산진구,양정동,0,342-73,부산진여자상고입구,유,7,13,87,129.071923,35.17024182
1678,동구,좌천동,0,1-156,부산진역 앞,유,8,29,213,129.0491442,35.12906421
1415,부산진구,범전동,0,212-11,부산진중학교,유,6,26,160,129.0549536,35.16301511
1237,부산진구,범천동,0,1614-5,부산진초교,유,3,4,12,129.0559536,35.14805015
1239,부산진구,범천동,0,999-19,부산진초교,유,4,9,34,129.055848,35.1482373
1240,부산진구,범천동,0,1261-46,부산진초교,유,3,4,12,129.0556032,35.14841846
1566,영도구,동삼동,0,558-2,부산체고 옆,유,6,6,35,129.0666321,35.07117978
1572,영도구,동삼동,0,558-2,부산체고 옆,유,6,9,55,129.0667689,35.0711788
3743,중구,영주동,0,747-1,부산터널,유,6,14,86,129.0344471,35.11167745
3744,중구,영주동,0,747-1,부산터널,유,7,7,53,129.0343799,35.11189087
3773,중구,영주동,0,5-53,부산터널,유,17,34,283,129.0345484,35.11214487
912,남구,감만동,0,513-6,부산항배후도로(유니온후문),유,9,24,164,129.0786246,35.11065165
913,남구,감만동,0,498-130,부산항배후도로(유니온후문),유,7,18,122,129.0797385,35.11061554
768,남구,문현동,0,1773-1,부산혜성학교,유,10,9,82,129.0788497,35.14138307
3412,금정구,금사동,0,105-3,부산화물터미널,유,13,8,90,129.1106053,35.21450812
1288,부산진구,범전동,0,212-51,부암1동사무소,유,4,14,57,129.0532622,35.16527455
1416,부산진구,부암동,0,10990,부암1동사무소,유,7,12,87,129.0518564,35.1666925
1417,부산진구,범전동,0,212-51,부암1동사무소,유,6,12,79,129.0530232,35.16523961
1385,부산진구,연지동,0,194-3,부암R직결(연지),유,4,31,125,129.0517463,35.16949298
1384,부산진구,부암동,0,307-2,부암R직결(진양),유,8,33,272,129.0503779,35.16662668
1427,부산진구,부암동,0,313-6,부암동원맨션,유,6,16,91,129.0484965,35.16661395
1436,부산진구,연지동,0,158-7,부암로타리,유,6,10,60,129.0504159,35.16885462
1437,부산진구,연지동,0,307-2,부암로타리,유,8,19,157,129.0500752,35.16806649
1438,부산진구,연지동,0,45673,부암로타리,유,11,31,346,129.050479,35.16786139
1439,부산진구,부암동,0,24-63,부암로타리,유,7,16,112,129.0508547,35.16796329
1440,부산진구,연지동,0,158-7,부암로타리,유,8,31,256,129.050876,35.16872907
1449,부산진구,부암동,0,814-117,부암주유소,유,10,38,377,129.0455697,35.16270736
2777,강서구,신호동,0,218-11,부영아파트 201동,유,8,13,105,128.8774706,35.0854616
2778,강서구,신호동,0,216,부영아파트 201동,유,8,13,103,128.8774711,35.08590329
2779,강서구,신호동,0,218-9,부영아파트 201동,유,8,13,105,128.8777413,35.08568257
2869,강서구,신호동,0,218-12,부영아파트 201동,유,6,12,74,128.8771868,35.0856817
1804,서구,부용동1가,0,45957,부용로타리,유,8,17,146,129.0199928,35.10784202
1805,서구,부용동1가,0,45957,부용로타리,유,7,20,125,129.0201755,35.10750823
1806,서구,부용동1가,0,382-30,부용로타리,유,6,14,89,129.0203355,35.1076213
232,해운대구,좌동,0,1435,부일여객자동차㈜ 앞,유,7,23,141,129.1837868,35.17434661
1831,기장군,장안읍,좌천리,436-9,부일주유소,유,6,16,96,129.2352953,35.32188456
2094,기장군,장안읍,좌천리,436-9,부일주유소,유,8,32,265,129.2355226,35.32158318
1262,부산진구,부전동,0,426-2,부전로타리,유,6,12,68,129.0547402,35.15733933
1263,부산진구,부전동,0,426-4,부전로타리,유,7,8,48,129.0547177,35.15788138
1514,부산진구,부전동,0,426-11,부전로타리,유,8,35,281,129.054537,35.15760781
1290,부산진구,부암동,0,405-22,부전시장(녹십자),유,7,12,72,129.055954,35.16130983
1291,부산진구,부전동,0,394-31,부전시장(녹십자),유,4,8,60,129.0563765,35.16149069
1412,부산진구,부전동,0,394-31,부전시장(녹십자),유,8,15,123,129.0562998,35.16121651
1413,부산진구,부전동,0,401-4,부전시장(녹십자),유,7,15,100,129.0569784,35.16037881
1414,부산진구,부전동,0,396-28,부전시장(녹십자),유,6,15,91,129.0571971,35.16010518
3768,중구,부평동4가,0,45704,부천탕,유,8,20,170,129.0227158,35.1010996
3769,중구,부평동4가,0,63-15,부천탕,유,8,21,159,129.0235113,35.10060911
3770,중구,부평동3가,0,20546,부평동우리은행,유,6,16,90,129.0250498,35.10040569
3771,중구,부평동3가,0,45709,부평동우리은행,유,6,17,105,129.025098,35.10108973
3772,중구,부평동3가,0,28004,부평동우리은행,유,8,17,137,129.0251457,35.10197172
3782,중구,부평동4가,0,23377,부평로타리,유,8,19,158,129.0244447,35.09980124
3783,중구,부평동3가,0,23316,부평로타리,유,7,12,85,129.024361,35.09955844
3784,중구,부평동3가,0,20546,부평로타리,유,9,20,172,129.0246333,35.09924312
3785,중구,부평동3가,0,21610,부평로타리,유,8,10,82,129.0248932,35.09920232
3786,중구,부평동3가,0,21610,부평로타리,유,8,8,66,129.0250618,35.09921568
3787,중구,부평동3가,0,23408,부평로타리,유,7,17,109,129.0250025,35.09978335
379,해운대구,좌동,0,1303,"부흥중학교(25),(43)직결",유,6,18,106,129.1799503,35.17491726
380,해운대구,좌동,0,1306,"부흥중학교(25),(43)직결",유,6,22,137,129.1798705,35.17462528
381,해운대구,좌동,0,1433-3,"부흥중학교(25),(43)직결",유,6,18,104,129.1802276,35.17455406
382,해운대구,좌동,0,1433-3,"부흥중학교(25),(43)직결",유,6,22,137,129.1803175,35.17483082
766,북구,구포동,0,1124-13,북구청,유,8,15,111,128.9907483,35.19685531
593,북구,구포동,0,1184-6,북구청입구,유,39,22,215,128.9881847,35.19696985
756,북구,구포동,0,1184-6,북구청입구,유,8,26,219,128.988204,35.19724511
2326,사상구,덕포동,0,740-1,북부노동청,유,9,19,160,128.9885305,35.17879183
2290,사상구,덕포동,0,368-16,북부면허시험장,유,7,13,87,128.9848952,35.17750286
2185,사상구,감전동,0,223-2,북부산세무서,유,10,26,123,128.9905141,35.15596483
2313,사상구,감전동,0,228-2,북부산세무서,유,7,14,93,128.9905186,35.1561659
2243,사상구,감전동,0,136-39,북부산세무서 신청사 앞,유,8,19,156,128.990678,35.15467836
2986,강서구,성북동,0,1501,북컨테이너배후부지 X지점,유,0,0,0,128.8309773,35.0869631
2987,강서구,성북동,0,1533,북컨테이너배후부지 X지점,유,8,14,115,128.8309429,35.08732981
2988,강서구,성북동,0,1533,북컨테이너배후부지 X지점,유,6,29,176,128.8313968,35.08731598
801,남구,용호동,0,960,분포고등학교,유,6,12,71,129.1151793,35.1304796
891,남구,용호동,0,960,분포고등학교,유,4,9,52,129.114988,35.1304563
2597,연제구,연산동,0,1310-50,불교신도회관 주변(희망센트럴뷰),유,8,23,189,129.0779093,35.18137255
3337,금정구,구서동,0,811-6,브니엘고교,유,4,25,92,129.1023886,35.25726916
3339,금정구,구서동,0,811-6,브니엘고교,유,6,13,75,129.1023663,35.25742244
3660,사하구,괴정동,0,1207-34,"사남초교,동진그린힐앞직결",유,6,10,60,128.9800632,35.09659681
3661,사하구,괴정동,0,583-28,"사남초교,동진그린힐앞직결",유,4,9,40,128.9814704,35.09667082
2258,사상구,덕포동,0,402-7,사상경찰서,유,6,15,87,128.9793816,35.17423753
2259,사상구,덕포동,0,402-7,사상경찰서,유,6,14,85,128.9798652,35.17421718
2161,사상구,감전동,0,156-22,사상구청,유,7,14,86,128.9902163,35.15212523
2162,사상구,감전동,0,156-22,사상구청,유,3,11,30,128.9898889,35.15216613
2267,사상구,감전동,0,156-5,사상구청,유,8,22,183,128.9900709,35.15229747
2339,사상구,삼락동,0,409-3,사상서,유,9,25,220,128.9765915,35.17461055
2340,사상구,삼락동,0,402-2,사상서,유,8,33,190,128.9768062,35.17439518
2191,사상구,덕포동,0,429-7,사상초교,유,6,10,58,128.9822436,35.16768242
2300,사상구,덕포동,0,429-5,사상초교,유,7,14,101,128.9820511,35.16791316
2301,사상구,덕포동,0,692-1,사상초교,유,7,14,88,128.9821915,35.16719824
2186,사상구,덕포동,0,692-1,사상초교정문앞,유,7,9,57,128.9835391,35.16731376
2187,사상구,덕포동,0,692-1,사상초교정문앞,유,7,22,127,128.9837587,35.16735306
1107,동래구,사직동,0,600-1,사직 삼환나우빌2단지 208동,유,6,14,84,129.0539087,35.19921407
1137,동래구,사직동,0,21337,사직1PB,유,6,9,59,129.0642957,35.20042309
1204,동래구,사직동,0,21337,사직1PB,유,8,24,189,129.0646776,35.20032884
1205,동래구,사직동,0,449-2,사직1PB,유,8,23,180,129.0647474,35.20064732
2611,연제구,거제동,0,1293,사직대우그린타워,유,9,33,296,129.0606021,35.18848548
2612,연제구,거제동,0,1198,사직대우그린타워,유,18,29,342,129.0624619,35.18946166
1150,동래구,사직동,0,749-6,사직동 쌍용아파트,유,6,19,110,129.05692,35.19497803
1122,동래구,사직동,0,988-1,사직로얄맨션2차,유,9,14,122,129.058689,35.2016327
1125,동래구,사직동,0,808-1,사직야구장,유,8,10,82,129.060906,35.19614114
1156,동래구,사직동,0,808-1,사직야구장,유,9,26,223,129.0605405,35.19561516
1157,동래구,사직동,0,808-1,사직야구장,유,11,24,263,129.0615267,35.19582273
1134,동래구,사직동,0,981-97,사직여고입구,유,7,12,75,129.0536602,35.19668441
1061,동래구,사직동,0,89-17,사직여중입구,유,6,16,101,129.0586614,35.19487673
1151,동래구,사직동,0,968-1,사직여중입구,유,7,21,124,129.0580658,35.1951672
1152,동래구,사직동,0,968-1,사직여중입구,유,7,24,158,129.0586795,35.19524535
1105,동래구,사직동,0,107-15,사직우체국(스파속셈학원),유,8,26,217,129.0655917,35.19664499
1168,동래구,사직동,0,855-2,사직우체국(스파속셈학원),유,6,20,131,129.0651465,35.19876471
1169,동래구,사직동,0,858-1,사직우체국(스파속셈학원),유,7,21,137,129.0655596,35.19740502
1170,동래구,사직동,0,808-1,사직운동장삼거리,유,9,22,189,129.0638739,35.19490233
1171,동래구,사직동,0,808-1,사직운동장삼거리,유,9,22,189,129.0639688,35.19458765
1172,동래구,사직동,0,808-1,사직운동장삼거리,유,7,12,77,129.0642974,35.19452712
1173,동래구,사직동,0,808-1,사직운동장삼거리,유,8,24,193,129.0641109,35.1947841
1210,동래구,사직동,0,106-9,사직운동장입구,유,8,20,171,129.0660863,35.19521377
1211,동래구,사직동,0,106-9,사직운동장입구,유,11,40,395,129.0664326,35.1950883
1212,동래구,사직동,0,106-9,사직운동장입구,유,9,38,290,129.0666042,35.19533232
1213,동래구,사직동,0,106-9,사직운동장입구,유,10,36,299,129.0662982,35.19548271
1011,동래구,사직동,0,628-12,사직초교,유,6,16,96,129.0557049,35.20064728
1012,동래구,사직동,0,628-1,사직초교,유,8,13,80,129.0562073,35.2009247
1084,동래구,사직동,0,1019,사직해운아파트1동,유,6,14,82,129.0547024,35.19998627
1086,동래구,사직동,0,1019,사직해운아파트1동,유,4,10,40,129.0547095,35.20013534
1090,동래구,사직동,0,1019,사직해운아파트1동,유,3,15,72,129.0549049,35.20001257
3040,강서구,명지동,0,23590,사취등마을,유,9,31,267,128.914899,35.11584946
3710,사하구,신평동,0,1053,사하경찰서,유,7,27,192,128.9772353,35.0851064
3711,사하구,신평동,0,1053,사하경찰서,유,6,21,132,128.9774011,35.08493975
3712,사하구,신평동,0,1053,사하경찰서,유,9,27,227,128.9775721,35.0850976
3713,사하구,신평동,0,1053,사하경찰서,유,7,22,142,128.9774184,35.08526268
3740,사하구,괴정동,0,740-1,사하농협,유,10,24,230,128.9895712,35.09925142
3594,사하구,하단동,0,304-15,사하라주유소,유,8,23,193,128.9716686,35.10424672
3540,사하구,신평동,0,79-17,사하소방서,유,8,17,139,128.9733484,35.08978759
3692,사하구,신평동,0,482,사하소방서,유,7,21,75,128.9729887,35.08947572
3693,사하구,신평동,0,79-22,사하소방서,유,7,13,92,128.9730353,35.09018942
3464,사하구,하단동,0,1193,사하여중(하단중학교),유,6,11,70,128.9589344,35.1095137
3465,사하구,하단동,0,1193,사하여중(하단중학교),유,7,13,83,128.9591517,35.11046578
3735,사하구,당리동,0,321-1,사하주유소,유,11,23,243,128.9770082,35.10241626
3736,사하구,당리동,0,324-5,사하주유소,유,14,23,176,128.9771049,35.10216945
3737,사하구,당리동,0,324-17,사하주유소,유,7,25,170,128.9773451,35.10220082
3048,강서구,녹산동,0,836-1,산양마을입구,유,8,22,177,128.8696792,35.1123816
3182,강서구,녹산동,0,785-2,산양삼거리,유,6,15,96,128.8728909,35.11222654
3183,강서구,녹산동,0,산43,산양삼거리,유,8,28,224,128.8730452,35.11245084
2993,강서구,강동동,0,45677,삼광초교,유,6,7,45,128.9167284,35.15189286
2327,사상구,덕포동,0,740-1,삼덕교회,유,9,19,163,128.988476,35.17659109
1932,기장군,일광면,이천리,산36-20,삼덕노인정앞,유,22,15,226,129.2297302,35.27013465
1943,기장군,일광면,횡계리,281-7,삼덕마을입구(횡계마을직결),유,6,15,96,129.2303471,35.27426641
2235,사상구,삼락동,0,361-13,삼락초교,유,7,18,116,128.9794997,35.18248942
3535,사하구,괴정동,0,583-19,삼문약국,유,7,9,50,128.9809916,35.09822422
1865,기장군,일광면,삼성리,45849,0,유,7,17,109,129.2196124,35.25623282
2626,연제구,연산동,0,462-16,삼성여객,유,13,20,166,129.1080281,35.18791248
2703,강서구,신호동,0,185,삼성자동차남문,유,6,25,153,128.881939,35.08918701
3188,강서구,신호동,0,185,삼성자동차남문,유,8,31,263,128.8816229,35.08899835
3189,강서구,신호동,0,185,삼성자동차남문,유,6,13,83,128.8819619,35.08868602
3178,강서구,신호동,0,185,삼성자동차동문,유,8,32,258,128.8869089,35.09444646
3179,강서구,화전동,0,185,삼성자동차동문,유,8,32,260,128.8869596,35.09493398
2704,강서구,신호동,0,185,삼성자동차정문,유,4,26,104,128.8774661,35.08917979
2705,강서구,신호동,0,185,삼성자동차정문,유,8,13,101,128.877467,35.08867816
3187,강서구,신호동,0,185,삼성자동차정문,유,8,31,259,128.8771545,35.08899258
3184,강서구,신호동,0,185,삼성자동차주차장,유,8,31,260,128.8726836,35.08898397
3185,강서구,신호동,0,185,삼성자동차주차장,유,7,20,137,128.8729979,35.08866762
3186,강서구,신호동,0,185,삼성자동차주차장,유,8,31,261,128.8733086,35.08898265
3024,강서구,송정동,0,1624,삼성전기정문,유,7,15,93,128.8558251,35.09346641
2920,강서구,송정동,0,1619-8,삼성전기후문,유,12,19,122,128.8558393,35.09797539
1877,기장군,기장읍,내리,799,삼양사입구,유,6,9,46,129.2062927,35.20165236
2152,기장군,기장읍,내리,799,삼양사입구,유,9,27,221,129.2064955,35.20182437
2656,연제구,연산동,0,719-9,삼영맨션,유,7,20,134,129.0838513,35.18123026
3657,사하구,신평동,0,45918,삼익동아빌라,유,9,13,114,128.9752891,35.09424538
2470,수영구,남천동,0,148-69,삼익비치B상가,유,8,15,121,129.114774,35.14583009
2471,수영구,남천동,0,148-69,삼익비치B상가,유,4,23,66,129.1148271,35.1459883
2472,수영구,남천동,0,148-69,삼익비치B상가,유,8,20,154,129.1150589,35.14505072
2473,수영구,남천동,0,148-8,삼익비치타운사거리,유,10,7,64,129.1148813,35.14309634
2474,수영구,남천동,0,148-8,삼익비치타운사거리,유,6,12,68,129.1150325,35.14299781
2475,수영구,남천동,0,148-8,삼익비치타운사거리,유,7,15,96,129.1150454,35.14318462
2476,수영구,남천동,0,148-69,삼익비치타운사거리,유,7,15,97,129.1150656,35.14410934
2428,수영구,남천동,0,148-8,삼익스포츠,유,8,13,157,129.1149906,35.14102823
2399,수영구,남천동,0,148-8,삼익유수풀장,유,6,16,103,129.1147807,35.13930118
2423,수영구,남천동,0,148-8,삼익유수풀장,유,6,15,89,129.1149662,35.13965158
1658,동구,범일동,0,1376-8,삼일극장(직결:동구청),유,4,4,16,129.0562949,35.13820924
1695,동구,범일동,0,1376-8,삼일극장(직결:동구청),유,8,29,234,129.0564878,35.13813432
1696,동구,범일동,0,22678,삼일극장(직결:동구청),유,8,29,232,129.0564969,35.13933865
3642,사하구,구평동,0,163-2,삼일냉장,유,7,16,103,128.9872392,35.08252775
1515,부산진구,전포동,0,874-2,삼전로타리,유,8,16,132,129.0634873,35.16414829
1516,부산진구,전포동,0,874-10,삼전로타리,유,8,19,158,129.0641978,35.1637863
1517,부산진구,전포동,0,874-5,삼전로타리,유,8,9,69,129.0643711,35.16393525
1518,부산진구,전포동,0,874-3,삼전로타리,유,8,30,246,129.0640929,35.16403022
2283,북구,구포동,0,1127-2,삼진섬유,유,6,13,82,128.9901691,35.19372172
3298,금정구,구서동,0,8,삼창맨션(남산중학교),유,6,8,51,129.0931677,35.25848773
3617,사하구,신평동,0,370-36,삼창목재,유,7,22,153,128.9649537,35.08395554
1095,동래구,수안동,0,709-1,삼한맨션,유,4,9,36,129.0876769,35.19441773
1144,동래구,수안동,0,40-19,삼한맨션,유,7,22,147,129.0878703,35.19455134
490,해운대구,우동,0,1129-38,삼호가든,유,7,23,177,129.1351891,35.17111873
491,해운대구,우동,0,1194-8,삼호가든,유,7,27,185,129.135274,35.17088204
167,해운대구,재송동,0,100,삼화파크맨션,유,6,13,103,129.1268235,35.17997363
826,부산진구,전포동,0,575,상공회의소,유,6,14,81,129.0634472,35.14846949
1493,부산진구,전포동,0,0,상공회의소,유,0,0,0,129.0633071,35.14891323
1494,남구,문현동,0,0,상공회의소,유,0,0,0,129.063314,35.14859493
1495,부산진구,전포동,0,859-31,상공회의소,유,7,15,100,129.0625568,35.14842617
1496,부산진구,전포동,0,575,상공회의소,유,8,19,140,129.0631789,35.14898492
192,해운대구,좌동,0,1402,상당초교앞,유,4,10,41,129.1756359,35.17991526
634,북구,만덕동,0,944-6,상록아파트앞,유,6,9,54,129.0331875,35.20404931
1147,동래구,온천동,0,1119-91,새들교밑삼거리,유,4,13,45,129.0658442,35.21139195
1776,서구,충무동1가,0,14277,새벽시장,유,8,16,131,129.0239178,35.09320347
1777,서구,남부민동,0,643-17,새벽시장,유,9,16,136,129.0240343,35.09208418
1778,서구,충무동1가,0,45714,새벽시장,유,8,23,186,129.0242277,35.09503316
1779,서구,충무동1가,0,45868,새벽시장,유,8,22,183,129.0240748,35.09432454
2360,사상구,학장동,0,772,새벽시장입구,유,8,37,293,128.9818368,35.1507858
2361,사상구,학장동,0,772,새벽시장입구,유,6,14,90,128.982,35.15095731
2362,사상구,학장동,0,772,새벽시장입구,유,8,37,290,128.9820769,35.1507366
2363,사상구,감전동,0,174,새벽시장입구,유,6,13,81,128.982336,35.15226709
3449,사하구,당리동,0,317-86,새싹유치원,유,4,6,24,128.9758652,35.10449988
2685,연제구,연산동,0,590-26,새연산아파트,유,9,14,122,129.0845595,35.18833037
2686,연제구,연산동,0,1515-6,새연산아파트,유,6,13,85,129.0857834,35.18929186
296,해운대구,우동,0,1228,새한센시빌,유,12,25,153,129.1313303,35.17479922
3306,금정구,서동,0,211-34,서2동사무소 앞,유,4,7,29,129.1046951,35.21262766
3230,강서구,대저1동,0,31898,서강여고,유,4,8,33,128.9819093,35.21282035
2637,연제구,연산동,0,1127-13,서경정비,유,6,22,142,129.0794968,35.18680208
3332,금정구,서동,0,134-39,서곡초교,유,7,9,60,129.1050182,35.21857519
3333,금정구,서동,0,405,서곡초교,유,5,12,58,129.1048461,35.21860733
3763,중구,부평동3가,0,13181,서구청,유,8,39,319,129.0251334,35.09826442
1797,서구,서대신동2가,0,318-40,서대신로타리,유,9,17,147,129.0116753,35.11069185
1798,서구,서대신동2가,0,334,서대신로타리,유,6,14,85,129.0125062,35.11129203
3363,동래구,명장동,0,556-12,서동 서명초등학교,유,7,6,34,129.0954688,35.21554916
3259,금정구,서동,0,512-13,서동초교,유,8,9,73,129.0985888,35.21895477
1519,부산진구,부전동,0,261-4,서면교차로,유,6,15,90,129.0585837,35.15839383
1520,부산진구,부전동,0,142-9,서면교차로,유,6,15,94,129.0599531,35.15773586
1353,부산진구,전포동,0,876-7,서면부산농협,유,8,27,218,129.0618146,35.16267006
1462,부산진구,범천동,0,1279-19,서면지구대,유,13,21,144,129.0553221,35.14686864
1162,서구,서대신동2가,0,272,서부경찰서,유,8,18,145,129.0137442,35.1101238
1747,서구,서대신동3가,0,36312,서부교육청입구(남성한빛가든),유,6,13,82,129.0119239,35.11807778
1748,서구,서대신동3가,0,128-22,서부교육청입구(남성한빛가든),유,6,15,92,129.012402,35.11722159
3218,강서구,대저2동,0,2551-99,서부산I/C,유,6,8,45,128.9561225,35.15798468
3219,강서구,대저2동,0,2551-99,서부산I/C,유,8,26,183,128.9561241,35.15779337
3220,강서구,대저2동,0,2551-99,서부산I/C,유,11,36,376,128.9563477,35.15756829
2801,강서구,대저2동,0,3139,서부산유통단지 1지점,유,24,18,268,128.9546712,35.16730276
2802,강서구,대저2동,0,3139,서부산유통단지 1지점,유,22,17,244,128.9542137,35.16714745
2803,강서구,대저2동,0,3139,서부산유통단지 1지점,유,22,17,236,128.9545449,35.16702776
2804,강서구,대저2동,0,3139,서부산유통단지 1지점,유,22,17,238,128.9543417,35.16742406
2805,강서구,대저2동,0,3145,서부산유통단지 2지점,유,20,15,198,128.9555487,35.16520741
2806,강서구,대저2동,0,3145,서부산유통단지 2지점,유,20,14,199,128.9554212,35.16547467
2807,강서구,대저2동,0,3145,서부산유통단지 2지점,유,9,20,147,128.9552941,35.16527984
2808,강서구,대저2동,0,3145,서부산유통단지 2지점,유,9,21,158,128.9556732,35.16540283
2809,강서구,대저2동,0,3294,서부산유통단지 3지점,유,8,15,114,128.9562022,35.16362282
2810,강서구,대저2동,0,3294,서부산유통단지 3지점,유,8,13,103,128.9566059,35.16376784
2811,강서구,대저2동,0,3294,서부산유통단지 3지점,유,9,27,204,128.9563538,35.16380718
2812,강서구,대저2동,0,3140,서부산유통단지 4지점,유,19,12,188,128.9506481,35.16580057
2813,강서구,대저2동,0,3140,서부산유통단지 4지점,유,18,13,182,128.9503064,35.1656735
2814,강서구,대저2동,0,3140,서부산유통단지 4지점,유,8,17,130,128.9505672,35.16556435
2815,강서구,대저2동,0,3144,서부산유통단지 5지점,유,6,18,102,128.9513406,35.16379793
2816,강서구,대저2동,0,3144,서부산유통단지 5지점,유,6,18,104,128.9516939,35.16392025
2817,강서구,대저2동,0,3144,서부산유통단지 5지점,유,6,17,97,128.9515954,35.1637115
2818,강서구,대저2동,0,3144,서부산유통단지 5지점,유,6,18,106,128.9514419,35.16400076
2819,강서구,대저2동,0,3851,서부산유통단지 6지점,유,6,14,83,128.9522754,35.16215409
2820,강서구,대저2동,0,3143,서부산유통단지 6지점,유,6,14,83,128.9525883,35.16226852
2821,강서구,대저2동,0,3143,서부산유통단지 6지점,유,7,20,117,128.9523749,35.1623163
2822,강서구,대저2동,0,3143,서부산유통단지 7지점,유,6,10,61,128.9470547,35.16427751
2823,강서구,대저2동,0,45680,서부산유통단지 7지점,유,6,11,63,128.9469037,35.16459559
2824,강서구,대저2동,0,45680,서부산유통단지 7지점,유,9,27,208,128.9470888,35.16447302
2825,강서구,대저2동,0,3143,서부산유통단지 8지점,유,7,13,69,128.9479386,35.16266944
2826,강서구,대저2동,0,3143,서부산유통단지 8지점,유,6,19,110,128.9481225,35.16258236
2304,사상구,괘법동,0,572-1,서부시외버스터미널,유,7,18,122,128.9845301,35.16252996
2305,사상구,괘법동,0,572-1,서부시외버스터미널,유,9,22,162,128.9842289,35.16217923
2306,사상구,괘법동,0,572-1,서부시외버스터미널,유,9,24,176,128.9841181,35.16194517
2307,사상구,괘법동,0,572-1,서부시외버스터미널,유,7,14,91,128.9843336,35.16172597
2308,사상구,괘법동,0,572-1,서부시외버스터미널,유,7,14,97,128.9852662,35.16159705
2309,사상구,괘법동,0,547-4,서부시외버스터미널,유,42,38,531,128.9849766,35.16215465
2221,사상구,삼락동,0,361-14,서부주유소,유,16,12,127,128.9764615,35.18307332
2337,사상구,삼락동,0,361-14,서부주유소,유,9,25,228,128.976295,35.18332115
2343,사상구,삼락동,0,572-17,서부터미널,유,12,26,302,128.9759485,35.16355017
2344,사상구,삼락동,0,574-2,서부터미널,유,4,11,44,128.9757289,35.16358881
2740,강서구,강동동,0,1659,서부환경사업소,유,6,6,37,128.9249617,35.19558047
3027,강서구,강동동,0,1659,서부환경사업소,유,7,7,54,128.9248586,35.19574897
1869,기장군,기장읍,연화리,412,서암마을 삼거리,유,4,7,28,129.2217312,35.21271645
1789,서구,동대신동3가,0,50-31,서여고,유,9,33,292,129.0206931,35.11338615
3555,사하구,당리동,0,1103-12,서여중,유,7,27,143,128.9805384,35.10051419
3598,사하구,당리동,0,1130-5,서여중,유,9,24,210,128.9801702,35.10045378
3599,사하구,괴정동,0,580-4,서여중,유,6,23,147,128.9818369,35.10008932
1062,동래구,안락동,0,425-5,서원사거리,유,4,8,34,129.0980795,35.20103533
1178,동래구,안락동,0,425-95,서원사거리,유,6,15,89,129.0981844,35.20081774
1179,동래구,안락동,0,420-20,서원사거리,유,6,20,82,129.0983915,35.20095836
1071,동래구,안락동,0,425-39,서원시장(복개천),유,7,14,95,129.0995272,35.20054697
1098,동래구,안락동,0,426-26,서원시장(복개천),유,6,13,77,129.0996296,35.20072215
1099,동래구,안락동,0,425-39,서원시장(복개천),유,7,10,68,129.0994539,35.20065649
1106,동래구,안락동,0,429-50,서원시장(복개천),유,10,8,67,129.0997096,35.20059365
3597,사하구,하단동,0,667-1,서원유통,유,7,16,109,128.9611176,35.09776359
2565,연제구,연산동,0,1135-44,서원유통앞,유,6,8,49,129.0883669,35.17980227
807,남구,문현동,0,141-72,서원유통앞삼거리,유,9,15,99,129.0728281,35.1414942
812,남구,문현동,0,183-44,서원유통앞삼거리,유,14,12,131,129.0726003,35.14113153
1100,동래구,안락동,0,425-56,서원장여관(복개천),유,7,15,95,129.0984496,35.19884997
2621,연제구,연산동,0,1515-6,서원탑24시,유,6,14,89,129.0825701,35.18678326
234,해운대구,반여동,0,470-4,석대 세양 CY,유,6,17,100,129.1277521,35.21995897
176,해운대구,석대동,0,10-63,석대 철고물집하장,유,6,14,83,129.1446527,35.22134246
177,해운대구,석대동,0,45658,석대 철고물집하장,유,6,9,56,129.1444908,35.22132698
508,해운대구,석대동,0,489,석대꽃농원앞,유,6,14,80,129.1247373,35.21876879
509,해운대구,석대동,0,산150-2,석대꽃농원앞,유,6,16,96,129.124841,35.21903465
510,해운대구,석대동,0,604,석대사거리,유,15,21,132,129.1191849,35.21774327
511,해운대구,석대동,0,604,석대사거리,유,5,29,142,129.1193024,35.21748484
512,해운대구,석대동,0,541,석대사거리,유,6,21,127,129.1194092,35.2176894
507,해운대구,반여동,0,288,석대진개장,유,14,11,130,129.1298523,35.21997947
873,남구,용당동,0,산42-4,석포여중,유,8,9,68,129.095982,35.12483343
874,남구,용당동,0,580-10,석포여중,유,6,7,45,129.0968387,35.12372644
961,남구,대연동,0,1077-1,석포여중,유,8,16,138,129.0914563,35.12871342
909,남구,대연동,0,1136-9,석포초교 (진입),유,6,17,101,129.0900291,35.12670914
3421,금정구,구서동,0,936-8,선경아파트,유,8,25,207,129.0913809,35.25349219
3422,금정구,구서동,0,183-2,선경아파트,유,9,25,212,129.0913858,35.25494761
76,해운대구,반여동,0,1403-82,선수촌로입구,유,3,18,52,129.1186528,35.19747576
77,해운대구,반여동,0,1405-51,선수촌로입구,유,6,9,54,129.1188228,35.19744847
1257,부산진구,범천동,0,1194-70,선암초교입구,유,6,9,57,129.0492355,35.15036397
2335,사상구,삼락동,0,26451,선진사료,유,6,28,169,128.9829865,35.19301798
1617,영도구,청학동,0,326-6,선진조선앞,유,7,22,137,129.0579908,35.09935327
1657,동구,초량동,0,827-30,선화여상,유,7,12,86,129.0332265,35.12155392
1400,부산진구,연지동,0,269-34,성곡종합시장입구,유,6,9,56,129.0488858,35.17487354
2223,사상구,모라동,0,1337-2,성금당(성일교회),유,5,7,24,128.9927631,35.19253874
2320,사상구,모라동,0,1337-4,성금당(성일교회),유,9,19,159,128.9926782,35.19271073
1002,남구,문현동,0,484-31,성동초교,유,8,41,346,129.0667477,35.14295141
2661,부산진구,양정동,0,479-32,성림목재,유,8,40,335,129.067859,35.17699321
3734,사하구,하단동,0,303-10,성모병원,유,9,23,208,128.9694213,35.105185
824,남구,용호동,0,산221-16,성모병원(늘빛교회),유,3,3,9,129.1119513,35.10799628
825,남구,용호동,0,산221-16,성모병원(늘빛교회),유,3,5,16,129.1119762,35.10807277
892,남구,용호동,0,894-40,성모병원(늘빛교회),유,6,12,74,129.112086,35.10848772
2677,연제구,연산동,0,343,성모약국,유,17,10,142,129.0956056,35.18842289
1344,부산진구,전포동,0,358-8,성북초교,유,6,14,81,129.0684016,35.15060112
2446,수영구,남천동,0,509-1,성분도칫과,유,4,14,73,129.1112619,35.15028857
1299,부산진구,범천동,0,842-8,성서초교,유,11,12,132,129.0617957,35.14492718
1862,기장군,기장읍,교리,365,성심목화아파트,유,8,13,102,129.217643,35.2545971
1863,기장군,기장읍,교리,365,성심목화아파트,유,7,13,83,129.2179059,35.25482014
408,해운대구,중동,0,1787,성심병원입구(10),유,6,21,133,129.1705434,35.16296858
1250,부산진구,범천동,0,1187-101,성심의원,유,7,31,140,129.0498841,35.15237305
1466,부산진구,범천동,0,1187-89,성심의원,유,7,17,117,129.0501772,35.15225046
1187,동래구,안락동,0,520-7,성암정형외과,유,9,19,162,129.1013988,35.19700694
3697,사하구,신평동,0,582-1,성일여고,유,7,21,142,128.9776036,35.08774861
841,남구,우암동,0,101-1,"성지공고,성지중학교",유,10,13,132,129.0809988,35.12708956
882,남구,우암동,0,101-1,"성지공고,성지중학교",유,11,12,138,129.0824207,35.12757626
1245,부산진구,연지동,0,17989,성지주유소,유,13,19,121,129.0587806,35.17166614
1477,부산진구,연지동,0,23863,성지주유소,유,9,29,260,129.0590482,35.1716302
2241,사상구,학장동,0,246-25,성진화학,유,6,15,91,128.985087,35.14757367
844,남구,우암동,0,215-41,성천초교입구,유,5,14,74,129.0705022,35.13090242
885,남구,우암동,0,산5-1,성천초교입구,유,4,12,105,129.0706525,35.13077931
886,남구,우암동,0,215-41,성천초교입구,유,6,6,66,129.0705253,35.13100195
2619,연제구,거제동,0,1095-2,성학주유소,유,8,32,267,129.0704012,35.19023281
1066,동래구,안락동,0,243-37,성화탕(부산은행연수원),유,7,12,80,129.1032987,35.19299429
1067,동래구,안락동,0,631-66,성화탕(부산은행연수원),유,4,5,19,129.1033427,35.19283423
1068,동래구,안락동,0,629-69,성화탕(부산은행연수원),유,7,12,76,129.103456,35.19307117
2510,수영구,광안동,0,141-23,세강병원(광안시장),유,6,19,120,129.1134904,35.15948694
1590,영도구,청학동,0,201-15,세계식품㈜,유,6,22,131,129.0717635,35.08886989
3806,중구,중앙동4가,0,32325,세관로타리,유,8,20,146,129.037474,35.10505248
3807,중구,중앙동4가,0,32325,세관로타리,유,12,10,114,129.0377744,35.10499889
3808,중구,중앙동4가,0,31898,세관로타리,유,10,34,342,129.0376722,35.10526199
3587,사하구,장림동,0,506-1,세기냉동,유,8,21,173,128.9771899,35.07070264
3588,사하구,다대동,0,29221,세기냉동,유,10,22,115,128.9777849,35.06915175
1409,부산진구,부암동,0,산43-46,세민약국,유,7,13,90,129.0435843,35.1662152
1410,부산진구,부암동,0,281-2,세민약국,유,8,13,99,129.0454779,35.16594648
860,남구,우암동,0,22251,세방기업,유,6,14,87,129.0791726,35.1248551
973,남구,우암동,0,14732,세방기업,유,7,20,141,129.0798815,35.12369762
1163,동래구,수안동,0,20486,세병교,유,7,19,125,129.0834068,35.19726931
2904,강서구,송정동,0,1648-6,세보테크 앞,유,8,15,127,128.8618057,35.0934779
2905,강서구,송정동,0,1662-3,세보테크 앞,유,9,15,124,128.8623327,35.09347669
3064,강서구,미음동,0,0,세산삼거리,유,0,0,0,128.8737745,35.14143589
3065,강서구,생곡동,0,1488-15,세산삼거리,유,6,31,197,128.873799,35.14106214
3066,강서구,생곡동,0,1471-4,세산삼거리,유,4,46,197,128.8741495,35.14118554
3067,강서구,생곡동,0,591-41,세산삼거리,유,6,32,197,128.8741037,35.14147877
2970,강서구,생곡동,0,16-119,세산이주단지,유,8,28,231,128.8907024,35.13635824
2157,사상구,학장동,0,728-11,세아제강 부산공장,유,6,15,98,128.9775948,35.14192481
1736,서구,남부민동,0,523-79,세영수산,유,7,16,92,129.0242228,35.08084398
1739,서구,남부민동,0,523-79,세영수산,유,7,28,202,129.024243,35.08102433
2377,사상구,학장동,0,468-3,세원로타리,유,16,38,279,128.9873613,35.1431409
2378,사상구,학장동,0,312-1,세원로타리,유,7,23,144,128.9883443,35.14363443
784,남구,문현동,0,51-47,세화여상입구(문현현대아파트직결),유,12,7,82,129.0760783,35.14496961
792,남구,문현동,0,73-106,세화여상입구(문현현대아파트직결),유,9,10,88,129.0764715,35.14444827
803,남구,문현동,0,36008,세화여상입구(문현현대아파트직결),유,11,9,57,129.0771176,35.14378783
2263,사상구,괘법동,0,572-1,세화의원,유,7,13,91,128.9839104,35.15898924
287,해운대구,우동,0,1470,센텀시티 15지점,유,8,24,190,129.1302165,35.17188901
288,해운대구,우동,0,1488,센텀시티 15지점,유,8,14,120,129.1301382,35.17161356
289,해운대구,우동,0,1488,센텀시티 15지점,유,19,13,193,129.1304445,35.17159998
290,해운대구,우동,0,1488,센텀시티 15지점,유,13,18,145,129.1305735,35.17183381
291,해운대구,재송동,0,1200,센텀시티 8지점(직결:7지점),유,7,8,56,129.1244304,35.17693653
292,해운대구,재송동,0,1200,센텀시티 8지점(직결:7지점),유,8,17,145,129.1242203,35.1768012
293,해운대구,재송동,0,1200,센텀시티 8지점(직결:7지점),유,7,8,56,129.1245504,35.17635399
294,해운대구,재송동,0,1200,센텀시티 8지점(직결:7지점),유,8,14,111,129.1247179,35.1765089
295,해운대구,재송동,0,1200,센텀시티 8지점(직결:7지점),유,8,32,259,129.1247328,35.17679748
265,해운대구,재송동,0,973-50,"센텀시티1,2지점",유,8,13,97,129.1220537,35.18195437
266,해운대구,재송동,0,973-50,"센텀시티1,2지점",유,6,17,101,129.1220259,35.18171606
267,해운대구,재송동,0,973-50,"센텀시티1,2지점",유,6,13,84,129.1222739,35.1816336
268,해운대구,재송동,0,973-50,"센텀시티1,2지점",유,7,19,101,129.1222842,35.18185982
262,해운대구,재송동,0,1199,센텀시티10지점,유,9,16,140,129.1258171,35.17463151
263,해운대구,재송동,0,1199,센텀시티10지점,유,8,26,202,129.1261639,35.17465878
264,해운대구,재송동,0,1199,센텀시티10지점,유,8,14,117,129.1262615,35.17487392
258,해운대구,우동,0,1470,센텀시티12지점,유,21,14,220,129.128913,35.17330101
259,해운대구,우동,0,1470,센텀시티12지점,유,8,17,139,129.1288441,35.17307038
260,해운대구,우동,0,1470,센텀시티12지점,유,14,29,225,129.1291833,35.17310653
261,해운대구,우동,0,1470,센텀시티12지점,유,8,17,136,129.1292937,35.173313
255,해운대구,우동,0,1467,"센텀시티18,38지점",유,8,11,89,129.1275653,35.17220691
256,해운대구,우동,0,1467,"센텀시티18,38지점",유,9,17,92,129.1275732,35.17236759
257,해운대구,우동,0,1467,"센텀시티18,38지점",유,8,11,90,129.1272936,35.17243545
253,해운대구,우동,0,1488,센텀시티19지점,유,8,16,123,129.1323656,35.17128655
254,해운대구,우동,0,1488,센텀시티19지점,유,6,17,103,129.1325772,35.17104331
251,해운대구,우동,0,1514,센텀시티28지점,유,9,13,92,129.1323868,35.16702968
252,해운대구,우동,0,1515,센텀시티28지점,유,8,11,89,129.1326644,35.16714963
250,해운대구,우동,0,1514,센텀시티29지점,유,8,11,89,129.1313177,35.16658493
283,해운대구,재송동,0,1494,"센텀시티34,35지점",유,4,4,16,129.1241862,35.17365936
284,해운대구,재송동,0,1494,"센텀시티34,35지점",유,11,14,119,129.1238642,35.17380501
285,해운대구,재송동,0,1494,"센텀시티34,35지점",유,6,13,84,129.1240586,35.17361794
286,해운대구,재송동,0,1494,"센텀시티34,35지점",유,6,12,76,129.1241017,35.17373683
277,해운대구,우동,0,1494,센텀시티36지점,유,9,18,89,129.1279727,35.16897504
278,해운대구,우동,0,1494,센텀시티36지점,유,9,15,132,129.1271306,35.16996965
279,해운대구,우동,0,1494,센텀시티36지점,유,13,19,156,129.1268373,35.17001563
280,해운대구,우동,0,1494,센텀시티36지점,유,12,17,144,129.127069,35.16975394
281,해운대구,우동,0,1494,센텀시티36지점,유,9,18,150,129.127683,35.16901291
282,해운대구,우동,0,1494,센텀시티36지점,유,21,16,225,129.1279047,35.16880543
274,해운대구,우동,0,1493,센텀시티37지점(신세계백화점),유,8,11,92,129.1288298,35.17070548
275,해운대구,우동,0,1493,센텀시티37지점(신세계백화점),유,9,19,144,129.1285916,35.17078019
276,해운대구,우동,0,1493,센텀시티37지점(신세계백화점),유,9,17,138,129.1288397,35.17089942
269,해운대구,재송동,0,574-3,센텀시티3지점,유,8,18,144,129.1231927,35.18024581
304,해운대구,우동,0,1497,센텀시티역,유,6,25,160,129.1321483,35.16947749
305,해운대구,우동,0,1497,센텀시티역,유,9,17,105,129.1325489,35.16904264
306,해운대구,우동,0,1498,센텀시티역,유,25,25,324,129.1337608,35.17003639
307,해운대구,우동,0,1498,센텀시티역,유,6,16,97,129.1333339,35.17013921
210,해운대구,우동,0,1488,센텀큐교차로,유,8,14,117,129.131416,35.17250567
211,해운대구,우동,0,1488,센텀큐교차로,유,8,20,162,129.1313887,35.17227715
212,해운대구,우동,0,1488,센텀큐교차로,유,13,20,162,129.1316078,35.17223562
213,해운대구,우동,0,1233-5,센텀큐교차로,유,7,22,132,129.1316393,35.17240777
239,해운대구,재송동,0,677-5,센텀필사거리,유,8,18,140,129.1254679,35.17744727
240,해운대구,재송동,0,677-5,센텀필사거리,유,7,35,209,129.1254724,35.17719829
241,해운대구,재송동,0,677-5,센텀필사거리,유,8,17,133,129.1257805,35.17708407
242,해운대구,재송동,0,677-5,센텀필사거리,유,6,31,183,129.1257786,35.17736079
3236,강서구,대저1동,0,1490-2,소년감별소,유,6,10,61,128.9626377,35.21519584
3237,강서구,대저1동,0,1490-2,소년감별소,유,6,10,59,128.9646723,35.21518263
1575,영도구,대교동2가,0,108-1,소방PB,유,7,24,137,129.0433545,35.09084027
1576,영도구,영선동1가,0,12175,소방PB,유,7,14,84,129.043121,35.08996788
1594,영도구,영선동1가,0,36192,소방PB,유,8,13,84,129.0434385,35.09054965
1595,영도구,영선동1가,0,35827,소방PB,유,6,15,82,129.0436508,35.09097268
1596,영도구,영선동1가,0,45843,소방PB,유,8,13,103,129.0439887,35.09157891
3431,금정구,부곡동,0,650-33,소정교회,유,12,52,248,129.0873956,35.22310213
3432,금정구,부곡동,0,640-15,소정교회,유,9,23,202,129.0876753,35.22331313
3403,금정구,장전동,0,636-72,소정천사거리,유,6,14,84,129.0855671,35.22472042
3404,금정구,장전동,0,636-75,소정천사거리,유,7,22,144,129.0854133,35.2245913
3405,금정구,장전동,0,636-72,소정천사거리,유,6,17,106,129.0855714,35.22438166
3406,금정구,장전동,0,638-51,소정천사거리,유,8,20,148,129.085751,35.22451472
2153,기장군,기장읍,내리,799,솔밭장터,유,21,13,210,129.2066206,35.20037896
1616,영도구,청학동,0,346-5,송강중공업,유,6,16,102,129.0589998,35.09846829
449,해운대구,송정동,0,934,송덕주유소,유,7,23,149,129.2038558,35.18979917
1719,서구,암남동,0,85-28,송도라이프하우스,유,4,8,33,129.0200181,35.07928613
1737,서구,암남동,0,252-17,송도우체국,유,6,14,87,129.0174457,35.07873328
1733,서구,암남동,0,313-2,송도초교,유,5,18,65,129.0162661,35.07790022
1762,서구,암남동,0,313-2,송도초교,유,6,13,80,129.0161248,35.07781062
1763,서구,암남동,0,313-2,송도초교,유,4,12,49,129.0164599,35.07849514
1091,동래구,온천동,0,1406-44,송림약국,유,8,12,98,129.0702943,35.20963024
3194,강서구,대저2동,0,45713,송백마을,유,10,42,428,128.9368839,35.11922405
2974,강서구,죽동동,0,1096-8,송산추어탕,유,11,17,105,128.892224,35.20316067
1220,동래구,사직동,0,45691,송월타월,유,8,17,143,129.0778234,35.19935843
1221,동래구,사직동,0,1,송월타월,유,9,24,212,129.0779969,35.19963741
2742,강서구,송정동,0,1437-79,송정1배수펌프장,유,3,4,13,128.8395736,35.10387233
3025,강서구,송정동,0,1437-79,송정1배수펌프장,유,6,24,150,128.8394301,35.10375428
3026,강서구,송정동,0,1437-79,송정1배수펌프장,유,8,26,197,128.839434,35.10406726
3131,강서구,송정동,0,1750,송정공원,유,17,13,173,128.822189,35.09788094
3132,강서구,송정동,0,1750,송정공원,유,10,33,131,128.8221348,35.09814735
340,해운대구,송정동,내리,28338,송정교,유,7,24,152,129.2059402,35.19750913
328,해운대구,송정동,0,538-1,송정동일주유소,유,6,25,160,129.2025174,35.18696444
422,해운대구,송정동,0,31656,송정송일주유소,유,6,22,130,129.2054247,35.19518967
2736,강서구,송정동,0,1538-1,송정육교밑,유,7,8,43,128.8397373,35.09954469
3049,강서구,송정동,0,1538-1,송정육교밑,유,8,24,195,128.8394388,35.09973078
438,해운대구,송정동,0,201-11,송정초교,유,6,11,61,129.2030563,35.18286524
2737,강서구,송정동,0,1218-8,송정초교(녹산)앞삼거리,유,4,4,15,128.8428106,35.10502229
2829,강서구,송정동,0,1218-8,송정초교(녹산)앞삼거리,유,4,7,29,128.8429291,35.10496149
822,남구,용당동,0,548-9,수목원,유,6,16,95,129.0989386,35.12505791
823,남구,용당동,0,734-1,수목원,유,6,12,71,129.098356,35.12522922
2392,수영구,망미동,0,806-40,수미초교,유,5,6,30,129.1033122,35.17002355
2442,수영구,망미동,0,845,수미초교,유,6,11,67,129.1029573,35.17008999
1640,동구,수정동,0,487-116,수성초교,유,6,7,43,129.043636,35.13444986
2498,수영구,광안동,0,453-20,수영 해운맨션 앞,유,6,17,100,129.1122865,35.16932113
2499,해운대구,우동,0,1301-10,수영1호교,유,6,18,112,129.1250991,35.16572854
2500,수영구,민락동,0,339-1,수영1호교,유,9,31,201,129.1250289,35.16553837
2398,수영구,민락동,0,97,수영2호교(민락),유,8,13,107,129.1294319,35.16015088
223,해운대구,재송동,0,801-17,수영4호교,유,20,21,214,129.1182895,35.18454925
224,해운대구,재송동,0,826-10,수영4호교,유,8,23,131,129.1181124,35.18434861
225,해운대구,재송동,0,826-10,수영4호교,유,23,19,291,129.1184393,35.18418927
226,해운대구,재송동,0,826-10,수영4호교,유,9,29,216,129.1186097,35.18443261
2416,수영구,남천동,0,45876,수영구청,유,4,7,22,129.1110439,35.14592776
2448,수영구,남천동,0,45821,수영구청,유,6,13,114,129.1111005,35.14577326
2449,수영구,남천동,0,45997,수영구청,유,4,8,60,129.1113181,35.14576476
2450,수영구,남천동,0,45997,수영구청,유,6,14,111,129.1112283,35.14593491
2451,수영구,남천동,0,11355,수영구청,유,6,12,86,129.1119802,35.14693343
2441,수영구,수영동,0,489-7,수영동 서경슈퍼앞,유,9,12,74,129.1191274,35.17188425
2443,수영구,수영동,0,501-12,수영동동방볼링장앞,유,6,12,73,129.119769,35.169719
2486,수영구,광안동,0,457-3,수영동양아파트입구,유,6,16,98,129.1106831,35.17042175
110,해운대구,우동,0,1008-5,수영로교회,유,3,13,40,129.1398944,35.16496077
2511,수영구,광안동,0,1070-18,수영로타리,유,6,17,107,129.1141519,35.16804507
2503,수영구,광안동,0,445-2,수영병원,유,8,19,154,129.1167147,35.16785874
174,해운대구,우동,0,1218-11,수영역,유,8,18,108,129.1334225,35.1716845
492,해운대구,우동,0,1213-37,수영역,유,13,27,170,129.1324945,35.17276373
493,해운대구,우동,0,1213-2,수영역,유,8,17,130,129.1321893,35.17273593
494,해운대구,우동,0,1213-2,수영역,유,21,14,215,129.1333966,35.17198945
2407,수영구,수영동,0,436-1,수영현대아파트 102동 앞,유,6,11,60,129.1226768,35.16950618
2480,수영구,수영동,0,436-1,수영현대아파트 102동 앞,유,6,15,93,129.1228738,35.1693983
2601,해운대구,우동,0,1301-10,수영협성르네상스,유,6,23,142,129.1204552,35.17317471
2602,해운대구,우동,0,1301-11,수영협성르네상스,유,6,16,92,129.1212586,35.1720703
1659,동구,수정동,0,1170-10,수정4동사무소,유,6,18,98,129.040993,35.1273807
1671,동구,수정동,0,587-15,수정5동 새마을금고,유,7,11,65,129.0425808,35.13355625
1648,동구,초량동,0,1206,수정교회,유,0,0,0,129.0418674,35.12427737
1649,동구,초량동,0,1206,수정교회,유,0,0,0,129.0418513,35.12411156
1672,동구,수정동,0,1043-27,수정동묘심사앞,유,9,12,73,129.0391518,35.12646369
691,북구,화명동,0,2313,수정역,유,8,18,154,129.008947,35.22374648
1643,동구,좌천동,0,692-13,수정초교,유,5,17,63,129.0469496,35.13089209
1644,동구,좌천동,0,692-13,수정초교,유,7,15,103,129.0468251,35.13101152
2457,수영구,광안동,0,196-1,수협광남지소,유,10,14,114,129.1167133,35.15313392
2458,수영구,광안동,0,196-10,수협광남지소,유,8,14,119,129.116192,35.15244283
2459,수영구,광안동,0,175-1,수협광남지소,유,7,14,94,129.1153429,35.15132944
3044,강서구,녹산동,0,산7-1,수협앞,유,9,21,178,128.8912951,35.11910297
3193,강서구,대저2동,0,24777,순복음강변교회,유,10,43,437,128.9480246,35.13878573
1372,부산진구,양정동,0,399-3,스카이맨션,유,6,9,55,129.0672938,35.17185123
1373,부산진구,양정동,0,376-3,스카이맨션,유,9,9,75,129.0672282,35.17038588
1374,부산진구,양정동,0,376-3,스카이맨션,유,9,13,112,129.0673802,35.17037977
1375,부산진구,양정동,0,409,스카이맨션,유,6,8,48,129.0674679,35.1718467
486,해운대구,우동,0,957-24,승당삼거리,유,26,19,314,129.144506,35.16316205
1844,기장군,기장읍,석산리,770-7,승마훈련소,유,6,23,98,129.2110093,35.21777046
2118,기장군,기장읍,시랑리,100-6,시골밥상,유,6,17,96,129.222901,35.1976477
2096,기장군,기장읍,청강리,416-2,시내버스 공영차고지,유,14,27,225,129.2135841,35.22428062
1870,기장군,기장읍,시랑리,660-17,0,유,6,17,94,129.2220251,35.19619799
1874,기장군,기장읍,시랑리,660-17,0,유,10,17,105,129.2212668,35.19500781
846,남구,대연동,0,867-18,시립박물관후문,유,6,17,109,129.0946065,35.13013673
847,남구,대연동,0,852-15,시립박물관후문,유,7,18,112,129.0964611,35.13012492
1434,부산진구,당감동,0,373-5,시민교회,유,7,16,106,129.0345276,35.16494105
781,남구,용호동,0,895-7,시민여객 회차장,유,6,14,80,129.1126992,35.10399868
2586,부산진구,양정동,0,1422-10,시청앞,유,6,16,91,129.0759729,35.17866832
2588,연제구,연산동,0,1422-10,시청앞,유,4,26,84,129.0760783,35.17883941
2699,부산진구,양정동,0,149-2,시청앞,유,6,31,199,129.0754171,35.17826268
1060,동래구,온천동,0,1758-4,식물원앞,유,6,12,74,129.0781365,35.22505216
3260,동래구,온천동,0,1758-4,식물원앞,유,6,14,88,129.0780411,35.22620438
3392,동래구,온천동,0,45809,식물원앞,유,7,24,125,129.0781997,35.22608788
2268,사상구,감전동,0,174,신감전삼거리,유,7,22,153,128.9689546,35.14515859
3227,강서구,대저1동,0,45709,신덕마을,유,9,39,349,128.9696835,35.20069347
2894,강서구,대저1동,0,2836-13,신덕삼거리,유,14,10,111,128.974453,35.20421533
3228,강서구,대저1동,0,2836-13,신덕삼거리,유,6,8,51,128.9740844,35.20408039
3229,강서구,대저1동,0,2836-13,신덕삼거리,유,9,33,314,128.9744022,35.20388704
553,북구,덕천동,0,462,신도아파트(성진철재상사직결),유,10,7,69,129.0099255,35.21247767
596,북구,덕천동,0,462,신도아파트(성진철재상사직결),유,10,8,71,129.0104429,35.21260659
729,북구,덕천동,0,462,신도아파트(성진철재상사직결),유,6,23,135,129.0100144,35.21311941
730,북구,덕천동,0,462,신도아파트(성진철재상사직결),유,6,10,62,129.0101483,35.2123978
731,북구,덕천동,0,462,신도아파트(성진철재상사직결),유,6,10,61,129.0103146,35.21243972
371,해운대구,좌동,0,1363-8,신도초교 (36),유,7,14,89,129.1664784,35.17056888
372,해운대구,좌동,0,1363-21,신도초교 (36),유,7,14,92,129.1664858,35.16940511
1946,기장군,정관읍,용수리,1347,신동아아파트(정관면 28블럭),유,6,17,106,129.1768149,35.32668024
2166,사상구,덕포동,0,787-6,신라대입구,유,5,50,187,128.9886688,35.16948149
2328,사상구,덕포동,0,787-4,신라대입구,유,9,20,172,128.9884694,35.16984082
2536,연제구,연산동,0,2352,신리PB,유,0,0,0,129.0840659,35.17481007
2660,연제구,연산동,0,2352,신리PB,유,0,0,0,129.0843971,35.17490038
2693,연제구,연산동,0,45766,신리삼거리,유,9,16,134,129.0863261,35.17465783
2694,연제구,연산동,0,1927-18,신리삼거리,유,6,21,114,129.0865405,35.17480311
558,북구,만덕동,0,349-7,신만덕사거리,유,8,29,209,129.0375035,35.20964051
602,북구,만덕동,0,349-7,신만덕사거리,유,6,12,78,129.0376948,35.20944897
604,북구,만덕동,0,301-12,신만덕사거리,유,11,8,69,129.0382339,35.21068101
2256,사상구,모라동,0,1285,신모라사거리,유,8,22,150,128.9910229,35.18588472
934,남구,용당동,0,623-34,신선대부두,유,21,17,182,129.0958803,35.11319048
159,해운대구,우동,0,1495,신세계백화점(센텀시티점),유,8,19,92,129.129661,35.16989347
160,해운대구,우동,0,1495,신세계백화점(센텀시티점),유,6,12,89,129.1293988,35.16999104
1463,부산진구,범천동,0,980-191,신암우리약국,유,6,17,111,129.0533366,35.14895298
1464,부산진구,범천동,0,1261-46,신암우리약국,유,6,16,106,129.0540904,35.14811087
3,사하구,신평동,0,452-5,신익강변타운,유,8,20,162,128.9623057,35.09467774
3475,사하구,신평동,0,452-5,신익강변타운,유,3,10,29,128.9624688,35.09460813
3620,사하구,괴정동,0,1200-7,신익빌라,유,8,11,93,128.9837529,35.09657415
2347,사상구,감전동,0,174,신일전기,유,6,27,165,128.9711662,35.14866817
1759,서구,서대신동1가,0,205-5,신일주유소,유,9,18,155,129.0189937,35.10870073
2250,사상구,주례동,0,45664,신주례LG아파트,유,8,36,212,129.0143614,35.15329787
2102,기장군,철마면,안평리,110-5,신진초교(고촌택지A지점),유,8,32,248,129.1728354,35.2378695
3045,강서구,송정동,0,70,신촌마을입구,유,4,25,99,128.8562492,35.11039961
3046,강서구,송정동,0,70,신촌마을입구,유,8,26,213,128.856477,35.1103072
3631,사하구,신평동,0,647-5,신평2동사무소,유,8,13,106,128.9602719,35.09468437
3690,사하구,신평동,0,472-1,신평공단,유,6,18,110,128.9649807,35.09042275
3691,사하구,신평동,0,466-1,신평공단,유,8,21,162,128.9651926,35.08977725
3489,사하구,신평동,0,665,신평노인복지회관,유,5,12,53,128.9600169,35.09610115
3630,사하구,신평동,0,665,신평노인복지회관,유,6,14,88,128.9602045,35.0962592
3457,사하구,신평동,0,79-22,신평사거리(삼진냉장),유,8,21,102,128.972891,35.09083768
3541,사하구,신평동,0,79-17,신평사거리(삼진냉장),유,5,12,52,128.9732958,35.09086424
3652,사하구,신평동,0,79-22,신평사거리(삼진냉장),유,8,14,105,128.9730221,35.09098765
3738,사하구,괴정동,0,550-32,신평입구삼거리,유,5,14,62,128.9867797,35.09895159
3739,사하구,괴정동,0,550-65,신평입구삼거리,유,6,23,150,128.9871184,35.09910902
3653,사하구,신평동,0,0,신평초교,유,0,0,0,128.972408,35.09295863
3654,사하구,신평동,0,0,신평초교,유,0,0,0,128.972257,35.09300543
3655,사하구,신평동,0,262-7,신평초교,유,6,15,94,128.9733027,35.09292417
3656,사하구,신평동,0,458-47,신평초교,유,6,14,89,128.9736373,35.09325427
1598,영도구,청학동,0,45687,신한기공사,유,7,15,98,129.0646264,35.09418397
1618,영도구,청학동,0,20-23,신한기공사,유,6,13,83,129.0639312,35.09524251
1619,영도구,청학동,0,45796,신한기공사,유,7,13,91,129.0640528,35.0953649
3015,강서구,신호동,0,311-8,신호공단3-11지점,유,7,13,88,128.8751331,35.08132626
3019,강서구,신호동,0,303,신호공단3-1지점,유,8,20,165,128.8729991,35.08770064
3017,강서구,신호동,0,303,신호공단3-4지점,유,8,20,168,128.8729993,35.08543817
3018,강서구,신호동,0,303,신호공단3-4지점,유,8,21,173,128.8730011,35.08590573
3016,강서구,신호동,0,303,신호공단3-9지점,유,6,20,125,128.8730032,35.08237624
3029,강서구,신호동,0,205-2,신호지방산업단지(3),유,8,13,108,128.8819639,35.08720779
3030,강서구,신호동,0,205-2,신호지방산업단지(3),유,8,13,113,128.8819675,35.08764749
2739,강서구,신호동,0,245-1,신호지방산업단지(5),유,5,6,32,128.8817607,35.08333382
3032,강서구,신호동,0,245-15,신호지방산업단지(5),유,8,13,106,128.8819674,35.08349026
3033,강서구,신호동,0,293,신호지방산업단지(6),유,9,13,109,128.8819651,35.08545834
3034,강서구,신호동,0,293,신호지방산업단지(6),유,8,13,110,128.8819654,35.08590827
3028,강서구,신호동,0,257,신호지방산업단지(9),유,8,13,109,128.8772569,35.08132627
2244,사상구,주례동,0,970,신화빌라,유,7,21,159,128.9968722,35.15425852
3282,금정구,부곡동,0,65-33,쌍용아파트주변,유,8,26,146,129.0904348,35.23959142
3320,금정구,부곡동,0,65-33,쌍용아파트주변,유,7,18,106,129.0897512,35.23963531
1754,서구,아미동2가,0,271-1,아미시장,유,11,18,188,129.0176245,35.0998722
1755,서구,아미동2가,0,271-1,아미시장,유,6,15,94,129.0183753,35.09982589
1722,서구,아미동2가,0,271-1,아미초등학교,유,6,8,53,129.0169227,35.09803572
2794,강서구,미음동,0,1663-2,아성다이소물류창고,유,0,0,0,128.8725532,35.14452814
2795,강서구,미음동,0,1663-2,아성다이소물류창고,유,0,0,0,128.8724053,35.14467148
106,해운대구,반여동,0,1646,아세안 선수촌 단지내(2),유,7,17,101,129.1224348,35.20396654
67,해운대구,반여동,0,1244-3,아세안 선수촌 단지내(3) (신촌주유소),유,6,13,76,129.1257585,35.20505799
115,해운대구,반여동,0,1649,아세안 선수촌 단지내(6),유,6,7,44,129.1227849,35.19898063
308,해운대구,반여동,0,1649,아세안 선수촌 단지내(6),유,10,11,93,129.1228949,35.19888066
309,해운대구,반여동,0,1649,아세안 선수촌 단지내(6),유,14,9,102,129.1229295,35.19905072
310,해운대구,반여동,0,산184-1,아세안 선수촌 단지내(6),유,7,17,106,129.1231305,35.2001025
311,해운대구,반여동,0,산184-1,아세안 선수촌 단지내(6),유,8,14,111,129.1231693,35.20032415
1726,서구,암남동,0,산 100-2,아시아냉장,유,7,15,98,129.0094129,35.06839396
1727,서구,암남동,0,633-13,아시아냉장,유,7,15,99,129.0090416,35.06850268
1020,동래구,안락동,0,151-88,안남초교,유,6,11,62,129.1078243,35.19229074
1148,동래구,안락동,0,151-74,안남초교,유,8,27,209,129.1076715,35.19245237
1081,동래구,안락동,0,447-9,안락1동 부산은행,유,5,12,57,129.1044143,35.19949273
1082,동래구,안락동,0,449-44,안락1동 부산은행,유,6,14,86,129.1045853,35.19946986
1188,동래구,낙민동,0,750-4,안락로타리,유,6,33,201,129.0963356,35.1983581
1189,동래구,낙민동,0,422-51,안락로타리,유,6,23,125,129.0963738,35.19812545
1190,동래구,안락동,0,423-13,안락로타리,유,6,32,187,129.0967539,35.19824607
1191,동래구,안락동,0,748-11,안락로타리,유,6,19,118,129.0970533,35.19891029
1039,동래구,안락동,0,628-65,안락복개성심약국,유,7,12,70,129.1017878,35.19350308
1073,동래구,안락동,0,628-65,안락복개성심약국,유,7,9,55,129.1016974,35.19366935
1177,동래구,명장동,0,29-45,안락삼성아파트,유,10,15,95,129.0995729,35.20270237
1021,동래구,안락동,0,1242,안락주공205동,유,4,11,44,129.108472,35.19412046
1022,동래구,안락동,0,1242,안락주공205동,유,4,10,41,129.1087696,35.19404296
1149,동래구,안락동,0,1242,안락주공205동,유,8,21,171,129.1086991,35.19420009
1077,동래구,안락동,0,142-23,안락주공아파트,유,9,10,76,129.1061784,35.19173394
1040,동래구,안락동,0,469-53,안락천경정비공장입구,유,6,8,50,129.1124169,35.19880458
1041,동래구,안락동,0,471-54,안락천경정비공장입구,유,6,9,55,129.1124248,35.19905616
1042,동래구,안락동,0,468-28,안락천경정비공장입구,유,7,12,75,129.1122814,35.19894306
1102,동래구,명장동,0,140-49,안락초교,유,4,10,39,129.1044283,35.20151544
1070,동래구,안락동,0,440-43,안락초교입구,유,6,11,72,129.1027912,35.19987624
1057,동래구,안락동,0,15-94,안락현대I파크,유,6,12,70,129.1134354,35.19913749
1080,동래구,낙민동,0,82-14,"안민초교후문앞,정문앞직결",유,6,7,43,129.0935766,35.19441215
1455,부산진구,부암동,0,878-4,안산의원,유,14,35,361,129.0501553,35.15993952
1890,기장군,철마면,안평리,415-6,안평삼거리,유,3,11,33,129.1798233,35.24644598
2104,기장군,철마면,안평리,415-6,안평삼거리,유,6,21,126,129.1798062,35.24630343
1767,서구,암남동,0,93,암남동사무소,유,6,12,75,129.0211127,35.07938186
1768,서구,암남동,0,93,암남동사무소,유,6,12,73,129.0211071,35.07959475
1764,서구,암남동,0,678-4,약수탕,유,8,27,216,129.0177957,35.07956678
194,해운대구,좌동,0,1394,양운고교,유,4,12,47,129.1696306,35.1779851
366,해운대구,좌동,0,1373,양운중학교 (39),유,4,14,54,129.1681048,35.17510687
367,해운대구,좌동,0,1373,양운중학교 (39),유,6,14,82,129.1683263,35.17530923
101,해운대구,좌동,0,1368-7,양운초교입구,유,6,13,103,129.1675279,35.17366103
368,해운대구,좌동,0,1368-7,양운초교입구,유,7,20,126,129.1673148,35.17357409
369,해운대구,좌동,0,1368-7,양운초교입구,유,4,19,74,129.1673698,35.17384455
1382,부산진구,양정동,0,263-10,양정2PB앞,유,6,23,150,129.0734853,35.17580424
1383,부산진구,양정동,0,213-2,양정2PB앞,유,9,24,217,129.0737049,35.17608489
1377,부산진구,양정동,0,138-33,양정2동사무소,유,9,15,139,129.0750426,35.17440302
706,북구,구포동,0,976-2,어린이교통공원입구,유,8,27,224,128.9996319,35.20033836
2227,사상구,엄궁동,0,642-2,엄궁농협화훼단지,유,6,12,77,128.9651575,35.1321156
2354,사상구,학장동,0,576-1,엄궁대교,유,10,23,225,128.9715875,35.13379918
2229,사상구,엄궁동,0,689,엄궁동 한신2차아파트앞,유,8,13,109,128.9706378,35.12422491
2266,사상구,엄궁동,0,618-22,엄궁동사무소,유,8,23,188,128.9705473,35.12926169
2219,사상구,엄궁동,0,571-4,엄궁삼거리,유,7,8,50,128.9722353,35.13092405
2355,사상구,엄궁동,0,571-4,엄궁삼거리,유,8,22,186,128.9718782,35.13092164
2356,사상구,엄궁동,0,571-4,엄궁삼거리,유,6,21,125,128.9720297,35.13133993
2163,사상구,학장동,0,45967,엄궁아파트(성황리마트앞),유,6,13,93,128.9758107,35.136217
2164,사상구,학장동,0,752-17,엄궁아파트(성황리마트앞),유,6,14,82,128.9760303,35.1364342
2165,사상구,학장동,0,45814,엄궁아파트(성황리마트앞),유,4,17,70,128.9760236,35.13629591
2317,사상구,엄궁동,0,141-14,엄궁아파트단지,유,8,26,214,128.9665514,35.12462397
2353,사상구,감전동,0,507-8,엄궁정비,유,9,24,203,128.970922,35.13734316
2248,사상구,엄궁동,0,726,엄궁제일유치원 주변,유,5,8,27,128.9758435,35.12491566
2249,사상구,엄궁동,0,726,엄궁제일유치원 주변,유,5,8,41,128.9765458,35.12553406
2232,사상구,엄궁동,0,35-14,엄궁초교후문앞,유,4,10,46,128.9743448,35.12976895
3729,사하구,하단동,0,506-14,에덴공원,유,8,24,188,128.9655026,35.11070982
3730,사하구,하단동,0,509-23,에덴공원,유,8,24,188,128.9664794,35.10921611
3731,사하구,하단동,0,529-14,에덴공원,유,6,23,141,128.9673457,35.10790262
17,해운대구,중동,0,1829,엘시티앞,유,0,0,0,129.1691892,35.1617913
18,해운대구,중동,0,1829,엘시티앞,유,0,0,0,129.1692737,35.16189573
19,해운대구,중동,0,1829,엘시티앞,유,0,0,0,129.168954,35.16197434
1117,동래구,사직동,0,125-16,여고초교,유,6,12,73,129.0707288,35.19838238
1209,동래구,사직동,0,129-32,여명중학교,유,6,17,107,129.0694201,35.19592939
2678,연제구,연산동,0,343,연동시장,유,7,19,136,129.0935548,35.18899185
2546,연제구,연산동,0,1834-3,연미시장,유,6,28,168,129.0922231,35.17403276
2547,연제구,연산동,0,12663,연미시장,유,6,36,210,129.0921761,35.17380351
2691,연제구,연산동,0,1837-13,연미시장,유,6,16,99,129.09245,35.17388382
2560,연제구,연산동,0,407,연산8PB,유,9,29,99,129.1014093,35.18757256
2561,연제구,연산동,0,402,연산8PB,유,4,8,32,129.1045322,35.1876754
2598,연제구,연산동,0,353-3,연산8PB,유,9,19,165,129.1007586,35.18770775
2599,연제구,연산동,0,398-8,연산8PB,유,8,19,152,129.1023545,35.18771631
2600,연제구,연산동,0,402,연산8PB,유,9,18,161,129.1044145,35.18778521
2590,연제구,연산동,0,25720,연산경찰서,유,14,13,92,129.1070131,35.1830993
2649,연제구,연산동,0,489-42,연산경찰서,유,8,16,124,129.1071294,35.18294165
2697,연제구,연산동,0,746-28,연산로타리,유,6,21,135,129.0821018,35.18545711
2698,연제구,연산동,0,737-16,연산로타리,유,6,13,82,129.0824137,35.18594739
2545,연제구,연산동,0,684-14,연산시장,유,4,5,20,129.085728,35.17633691
2689,연제구,연산동,0,684-14,연산시장,유,8,24,199,129.0851639,35.17809601
2690,연제구,연산동,0,684-14,연산시장,유,7,27,181,129.0858692,35.17646006
2591,연제구,연산동,0,321-4,연산중학교,유,7,9,60,129.087265,35.18576217
2647,연제구,연산동,0,321-4,연산중학교,유,6,13,79,129.0871081,35.18565106
2648,연제구,연산동,0,321-4,연산중학교,유,6,13,78,129.0873826,35.18564765
2538,연제구,연산동,0,1135-33,연산한일아파트,유,6,6,38,129.087249,35.18267824
2558,연제구,연산동,0,1515-6,연서초교,유,4,10,40,129.0868815,35.19027769
2559,연제구,연산동,0,1515-6,연서초교,유,4,25,110,129.0874212,35.19040907
2684,연제구,연산동,0,1515-6,연서초교,유,6,14,89,129.0867617,35.19004949
1030,동래구,낙민동,0,29068,연안교,유,5,24,91,129.0923729,35.19454355
1164,동래구,낙민동,0,45674,연안교,유,7,15,99,129.0918544,35.19420368
1165,동래구,낙민동,0,29068,연안교,유,9,13,91,129.0923883,35.19468885
3809,중구,중앙동5가,0,17-25,연안부두,유,7,9,63,129.0374395,35.10295715
3810,중구,중앙동5가,0,33604,연안부두,유,9,24,196,129.0376294,35.10287631
2635,연제구,연산동,0,372-9,연일중학교,유,6,15,95,129.0971999,35.18563464
2636,연제구,연산동,0,378-4,연일중학교,유,6,15,99,129.0979263,35.18560439
2574,연제구,연산동,0,1023-7,연일초교,유,4,11,27,129.0959286,35.18577757
2575,연제구,연산동,0,1028-2,연일초교,유,5,14,31,129.0961627,35.18560525
2639,연제구,연산동,0,1012-2,연일초교,유,6,14,82,129.0958064,35.18570683
2640,연제구,연산동,0,372-9,연일초교,유,6,13,82,129.0963262,35.18568901
2695,연제구,연산동,0,844-5,연제구청,유,9,16,136,129.0816482,35.17528471
2624,연제구,연산동,0,482-2,연제예식장입구,유,6,13,79,129.1080149,35.18450045
2625,연제구,연산동,0,476-32,연제예식장입구,유,7,13,81,129.1090923,35.18449857
1228,부산진구,연지동,0,350-1,연지 자이2차아파트 201동 앞,유,4,12,46,129.0487976,35.17360719
1229,부산진구,연지동,0,350-1,연지 자이2차아파트 201동 앞,유,4,9,34,129.048841,35.17376155
1360,부산진구,연지동,0,350-1,연지 자이2차아파트 201동 앞,유,6,9,52,129.0491741,35.17380094
1230,부산진구,연지동,0,350-1,연지 자이2차아파트 207동 앞,유,4,13,54,129.0485562,35.17194404
1232,부산진구,연지동,0,350-1,연지 자이2차아파트 207동 앞,유,7,29,81,129.0485358,35.17182592
1233,부산진구,연지동,0,350-1,연지 자이2차아파트 207동 앞,유,4,13,55,129.0486691,35.17174179
1473,부산진구,연지동,0,219-9,연지로타리,유,6,19,119,129.0550298,35.17185859
1474,부산진구,연지동,0,202-2,연지로타리,유,4,8,33,129.054936,35.17079481
1475,부산진구,연지동,0,202-2,연지로타리,유,9,35,321,129.055092,35.17053851
1476,부산진구,연지동,0,202-2,연지로타리,유,9,15,123,129.0552057,35.17081992
1391,부산진구,연지동,0,45767,연지수명약국,유,6,16,98,129.0547958,35.17445106
1392,부산진구,연지동,0,219-16,연지수명약국,유,6,16,99,129.0548836,35.17349151
1426,부산진구,연지동,0,1,연지한신타워입구,유,6,16,98,129.0545744,35.17624254
2570,연제구,연산동,0,45717,연천중학,유,4,10,43,129.1023585,35.18429489
2579,연제구,연산동,0,45717,연천중학,유,4,8,30,129.1024649,35.18436998
2641,연제구,연산동,0,272,연천초교앞,유,6,14,83,129.1011762,35.18562411
769,남구,대연동,0,1593-5,연포초교,유,14,11,124,129.0821765,35.13829692
770,남구,대연동,0,1792,연포초교,유,10,13,90,129.0833561,35.13821884
771,남구,대연동,0,1792,연포초교,유,11,8,83,129.0810408,35.13860008
2100,기장군,기장읍,연화리,412,연화리입구(동부산관광로),유,8,17,135,129.2221425,35.21138096
2101,기장군,기장읍,연화리,412,연화리입구(동부산관광로),유,6,15,89,129.2219489,35.21147113
3195,강서구,대저2동,0,15008,염막마을,유,10,42,430,128.940089,35.12428379
3192,강서구,대저2동,0,14763,염막부락입구,유,10,42,434,128.9456824,35.13415817
169,해운대구,좌동,0,1318,"영남아파트(6),(7)직결",유,4,13,81,129.1826499,35.16695542
170,해운대구,좌동,0,1318,"영남아파트(6),(7)직결",유,6,12,97,129.182126,35.1671122
411,해운대구,좌동,0,1318,"영남아파트(6),(7)직결",유,6,17,103,129.1822911,35.16686635
412,해운대구,좌동,0,1318,"영남아파트(6),(7)직결",유,6,17,103,129.1824461,35.16722822
945,남구,용호동,0,430-2,영남제분,유,8,27,208,129.105416,35.12985534
946,남구,용호동,0,598-26,영남제분,유,5,9,40,129.1053476,35.12969358
947,남구,용호동,0,598-26,영남제분,유,6,15,80,129.1055491,35.1295247
948,남구,용호동,0,598-6,영남제분,유,6,8,47,129.10562,35.12934041
949,남구,용호동,0,178-12,영남제분,유,6,9,54,129.1062234,35.12958471
950,남구,용호동,0,598-64,영남제분,유,7,16,115,129.1058687,35.12972242
951,남구,용호동,0,430-2,영남제분,유,7,12,77,129.1056625,35.12989867
3531,사하구,장림동,0,287-23,영남중학,유,5,34,170,128.977339,35.07767233
3686,사하구,장림동,0,287-23,영남중학,유,6,18,106,128.9771839,35.07778059
1541,영도구,남항동2가,0,280,영도 한전앞,유,4,23,90,129.0355337,35.08802176
1542,영도구,남항동2가,0,280,영도 한전앞,유,6,16,95,129.0357156,35.08811567
1543,영도구,남항동2가,0,282,영도 한전앞,유,6,12,71,129.0351778,35.0870882
1544,영도구,남항동2가,0,282,영도 한전앞,유,6,12,71,129.0355626,35.08779649
1638,영도구,대교동1가,0,59,영도경찰서,유,8,19,151,129.0371941,35.09348435
1583,영도구,청학동,0,62-91,영도구청,유,6,20,112,129.0675994,35.08998128
1530,영도구,동삼동,0,1137-2,영도동삼교회,유,7,19,89,129.0746494,35.07331852
1567,영도구,동삼동,0,201-28,영도미창석유앞,유,8,19,145,129.0757059,35.08571521
1580,영도구,영선동4가,0,176-20,영도서원유통앞,유,6,7,45,129.0425507,35.08244137
1584,영도구,봉래동2가,0,189-2,영도아람마트,유,7,19,106,129.0450483,35.09604794
1556,영도구,영선동4가,0,178-12,영도여상,유,7,8,61,129.0414073,35.08187855
1523,영도구,대교동1가,0,130-4,영도전화국,유,7,14,87,129.0376053,35.09148796
1585,영도구,신선동1가,0,36281,영도초등학교,유,5,9,40,129.0449257,35.08975715
1586,영도구,신선동1가,0,36192,영도초등학교,유,7,17,79,129.0450308,35.08982061
1587,영도구,신선동1가,0,93,영도초등학교,유,4,14,54,129.0449937,35.08992275
1571,영도구,동삼동,0,254-37,영도하수종말처리장 후문,유,6,15,87,129.0772686,35.08378782
1809,중구,보수동3가,0,84,영락교회,유,6,16,100,129.0210123,35.10331098
1810,중구,보수동3가,0,84,영락교회,유,6,20,127,129.0212037,35.10314708
1811,중구,보수동3가,0,84,영락교회,유,7,16,107,129.021496,35.10328857
1812,중구,보수동3가,0,84,영락교회,유,10,26,206,129.0212519,35.10346527
1588,영도구,영선동2가,0,142-1,영선2동사무소,유,7,13,85,129.0414995,35.08694981
1625,영도구,영선동3가,0,16438,영선로타리,유,6,15,96,129.0408496,35.0859569
1626,영도구,영선동3가,0,44,영선로타리,유,6,9,41,129.0409157,35.08611214
1577,영도구,영선동2가,0,20,영선초교,유,6,14,86,129.0422372,35.08832491
1578,영도구,남항동1가,0,45676,영선초교,유,7,28,158,129.0420545,35.08820801
1579,영도구,영선동2가,0,45676,영선초교,유,8,13,101,129.0420672,35.08800327
1581,영도구,영선동2가,0,45678,영선초교,유,12,9,90,129.0423579,35.08809849
3774,중구,대창동2가,0,747-1,영주로타리,유,4,7,29,129.037955,35.11223928
3775,중구,대창동2가,0,747-1,영주로타리,유,6,28,178,129.0379306,35.11205404
3776,중구,대창동2가,0,45961,영주로타리,유,6,28,172,129.0381186,35.11180864
3746,중구,영주동,0,160,영주어린이집,유,7,9,58,129.0294541,35.11172415
2087,기장군,정관읍,달산리,1051-1,예림리 대송테크주변,유,9,26,203,129.1798775,35.31663771
2088,기장군,정관읍,달산리,1051-1,예림리 대송테크주변,유,8,17,89,129.180014,35.31646643
2089,기장군,정관읍,달산리,1051-1,예림리 대송테크주변,유,9,22,180,129.1802332,35.31660587
2090,기장군,정관읍,달산리,1037-1,예림리 대송테크주변,유,10,13,95,129.180068,35.31678445
3291,금정구,구서동,0,1001-24,예비군훈련장,유,14,8,106,129.0877279,35.260714
3292,금정구,구서동,0,132-20,예비군훈련장,유,12,8,80,129.0877477,35.26097641
3379,금정구,구서동,0,132-20,예비군훈련장,유,7,19,111,129.0876055,35.26087012
3380,금정구,구서동,0,1001-30,예비군훈련장,유,7,13,90,129.0878411,35.26084348
1661,동구,범일동,0,949,예식장사거리,유,7,14,92,129.060753,35.13903787
1685,동구,범일동,0,830-123,예식장사거리,유,10,31,238,129.0617709,35.13928193
1686,동구,범일동,0,830-63,예식장사거리,유,9,24,220,129.0620703,35.13897198
786,남구,용호동,0,951,오륙도중학교,유,4,18,73,129.1155429,35.10258459
787,남구,용호동,0,951,오륙도중학교,유,6,18,108,129.1156706,35.10270461
785,남구,용호동,0,951,오륙도초등학교,유,4,7,27,129.1157673,35.10448765
3600,사하구,감천동,0,695,오복식품,유,9,32,288,128.998466,35.08828656
415,해운대구,중동,0,784-1,오산교회(3),유,8,21,157,129.1758853,35.16225512
3493,사하구,괴정동,0,산114-5,오성맨션,유,3,12,40,128.9782049,35.09594814
3658,사하구,괴정동,0,산114-5,오성맨션,유,7,27,171,128.977995,35.0962528
3659,사하구,괴정동,0,산114-5,오성맨션,유,6,17,102,128.9782545,35.09612751
2295,사상구,덕포동,0,426-44,오약국,유,6,14,89,128.9824309,35.16944982
2296,사상구,덕포동,0,428-7,오약국,유,6,13,79,128.9821743,35.16855989
2297,사상구,덕포동,0,749-2,오약국,유,7,13,83,128.9833427,35.17218787
2298,사상구,덕포동,0,749-2,오약국,유,6,12,77,128.9830579,35.17146769
2299,사상구,덕포동,0,749-2,오약국,유,6,13,82,128.9827559,35.17055092
2664,연제구,연산동,0,2220,오양아파트,유,7,20,142,129.1072223,35.17756324
2665,수영구,망미동,0,432-19,오양아파트,유,8,19,145,129.1073824,35.17620506
2334,사상구,삼락동,0,19299,옥림탕,유,9,26,231,128.9857391,35.19521606
1050,동래구,온천동,0,173-10,온천1PB,유,10,14,137,129.0826351,35.21892083
1051,동래구,온천동,0,173-10,온천1PB,유,10,13,103,129.0826875,35.21866619
1052,동래구,온천동,0,173-10,온천1PB,유,13,20,169,129.0824486,35.21859675
1109,동래구,온천동,0,456-17,온천1동 신화타워상가앞,유,7,12,66,129.0792181,35.21412008
1058,동래구,온천동,0,1470,온천2동사무소,유,6,5,29,129.0727255,35.20774362
1104,동래구,사직동,0,1486,온천3동금강초교후문앞,유,4,4,16,129.0635305,35.20250697
1127,동래구,사직동,0,1486,온천3동금강초교후문앞,유,4,6,26,129.0636437,35.20266676
1024,동래구,명륜동,0,2-77,온천로타리,유,17,17,166,129.084619,35.21805717
1214,동래구,명륜동,0,2-77,온천로타리,유,9,26,211,129.0843462,35.21798676
1215,동래구,명륜동,0,172-35,온천로타리,유,8,23,197,129.0846369,35.21833689
1113,동래구,명륜동,0,2-77,온천입구4거리,유,7,14,99,129.085986,35.21717203
1136,동래구,명륜동,0,2-77,온천입구4거리,유,20,20,126,129.0860828,35.21713386
3272,동래구,명륜동,0,754-0,온천입구4거리,유,6,13,79,129.0862119,35.21731681
3341,금정구,부곡동,0,873-73,온천입구-부곡시장,유,7,10,66,129.0873919,35.21854054
3342,금정구,부곡동,0,395-1,온천입구-부곡시장,유,4,11,45,129.0878605,35.21952917
3308,동래구,온천동,0,153-10,온천장소방서(허브스카이),유,6,20,122,129.0851966,35.22218441
1094,동래구,온천동,0,850-48,온천초교,유,7,13,83,129.072822,35.21266318
1096,동래구,온천동,0,850-73,온천초교,유,8,12,99,129.073144,35.21209537
470,해운대구,우동,0,산162-2,올림픽동산,유,7,21,139,129.1313656,35.16482351
471,해운대구,우동,0,1291-35,올림픽동산,유,19,13,161,129.1318036,35.16402198
472,해운대구,우동,0,1413-1,올림픽동산,유,20,11,167,129.1331098,35.16318289
473,해운대구,우동,0,1413-1,올림픽동산,유,25,14,236,129.1329397,35.16350644
119,해운대구,우동,0,1124-36,올림픽사거리,유,7,32,174,129.1389034,35.1693221
487,해운대구,우동,0,1185-99,올림픽사거리,유,14,26,232,129.1385052,35.16882017
488,해운대구,우동,0,1127-36,올림픽사거리,유,5,10,43,129.1388771,35.16843784
489,해운대구,우동,0,1124-36,올림픽사거리,유,8,14,110,129.1387518,35.16857242
421,해운대구,석대동,0,45658,옹기골마을,유,6,23,135,129.1439985,35.22168969
1825,서구,토성동5가,0,35-14,완월로타리,유,8,28,176,129.02242,35.09657952
1826,서구,토성동5가,0,45846,완월로타리,유,7,21,145,129.0231647,35.09657195
84,해운대구,반여동,0,1405-37,왕자맨션,유,7,11,87,129.1185031,35.19618878
117,해운대구,반여동,0,1364-10,왕자맨션,유,4,7,36,129.118342,35.19607617
321,해운대구,반여동,0,1486-40,왕자맨션,유,6,16,101,129.118554,35.19406404
322,해운대구,반여동,0,1486-40,왕자맨션,유,8,14,96,129.1190392,35.19437894
468,해운대구,우동,0,1007-7,요트경기장,유,10,19,101,129.1401552,35.16236649
469,해운대구,우동,0,1007-7,요트경기장,유,10,19,100,129.1405138,35.16206131
2119,기장군,기장읍,시랑리,667-7,용궁사진입도로(국립수산진흥원),유,6,18,107,129.2202795,35.19414129
790,남구,용당동,0,36434,용당 현대 I Park,유,6,16,99,129.0998533,35.11861026
932,남구,용당동,0,168-44,용당CY,유,9,25,209,129.0929837,35.11040376
933,남구,용당동,0,206-39,용당CY,유,8,37,288,129.0928842,35.11072902
805,남구,용호동,0,176-47,용문초교,유,6,13,78,129.1086387,35.12979229
858,남구,대연동,0,20090,용소로타리,유,7,15,90,129.0997963,35.13739037
992,남구,대연동,0,20090,용소로타리,유,6,21,127,129.1000004,35.13733839
993,남구,대연동,0,20090,용소로타리,유,8,18,139,129.1003111,35.13674667
1829,기장군,정관읍,용수리,1363,0,유,6,17,103,129.1687243,35.32829802
1871,기장군,정관읍,용수리,1360,0,유,6,17,99,129.1681231,35.32507119
1872,기장군,정관읍,용수리,1406,0,유,6,18,106,129.1694425,35.32566622
1873,기장군,정관읍,용수리,1384,0,유,7,22,154,129.1693466,35.32738723
832,남구,용호동,0,495-13,용호2동사무소(제일약국),유,6,13,83,129.1110169,35.11465044
833,남구,용호동,0,495-13,용호2동사무소(제일약국),유,6,13,80,129.1110079,35.11480188
869,남구,용호동,0,495-13,용호2동사무소(제일약국),유,3,6,18,129.1109097,35.11472987
774,남구,용호동,0,541-57,용호2파출소,유,4,10,39,129.1108621,35.11306294
870,남구,용호동,0,541-53,용호2파출소,유,7,14,94,129.1110003,35.11317006
777,남구,용호동,0,892-1,용호동 문서보존소 옆,유,4,11,43,129.1173493,35.10803035
866,남구,용호동,0,392-1,용호사거리(부산은행),유,8,10,62,129.1121928,35.11959953
867,남구,용호동,0,393-1,용호사거리(부산은행),유,6,14,93,129.1120354,35.11951261
868,남구,용호동,0,392-1,용호사거리(부산은행),유,8,15,120,129.1120855,35.11977244
864,남구,용호동,0,34001,용호약국,유,8,14,121,129.1123293,35.12233329
865,남구,용호동,0,404-6,용호약국,유,9,14,96,129.112214,35.12122619
863,남구,용호동,0,911-17,용호여중입구,유,8,18,141,129.109246,35.12695407
941,남구,용호동,0,911-14,용호여중입구,유,9,24,203,129.108327,35.12736675
942,남구,용호동,0,206-1,용호여중입구,유,6,24,150,129.1108042,35.1258672
943,남구,용호동,0,196-8,용호여중입구,유,8,26,211,129.109477,35.12654583
3246,강서구,강동동,0,29-167,용화사,유,9,26,219,128.9439835,35.2157953
2396,수영구,민락동,0,14-20,용화여객,유,8,14,114,129.1270304,35.15974781
2397,수영구,민락동,0,316-5,용화여객,유,6,15,90,129.1257158,35.15934103
155,해운대구,우동,0,산139-3,우2동 해림초교앞,유,8,10,56,129.1434367,35.16479499
451,해운대구,우동,0,1084-2,우2동교회,유,14,13,125,129.140745,35.16699585
842,남구,용호동,0,487-6,우리은행(용호지점),유,6,15,92,129.1115253,35.11793152
68,해운대구,반여동,0,1198-1,우방아파트(1),유,7,11,67,129.1167327,35.20284991
69,해운대구,반여동,0,1190-5,우방아파트(1),유,6,17,64,129.1162941,35.20237242
70,해운대구,반여동,0,1502-16,우방아파트(1),유,4,11,43,129.1162736,35.20220163
71,해운대구,반여동,0,1192-3,우방아파트(2),유,7,9,52,129.1160641,35.20432771
72,해운대구,반여동,0,1192-3,우방아파트(2),유,4,19,74,129.1174281,35.20389753
3348,금정구,부곡동,0,235-5,우신아파트,유,4,11,43,129.0914903,35.23333061
3407,금정구,부곡동,0,235-5,우신아파트,유,7,23,164,129.0916606,35.23342595
861,남구,우암동,0,163-7,우암1PB,유,9,19,104,129.0772395,35.12464601
971,남구,우암동,0,164-41,우암1PB,유,7,18,129,129.0761276,35.12457784
972,남구,우암동,0,220,우암1PB,유,9,19,172,129.0775075,35.12451122
970,남구,우암동,0,232,우암부산은행,유,8,21,176,129.0707773,35.12517889
968,남구,우암동,0,189-2005,우암한전,유,8,17,135,129.0676028,35.12703813
969,남구,우암동,0,189-1289,우암한전,유,6,19,121,129.0687403,35.12561342
3632,사하구,신평동,0,370-82,우주염색(염색공단),유,9,13,107,128.9599933,35.09014994
3633,사하구,신평동,0,370-160,우주염색(염색공단),유,7,19,126,128.9602373,35.08994515
3634,사하구,신평동,0,370-160,우주염색(염색공단),유,11,16,171,128.9605091,35.09012486
3635,사하구,신평동,0,370-160,우주염색(염색공단),유,11,13,134,128.9602603,35.09036412
2898,강서구,명지동,0,33970,우진메디칼입구,유,0,0,0,128.9029404,35.09104676
2899,강서구,명지동,0,33970,우진메디칼입구,유,0,0,0,128.9028503,35.09115009
1092,동래구,온천동,0,850-87,우진수퍼,유,9,13,114,129.0707597,35.2108387
345,해운대구,우동,0,552-2,우진여객 (스펀지앞),유,9,24,206,129.1614072,35.16502099
424,해운대구,반송동,0,333-2,운봉초교,유,6,25,158,129.1532845,35.23213711
425,해운대구,반송동,0,18-24,운봉초교,유,6,25,148,129.1543899,35.23277926
130,해운대구,반송동,0,77,운봉초교(광화탕),유,7,11,71,129.1596408,35.22955542
131,해운대구,반송동,0,93,운봉초교(광화탕),유,4,12,49,129.1596815,35.22942814
871,남구,용호동,0,555-19,운산초교,유,6,12,73,129.1116383,35.10973201
485,해운대구,우동,0,991-3,운촌삼거리,유,18,11,169,129.1493554,35.1606757
329,해운대구,우동,0,804-2,운촌어촌계마을,유,6,12,74,129.1502517,35.15965004
1424,부산진구,초읍동,0,541-1,원당골입구,유,6,16,99,129.0537158,35.17787075
1425,부산진구,초읍동,0,602-18,원당골입구,유,6,16,97,129.0540405,35.17735832
245,해운대구,반여동,0,1476-71,원동 I.C,유,7,41,271,129.1160106,35.19402413
505,해운대구,반여동,0,1476-71,원동IC㈜샤니,유,6,33,209,129.1177673,35.19348722
506,해운대구,반여동,0,1476-71,원동IC㈜샤니,유,7,26,140,129.1180001,35.19360704
1166,동래구,안락동,0,23774,원동교주유소,유,9,23,189,129.1116336,35.1945408
1167,동래구,안락동,0,160-6,원동교주유소,유,20,15,202,129.1128262,35.19441283
1923,기장군,장안읍,길천리,213-1,월내초교앞,유,4,9,28,129.283008,35.32975167
2627,동래구,안락동,0,1081-14,월륜사교차로,유,7,20,100,129.113432,35.18438548
2628,동래구,안락동,0,1171,월륜사교차로,유,7,29,146,129.1137391,35.18426572
2629,동래구,안락동,0,1171,월륜사교차로,유,6,17,78,129.1138692,35.18437716
1247,부산진구,부암동,0,20210,월마트,유,6,10,61,129.0517049,35.16404117
1248,부산진구,부암동,0,20210,월마트,유,4,7,28,129.0516566,35.16429619
2487,해운대구,재송동,0,1005-75,유림상사,유,10,20,131,129.1179138,35.17682886
2529,연제구,거제동,0,714-145,유림아시아드(아파트113),유,5,18,66,129.064104,35.17939315
2530,연제구,거제동,0,714-145,유림아시아드(아파트113),유,4,8,29,129.0643337,35.17965593
2531,연제구,거제동,0,714-145,유림아시아드(아파트113),유,4,8,33,129.0641507,35.17982116
707,북구,구포동,0,산 42-1,유림아파트,유,4,10,38,129.0022379,35.19746546
708,북구,구포동,0,783-14,유림아파트,유,4,7,30,129.0023648,35.19741623
709,북구,구포동,0,882-38,유림아파트,유,8,23,187,129.0025104,35.19731177
830,남구,대연동,0,1023,유엔로타리,유,12,12,112,129.0926607,35.13014485
981,남구,대연동,0,1013-1,유엔로타리,유,8,26,159,129.0919461,35.13015638
982,남구,대연동,0,1013-1,유엔로타리,유,9,21,161,129.0920521,35.12979635
983,남구,대연동,0,1087-5,유엔로타리,유,6,18,108,129.0923178,35.12977653
984,남구,대연동,0,1013-1,유엔로타리,유,8,25,158,129.0921038,35.13032182
963,남구,대연동,0,202-17,유진화학,유,8,33,272,129.0978337,35.1454171
495,해운대구,재송동,0,648-3,유창맨션,유,6,14,87,129.1260806,35.17909173
496,해운대구,재송동,0,672-5,유창맨션,유,12,20,134,129.1268159,35.17791133
497,해운대구,재송동,0,672-5,유창맨션,유,8,15,76,129.1269507,35.17775218
737,북구,금곡동,0,1885,율리마을,유,8,27,138,129.0127086,35.24742941
738,북구,금곡동,0,1224-2,율리마을,유,7,24,168,129.0129471,35.24773208
2875,강서구,대저2동,0,532-26,율만농협창고앞,유,4,9,37,128.9280138,35.17363215
2876,강서구,대저2동,0,532-26,율만농협창고앞,유,4,6,23,128.9276928,35.1737107
3569,사하구,감천동,0,789,은광LPG충전소,유,7,15,97,128.9939467,35.08979233
3567,사하구,다대동,0,1116-1,은마주유소,유,6,19,118,128.972047,35.05892455
2141,기장군,기장읍,청강리,250,은성밧데리,유,9,21,181,129.218926,35.23768245
3568,사하구,하단동,0,1193,을숙도초교,유,7,20,131,128.9605735,35.1148327
3494,사하구,다대동,0,1550-3,응봉초교 입구,유,4,5,21,128.9662177,35.05267595
939,남구,용호동,0,142-1,이기대입구,유,8,24,194,129.1124075,35.12505658
940,남구,용호동,0,17168,이기대입구,유,8,19,150,129.1126522,35.12513765
903,남구,용호동,0,17168,이기대입구(직결),유,8,15,120,129.1125042,35.12418685
1339,동구,범일동,0,830-110,이지벨(조방앞),유,4,14,56,129.0621851,35.1415711
1388,동구,범일동,0,830-114,이지벨(조방앞),유,6,17,106,129.061049,35.14137318
1389,동구,범일동,0,830-156,이지벨(조방앞),유,6,17,110,129.0618687,35.14137905
1390,동구,범일동,0,830-152,이지벨(조방앞),유,7,17,114,129.0624144,35.14138679
1647,동구,범일동,0,830-179,이지벨(조방앞),유,8,20,111,129.0622579,35.14108842
1652,동구,범일동,0,830-179,이지벨(조방앞),유,7,14,95,129.0620152,35.14107332
2120,기장군,기장읍,시랑리,372-1,이천쌀밥집(궁중기장미역),유,6,19,112,129.2157007,35.19144881
1650,동구,초량동,0,1206,이편한세상부산항 상가,유,0,0,0,129.0404121,35.12286515
1651,동구,초량동,0,1206,이편한세상부산항 상가,유,0,0,0,129.0402555,35.12280899
1653,동구,초량동,0,1206,이편한세상부산항 정문,유,0,0,0,0,0
1654,동구,초량동,0,1206,이편한세상부산항 정문,유,0,0,0,129.0404561,35.12425571
312,해운대구,반여동,0,1647,인지초교(인주중학교),유,7,19,118,129.1242827,35.20339041
313,해운대구,반여동,0,1647,인지초교(인주중학교),유,5,17,74,129.1243917,35.20329302
314,해운대구,반여동,0,1647,인지초교(인주중학교),유,7,16,99,129.1243896,35.20318209
315,해운대구,반여동,0,1647,인지초교(인주중학교),유,4,10,42,129.1245678,35.2033426
316,해운대구,반여동,0,1647,인지초교(인주중학교),유,6,15,98,129.1245521,35.20344917
317,해운대구,반여동,0,1647,인지초교(인주중학교),유,4,28,114,129.1244784,35.20335303
1641,동구,수정동,0,1146-11,인창병원후문,유,11,10,99,129.0425047,35.12189057
1646,동구,수정동,0,1146-6,인창병원후문,유,11,10,97,129.0425967,35.12207167
1939,기장군,일광면,화전리,643-12,일광I.C,유,11,19,123,129.2313546,35.27477436
1940,기장군,일광면,화전리,643-12,일광I.C,유,20,30,340,129.2316642,35.27478943
1941,기장군,일광면,화전리,643-12,일광I.C,유,21,30,343,129.2315766,35.2745624
1902,기장군,일광면,삼성리,185-1,일광고가교밑,유,7,16,103,129.2277514,35.2608355
1933,기장군,일광면,삼성리,37-19,일광면사무소입구,유,6,16,101,129.2328429,35.2637913
1934,기장군,일광면,삼성리,672-37,일광면사무소입구,유,6,16,102,129.2330819,35.26456488
1935,기장군,일광면,삼성리,33-26,일광면사무소입구,유,6,17,108,129.233348,35.26541363
1937,기장군,일광면,좌천리,171-14,일광보덕사입구,유,15,22,205,129.2403985,35.30905153
1944,기장군,일광면,이천리,908-24,일광역전삼거리,유,6,15,97,129.2336954,35.26665868
1945,기장군,일광면,이천리,768-5,일광역전삼거리,유,7,17,106,129.2336069,35.26630811
1938,기장군,일광면,청광리,171-9,일광정관부락입구(청광리입구),유,20,14,206,129.2368518,35.29531149
1942,기장군,일광면,화전리,105-1,일광초교,유,19,14,200,129.2327229,35.27971371
1903,기장군,일광면,삼성리,710-1,일광해수욕장입구,유,7,20,127,129.2316656,35.2625768
1904,기장군,일광면,삼성리,672-37,일광해수욕장입구,유,6,17,105,129.2322856,35.26301895
3290,금정구,구서동,0,654-34,일선약국,유,12,6,86,129.0877391,35.25809215
3458,사하구,괴정동,0,335-19,일성관,유,7,18,121,129.0026512,35.10352735
62,해운대구,우동,0,1446,일신아파트(해운대구 우1동 1410-3),유,6,14,81,129.1456586,35.15456249
428,해운대구,반여동,0,1610-18,일신여객,유,6,13,77,129.1314953,35.20000095
1858,기장군,철마면,송정리,1035-17,임기(양산슈퍼),유,4,8,32,129.1148213,35.31232666
3203,강서구,명지동,0,1526-9,임해단지(3)명지동리,유,9,28,238,128.9270319,35.0977877
3204,강서구,명지동,0,1502-9,임해단지(3)명지동리,유,8,28,237,128.92735,35.09883864
3205,강서구,명지동,0,1556,임해단지(3)명지동리,유,9,28,238,128.9278365,35.10046131
3206,강서구,명지동,0,13119,임해단지(4)명지하신입구,유,9,29,263,128.9254194,35.09351804
3202,강서구,명지동,0,30773,임해단지(6)-반감응식,유,8,31,256,128.9183834,35.09049405
2828,강서구,명지동,0,2984-125,임해단지(7)(명지주거단지4지점),유,8,22,175,128.9123018,35.08927668
2895,강서구,명지동,0,3291,임해단지(7)(명지주거단지4지점),유,4,9,35,128.9120604,35.088362
3199,강서구,명지동,0,3291,임해단지(7)(명지주거단지4지점),유,9,33,266,128.9120437,35.08906347
3200,강서구,명지동,0,2984-125,임해단지(7)(명지주거단지4지점),유,6,16,104,128.9122948,35.08874965
3201,강서구,명지동,0,2984-125,임해단지(7)(명지주거단지4지점),유,9,33,253,128.9124986,35.0890495
3780,중구,남포동6가,0,118,자갈치시장,유,8,28,228,129.0254183,35.0969868
3781,중구,부평동2가,0,83,자갈치시장,유,8,45,374,129.0255932,35.09737423
1711,동구,범일동,0,252-767,자성대,유,7,23,155,129.0590831,35.1344413
1712,동구,범일동,0,252-766,자성대,유,7,17,114,129.0591252,35.13416472
1713,동구,범일동,0,252-767,자성대,유,4,20,85,129.0595101,35.13410375
1714,동구,범일동,0,252-767,자성대,유,5,15,45,129.0596503,35.1342006
1715,동구,범일동,0,252-767,자성대,유,6,20,121,129.0596425,35.13443564
1489,동구,범일동,0,830-39,자유시장,유,18,25,445,129.0600793,35.14108422
1490,동구,범일동,0,834-25,자유시장,유,10,18,175,129.060316,35.1413555
2323,사상구,모라동,0,633-1,자유아파트,유,4,11,32,128.9887846,35.18245236
2324,사상구,모라동,0,740-1,자유아파트,유,9,19,159,128.9885328,35.1818561
2325,사상구,모라동,0,633-1,자유아파트,유,8,25,200,128.988576,35.18234883
883,남구,우암동,0,22251,자유아파트107동,유,7,13,91,129.0798264,35.12629183
813,남구,용호동,0,957,자이하이츠 303동앞,유,6,8,38,129.1119902,35.13317792
814,남구,용호동,0,957,자이하이츠 303동앞,유,6,13,75,129.1121342,35.13319543
804,남구,용호동,0,957,자이하이츠 306동앞,유,7,15,86,129.1123453,35.13213284
802,남구,용호동,0,176-8,자이하이츠1지점,유,4,15,59,129.1101744,35.13192624
810,남구,용호동,0,176-8,자이하이츠1지점,유,8,26,101,129.1103281,35.13172488
811,남구,용호동,0,176-8,자이하이츠1지점,유,4,12,66,129.1105785,35.1316701
3387,금정구,노포동,0,1119-13,작장마을앞,유,6,20,123,129.0915312,35.28318375
3215,강서구,대저2동,0,17349,작지마을,유,10,39,396,128.9502199,35.14337021
145,해운대구,중동,0,1755-2,장군관사입구(27),유,5,13,62,129.16727,35.16793422
183,해운대구,중동,0,1363-9,장군관사입구(27),유,4,8,44,129.1669596,35.16774554
375,해운대구,중동,0,1363-9,장군관사입구(27),유,7,15,91,129.1670355,35.16796762
3445,사하구,장림동,0,525-18,장림 강남아파트 앞,유,6,14,81,128.9732174,35.06964245
3495,사하구,장림동,0,1116,장림1동사무소,유,2,4,9,128.9667975,35.0824777
3496,사하구,장림동,0,1137-2,장림1동사무소,유,4,8,32,128.9666831,35.08287682
3582,사하구,장림동,0,1116,장림1동사무소,유,7,17,127,128.9664269,35.08258236
3583,사하구,장림동,0,776,장림1동사무소,유,6,17,97,128.9668454,35.08257378
3439,사하구,장림동,0,604-229,장림2동사무소앞,유,6,12,82,128.9728412,35.07780108
3559,사하구,장림동,0,414-1,장림경희병원주변,유,6,25,149,128.976408,35.07363608
3560,사하구,장림동,0,387,장림경희병원주변,유,4,25,104,128.9765537,35.07436057
3666,사하구,장림동,0,1098,장림도시가스,유,11,14,151,128.95363,35.07809656
3667,사하구,장림동,0,1098,장림도시가스,유,8,10,76,128.9539115,35.07793673
3668,사하구,장림동,0,1098,장림도시가스,유,7,13,84,128.9540714,35.07817282
3645,사하구,장림동,0,1116,장림매립지사거리,유,7,16,105,128.9646953,35.08264435
3646,사하구,장림동,0,1116,장림매립지사거리,유,7,26,170,128.9648631,35.08253996
3647,사하구,장림동,0,1116,장림매립지사거리,유,6,17,108,128.9650456,35.08263615
3648,사하구,장림동,0,1116,장림매립지사거리,유,7,26,164,128.9648793,35.08274565
3553,사하구,장림동,0,340-8,장림삼거리,유,10,11,116,128.976793,35.08061737
3590,사하구,장림동,0,241-2,장림삼거리,유,7,20,138,128.9773254,35.08034934
3499,사하구,장림동,0,325-7,장림시장(중앙약국앞),유,8,13,108,128.9683502,35.08076483
3570,사하구,장림동,0,682-1,장림유수지,유,6,14,87,128.9724253,35.08241167
3497,사하구,장림동,0,30773,장림전화국,유,4,9,35,128.9775296,35.08207461
3498,사하구,장림동,0,185-40,장림전화국,유,6,24,150,128.9776237,35.08240986
3591,사하구,장림동,0,1058,장림전화국,유,7,23,132,128.9771478,35.08232036
3592,사하구,장림동,0,163-40,장림전화국,유,4,27,113,128.9773491,35.08195548
3593,사하구,장림동,0,1075-6,장림전화국,유,4,25,101,128.9773411,35.08242191
3589,사하구,장림동,0,387,장림현대아파트,유,6,20,124,128.9768374,35.07580551
136,해운대구,반여동,0,903-57,장산시장입구,유,9,13,114,129.1229283,35.20772728
137,해운대구,반여동,0,888-3,장산시장입구,유,7,12,80,129.1237958,35.20885361
343,해운대구,반여동,0,777-14,장산시장입구,유,10,26,218,129.121785,35.20967902
397,해운대구,좌동,0,1479-2,장산역(18),유,10,23,197,129.1757595,35.16954879
398,해운대구,좌동,0,1479-2,장산역(18),유,9,25,210,129.1756839,35.16927761
399,해운대구,좌동,0,1479-2,장산역(18),유,9,21,179,129.1759551,35.1692254
400,해운대구,좌동,0,1479-2,장산역(18),유,9,23,196,129.1760116,35.16949384
143,해운대구,중동,0,1479-2,장산역주변,유,6,8,48,129.1763212,35.16842432
180,해운대구,좌동,0,1479-2,장산역주변,유,4,8,30,129.1766293,35.16856852
273,해운대구,중동,0,1479-2,장산역주변,유,13,20,166,129.1765667,35.16835123
73,해운대구,반여동,0,1403-59,장산중학교,유,6,9,54,129.1179983,35.19807781
79,해운대구,반여동,0,1405-39,장산중학교,유,6,10,59,129.1178603,35.19804657
80,해운대구,반여동,0,1403-59,장산중학교,유,6,11,64,129.1180166,35.19796701
81,해운대구,반여동,0,1561,장산중학교,유,6,9,54,129.1178811,35.19793362
82,해운대구,반여동,0,1662,장산중학교,유,4,7,27,129.1181259,35.19803278
74,해운대구,반여동,0,1662,장산초교,유,4,7,28,129.1189938,35.1995214
92,해운대구,반여동,0,1662,장산초교,유,9,11,99,129.1188231,35.19943358
102,해운대구,우동,0,1102-65,장산터널입구,유,4,15,57,129.140133,35.17098636
1929,기장군,장안읍,좌동리,282-3,장안덕산부락(좌동삼거리),유,13,21,179,129.2423064,35.32249207
1857,기장군,장안읍,장안리,489,장안사입구,유,6,8,51,129.2435793,35.37055211
1924,기장군,장안읍,용소리,산185-1,장안용소마을,유,15,12,148,129.2502338,35.34115971
1909,기장군,장안읍,반룡리,846,장안일반산업단지 2공구 S1지점,유,9,24,184,129.2611691,35.32784417
1910,기장군,장안읍,반룡리,838-1,장안일반산업단지 2공구 S1지점,유,13,12,121,129.2611018,35.32760621
1911,기장군,장안읍,반룡리,838-1,장안일반산업단지 2공구 S1지점,유,17,17,192,129.2614057,35.32756418
1912,기장군,장안읍,반룡리,838-1,장안일반산업단지 2공구 S1지점,유,12,15,133,129.2614635,35.32779325
1905,기장군,장안읍,반룡리,843,장안일반산업단지 2공구 S2지점,유,10,24,175,129.2620538,35.32672958
1906,기장군,장안읍,반룡리,843,장안일반산업단지 2공구 S2지점,유,14,13,124,129.2619952,35.32647909
1907,기장군,장안읍,반룡리,843,장안일반산업단지 2공구 S2지점,유,17,14,175,129.2623056,35.32643521
1908,기장군,장안읍,반룡리,843,장안일반산업단지 2공구 S2지점,유,15,10,120,129.2623553,35.32667842
1919,기장군,장안읍,반룡리,518-1,장안일반산업단지 S1점,유,14,20,179,129.2585257,35.33894074
1918,기장군,장안읍,반룡리,산96-3,장안일반산업단지 S2점,유,8,19,143,129.2585032,35.33649124
1917,기장군,장안읍,반룡리,738,장안일반산업단지 S3점,유,8,18,143,129.2584861,35.33300386
1913,기장군,장안읍,반룡리,846,장안일반산업단지 S4점,유,15,20,178,129.2602821,35.3289785
1914,기장군,장안읍,반룡리,846,장안일반산업단지 S4점,유,10,23,155,129.2602192,35.32873381
1915,기장군,장안읍,반룡리,846,장안일반산업단지 S4점,유,14,23,216,129.260517,35.32871536
1916,기장군,장안읍,반룡리,846,장안일반산업단지 S4점,유,18,16,218,129.2606036,35.32892795
1925,기장군,장안읍,좌천리,473-8,장안중고교,유,15,19,165,129.2400945,35.31854897
1926,기장군,장안읍,좌천리,456-1,장안중고교,유,21,24,235,129.2402342,35.31825141
1927,기장군,장안읍,좌천리,456-2,장안중고교,유,22,16,178,129.2405414,35.31830747
1928,기장군,장안읍,좌천리,461-1,장안중고교,유,27,25,246,129.2404074,35.31856816
2912,강서구,봉림동,0,997-1,장유 ~ 가락간 대흥1교차로,유,6,32,191,128.8879985,35.17672452
2913,강서구,봉림동,0,997-1,장유 ~ 가락간 대흥1교차로,유,6,31,189,128.8885408,35.17667098
2910,강서구,봉림동,0,865-13,장유 ~ 가락간 대흥2교차로,유,7,33,208,128.8956403,35.17610319
2911,강서구,봉림동,0,865-13,장유 ~ 가락간 대흥2교차로,유,6,33,201,128.8960064,35.17606734
3261,금정구,장전동,0,713,장전2동사무소(온천화목타운직결),유,7,13,77,129.0822377,35.22551928
3396,금정구,장전동,0,713,장전2동사무소(온천화목타운직결),유,7,21,147,129.0820674,35.22542687
3397,금정구,장전동,0,713,장전2동사무소(온천화목타운직결),유,7,18,120,129.0823758,35.22534824
3279,금정구,부곡동,0,111-8,장전교,유,5,16,68,129.0877592,35.23994174
3280,금정구,부곡동,0,112-4,장전교,유,8,16,97,129.0878907,35.23981908
3313,금정구,부곡동,0,111-8,장전교,유,6,12,77,129.087879,35.24005391
3314,금정구,구서동,0,22920,장전교,유,6,12,72,129.0879193,35.24119051
3262,금정구,장전동,0,713,장전동 장미슈퍼,유,7,12,80,129.0778477,35.22727396
3288,금정구,장전동,0,213-7,장전동어린이놀이터,유,7,8,54,129.0864839,35.23803256
3278,금정구,부곡동,0,213-5,장전역,유,7,12,82,129.0878621,35.23812776
3276,금정구,장전동,0,337-9,장전조흥은행,유,4,13,50,129.0861402,35.22828141
3349,금정구,장전동,0,298-33,장전조흥은행,유,6,9,55,129.0858528,35.22840628
3350,금정구,장전동,0,314-12,장전조흥은행,유,7,12,76,129.0861145,35.22886885
3370,금정구,장전동,0,680-28,장전조흥은행,유,6,11,65,129.0860112,35.22818221
3305,금정구,장전동,0,109-7,장전초교,유,6,9,52,129.0864493,35.24101488
3343,금정구,장전동,0,232-59,장전현대볼링센터,유,7,8,53,129.0862344,35.23561365
339,해운대구,재송동,0,1122,재송2동에덴유치원,유,5,14,64,129.1255673,35.18718075
152,해운대구,재송동,0,179-87,재송동하버드학원,유,9,13,113,129.1232007,35.19301265
346,해운대구,재송동,0,1173,재송여중입구,유,4,11,44,129.1279468,35.19136544
347,해운대구,재송동,0,1149-19,재송여중입구,유,7,10,69,129.1280998,35.19171553
111,해운대구,재송동,0,509-18,재송유치원 진입로,유,7,9,56,129.1265036,35.18302434
434,해운대구,재송동,0,1122,재송초교,유,6,10,59,129.1253926,35.18572341
435,해운대구,재송동,0,1122,재송초교,유,7,14,89,129.1255484,35.18617454
89,해운대구,재송동,0,274-2,재송초교입구,유,6,10,60,129.1262239,35.18453069
1337,부산진구,전포동,0,301-24,전포동 대우자동차,유,8,11,68,129.0682613,35.15762789
1338,부산진구,전포동,0,204-19,전포동 대우자동차,유,6,9,61,129.0682094,35.15795393
1393,부산진구,전포동,0,301-24,전포동 대우자동차,유,4,8,32,129.0679531,35.15779549
1348,부산진구,전포동,0,191-184,전포동우리탕,유,6,13,77,129.0705325,35.16071398
1505,부산진구,전포동,0,868,전포로타리,유,7,15,100,129.0651179,35.15777596
1506,부산진구,전포동,0,868,전포로타리,유,7,18,119,129.0654128,35.15764799
1507,부산진구,전포동,0,868,전포로타리,유,6,12,72,129.0656422,35.15777364
1508,부산진구,전포동,0,868,전포로타리,유,6,14,88,129.065454,35.15809823
1275,부산진구,전포동,0,868,전포초교뒷편,유,6,10,57,129.0623075,35.1594847
1266,부산진구,전포동,0,588-3,전포초교입구,유,6,14,83,129.065149,35.16054409
1267,부산진구,전포동,0,183-8,전포초교입구,유,8,12,74,129.0656755,35.16033727
1509,부산진구,전포동,0,171-1,전포초교입구,유,6,18,112,129.0654006,35.16137862
1510,부산진구,전포동,0,635-5,전포초교입구,유,7,14,91,129.0654339,35.16015659
1511,부산진구,전포동,0,635-5,전포초교입구,유,7,14,92,129.0654262,35.160723
1386,부산진구,전포동,0,164-8,전포한신아파트,유,6,32,197,129.0653476,35.16309525
1603,영도구,동삼동,0,1124-9,절영초교입구,유,8,11,85,129.0620235,35.07168914
1604,영도구,동삼동,0,1124-9,절영초교입구,유,5,10,51,129.0617834,35.07152519
2073,기장군,정관읍,용수리,1346,정관 3-1지점,유,8,18,147,129.1759126,35.32711152
2074,기장군,정관읍,용수리,635-7,정관 3지점,유,7,15,101,129.1742268,35.32780508
2075,기장군,정관읍,용수리,635-7,정관 3지점,유,9,18,145,129.174493,35.32778914
2085,기장군,정관읍,예림리,329-4,정관 LG정유LPG충전소,유,6,15,90,129.2101663,35.32440172
2084,기장군,정관읍,예림리,606-6,정관 LG정유LPG충전소 옆,유,6,13,82,129.2088474,35.3242854
1878,기장군,정관읍,예림리,839-2,정관 세명부동산,유,4,9,39,129.2020931,35.3239903
1840,기장군,정관읍,용수리,248-2,정관6지점,유,7,6,32,129.1791026,35.32888089
1842,기장군,정관읍,용수리,248-2,정관6지점,유,6,12,73,129.1789244,35.3288063
1843,기장군,정관읍,용수리,248-2,정관6지점,유,6,12,73,129.1790195,35.32900955
2062,기장군,정관읍,용수리,1328-7,정관7지점,유,5,11,37,129.1718437,35.32688076
2063,기장군,정관읍,용수리,1346,정관7지점,유,6,17,106,129.1717888,35.32672218
2064,기장군,정관읍,용수리,1328-7,정관7지점,유,4,9,30,129.1719692,35.32667471
2065,기장군,정관읍,용수리,1328-7,정관7지점,유,7,17,106,129.1720144,35.32682639
2095,기장군,정관읍,달산리,1215,정관동원로얄듀크 101동,유,6,17,103,129.1919362,35.3188958
1835,기장군,정관읍,두명리,산88-17,정관백운공원입구,유,5,21,78,129.1587659,35.34751855
2086,기장군,정관읍,예림리,323-15,정관소방 P.B,유,8,13,112,129.2126659,35.32449657
2061,기장군,정관읍,모전리,45682,정관신도시(#1),유,8,25,189,129.1593261,35.34402772
2042,기장군,정관읍,모전리,792,정관신도시(#10),유,8,27,161,129.1657093,35.33397232
2043,기장군,정관읍,모전리,741-5,정관신도시(#10),유,7,25,129,129.1659406,35.33390644
2044,기장군,정관읍,모전리,792,정관신도시(#10),유,7,23,116,129.1655635,35.3337929
2045,기장군,정관읍,모전리,792,정관신도시(#10),유,7,31,164,129.1658132,35.33372291
2041,기장군,정관읍,용수리,586,정관신도시(#13),유,9,23,195,129.1634135,35.33032613
2039,기장군,정관읍,용수리,산120,정관신도시(#14),유,8,28,210,129.1647317,35.32802493
2040,기장군,정관읍,용수리,산120,정관신도시(#14),유,8,27,220,129.164905,35.32776454
2035,기장군,정관읍,용수리,1380,정관신도시(#15),유,7,26,148,129.1680116,35.32949206
2036,기장군,정관읍,용수리,1380,정관신도시(#15),유,6,19,106,129.1678803,35.32928632
2037,기장군,정관읍,용수리,1380,정관신도시(#15),유,7,29,149,129.1681155,35.32925083
2038,기장군,정관읍,용수리,1380,정관신도시(#15),유,7,21,114,129.1682492,35.3294533
2032,기장군,정관읍,용수리,1389,정관신도시(#16),유,9,29,224,129.1670028,35.32474199
2033,기장군,정관읍,용수리,1389,정관신도시(#16),유,7,17,91,129.1672883,35.32471081
2034,기장군,정관읍,용수리,1389,정관신도시(#16),유,9,29,225,129.1671588,35.32450783
2028,기장군,정관읍,용수리,1328-7,정관신도시(#17),유,7,25,156,129.1703173,35.32594092
2029,기장군,정관읍,용수리,1350,정관신도시(#17),유,7,23,130,129.1700948,35.32597605
2030,기장군,정관읍,용수리,1328-7,정관신도시(#17),유,7,20,114,129.1704257,35.32610702
2031,기장군,정관읍,용수리,1329-1,정관신도시(#17),유,7,27,157,129.1702002,35.32614708
2027,기장군,정관읍,매학리,397-14,정관신도시(#18),유,8,23,182,129.1692676,35.32201466
2025,기장군,정관읍,용수리,1334,정관신도시(#19),유,6,17,102,129.1729044,35.32294196
2026,기장군,정관읍,용수리,1334,정관신도시(#19),유,6,17,100,129.1727642,35.32304817
2057,기장군,정관읍,모전리,711,정관신도시(#2),유,9,30,231,129.1601408,35.34246949
2058,기장군,정관읍,모전리,711,정관신도시(#2),유,7,21,101,129.1603762,35.34239364
2059,기장군,정관읍,모전리,711,정관신도시(#2),유,9,29,225,129.160244,35.3422188
2060,기장군,정관읍,모전리,711,정관신도시(#2),유,5,15,49,129.1600136,35.34228989
2023,기장군,정관읍,매학리,166-9,정관신도시(#20),유,9,29,227,129.1724582,35.31942869
2024,기장군,정관읍,매학리,166-9,정관신도시(#20),유,9,31,221,129.1726493,35.31927197
2019,기장군,정관읍,매학리,731,정관신도시(#21),유,7,26,160,129.1747567,35.3218852
2020,기장군,정관읍,매학리,731,정관신도시(#21),유,9,21,150,129.1748299,35.32166038
2021,기장군,정관읍,매학리,731,정관신도시(#21),유,9,27,204,129.1751268,35.32175736
2022,기장군,정관읍,매학리,731,정관신도시(#21),유,7,21,117,129.1750432,35.3219694
2016,기장군,정관읍,달산리,1037-1,정관신도시(#22),유,8,25,168,129.1764734,35.31734399
2017,기장군,정관읍,달산리,1037-1,정관신도시(#22),유,7,20,135,129.1768824,35.3172601
2018,기장군,정관읍,달산리,1037-1,정관신도시(#22),유,6,25,152,129.1767605,35.31745194
2012,기장군,정관읍,달산리,986-3,정관신도시(#23),유,9,27,202,129.1776939,35.31916981
2013,기장군,정관읍,달산리,986-5,정관신도시(#23),유,8,18,113,129.1779922,35.3192513
2014,기장군,정관읍,달산리,986-4,정관신도시(#23),유,9,36,257,129.1778142,35.3194397
2015,기장군,정관읍,달산리,986-2,정관신도시(#23),유,9,19,123,129.1775293,35.31939481
2008,기장군,정관읍,매학리,717-4,정관신도시(#24),유,10,34,230,129.1786394,35.32047741
2009,기장군,정관읍,매학리,717-3,정관신도시(#24),유,12,30,264,129.1785116,35.32070826
2010,기장군,정관읍,매학리,717-3,정관신도시(#24),유,9,27,203,129.1781798,35.32063544
2011,기장군,정관읍,매학리,717-4,정관신도시(#24),유,9,35,261,129.1783402,35.32036463
2004,기장군,정관읍,매학리,780,정관신도시(#25),유,7,28,161,129.1811741,35.31972917
2005,기장군,정관읍,매학리,780,정관신도시(#25),유,7,20,97,129.1810959,35.31989866
2006,기장군,정관읍,매학리,780,정관신도시(#25),유,7,18,96,129.1809151,35.3195766
2007,기장군,정관읍,매학리,780,정관신도시(#25),유,9,30,219,129.1808768,35.31975989
2000,기장군,정관읍,달산리,799,정관신도시(#26),유,7,21,117,129.1840522,35.31961892
2001,기장군,정관읍,달산리,799,정관신도시(#26),유,7,28,150,129.1838741,35.31945232
2002,기장군,정관읍,달산리,799,정관신도시(#26),유,7,31,168,129.1842088,35.31944703
2003,기장군,정관읍,달산리,799,정관신도시(#26),유,7,21,120,129.1840582,35.31927468
1996,기장군,정관읍,달산리,259-13,정관신도시(#28),유,8,18,115,129.1847641,35.32244785
1997,기장군,정관읍,달산리,259-13,정관신도시(#28),유,9,16,92,129.1848632,35.32231771
1998,기장군,정관읍,달산리,259-6,정관신도시(#28),유,5,12,54,129.1845923,35.32239804
1999,기장군,정관읍,달산리,259-13,정관신도시(#28),유,7,20,107,129.1847238,35.32222375
1994,기장군,정관읍,방곡리,295,정관신도시(#29),유,6,15,90,129.185262,35.32375882
1995,기장군,정관읍,방곡리,295,정관신도시(#29),유,8,24,118,129.1850143,35.32365917
2056,기장군,정관읍,모전리,711,정관신도시(#3),유,8,25,193,129.1611756,35.34000931
1990,기장군,정관읍,달산리,1226,정관신도시(#32),유,9,30,204,129.1890564,35.32085596
1991,기장군,정관읍,달산리,1221-5,정관신도시(#32),유,7,17,76,129.188839,35.32089621
1992,기장군,정관읍,달산리,1221-5,정관신도시(#32),유,9,27,198,129.1888673,35.32073852
1993,기장군,정관읍,달산리,1226,정관신도시(#32),유,7,13,66,129.1891089,35.32068662
1986,기장군,정관읍,달산리,1231,정관신도시(#33),유,7,25,125,129.1916537,35.32003673
1987,기장군,정관읍,달산리,1231,정관신도시(#33),유,8,21,87,129.1913704,35.32029764
1988,기장군,정관읍,달산리,1231,정관신도시(#33),유,6,20,115,129.1915225,35.32037097
1989,기장군,정관읍,달산리,1231,정관신도시(#33),유,6,13,73,129.1918032,35.32011724
1981,기장군,정관읍,예림리,404,정관신도시(#34),유,9,22,148,129.1911945,35.32149276
1982,기장군,정관읍,예림리,404,정관신도시(#34),유,9,28,205,129.1910187,35.32161879
1983,기장군,정관읍,예림리,404,정관신도시(#34),유,13,23,211,129.1912827,35.3216831
1984,기장군,정관읍,예림리,404,정관신도시(#34),유,11,19,159,129.1911154,35.32180355
1985,기장군,정관읍,예림리,산97-3,정관신도시(#34),유,9,16,136,129.1924299,35.32202072
1980,기장군,정관읍,예림리,148-11,정관신도시(#35),유,8,16,137,129.1938267,35.3224279
1979,기장군,정관읍,예림리,1028-2,정관신도시(#36),유,7,18,111,129.1965059,35.323202
1977,기장군,정관읍,방곡리,404,정관신도시(#42),유,6,18,103,129.1891259,35.32462985
1978,기장군,정관읍,방곡리,404,정관신도시(#42),유,7,18,105,129.1888605,35.32462831
1976,기장군,정관읍,방곡리,404,정관신도시(#43),유,7,13,84,129.1906627,35.32332911
2053,기장군,정관읍,모전리,715,정관신도시(#5),유,8,29,225,129.1612928,35.33730739
2054,기장군,정관읍,모전리,715,정관신도시(#5),유,6,18,99,129.1615136,35.33716726
2055,기장군,정관읍,모전리,715,정관신도시(#5),유,9,28,229,129.1612804,35.33698836
2051,기장군,정관읍,모전리,721,정관신도시(#6),유,6,19,104,129.16264,35.3371597
2052,기장군,정관읍,모전리,721,정관신도시(#6),유,7,18,103,129.1629323,35.33713521
2049,기장군,정관읍,모전리,730,정관신도시(#8),유,7,23,130,129.1650643,35.33527599
2050,기장군,정관읍,모전리,730,정관신도시(#8),유,7,21,127,129.1651391,35.33509858
2046,기장군,정관읍,모전리,788,정관신도시(#9),유,8,23,195,129.1616117,35.33412208
2047,기장군,정관읍,모전리,산88-7,정관신도시(#9),유,8,28,218,129.1622495,35.33282173
2048,기장군,정관읍,모전리,산88-7,정관신도시(#9),유,8,29,217,129.1623878,35.33251942
2091,기장군,정관읍,달산리,799,정관신도시(A-19BL),유,6,14,86,129.1841431,35.31868499
2080,기장군,정관읍,방곡리,141,정관신도시1지점,유,8,18,140,129.1805872,35.3249576
2081,기장군,정관읍,매학리,141,정관신도시1지점,유,9,28,212,129.1807402,35.32467068
2082,기장군,정관읍,매학리,141,정관신도시1지점,유,7,23,132,129.1809611,35.32473276
2083,기장군,정관읍,방곡리,141,정관신도시1지점,유,8,28,194,129.1808644,35.32498192
2076,기장군,정관읍,매학리,731,정관신도시2지점,유,8,33,244,129.179371,35.32220224
2077,기장군,정관읍,매학리,731,정관신도시2지점,유,7,13,73,129.179218,35.32238457
2078,기장군,정관읍,매학리,731,정관신도시2지점,유,9,32,209,129.179454,35.32238895
2079,기장군,정관읍,매학리,731,정관신도시2지점,유,7,10,57,129.1796832,35.32222224
2069,기장군,정관읍,용수리,203-2,정관신도시4지점,유,10,24,188,129.1777733,35.32622793
2070,기장군,정관읍,용수리,1306,정관신도시4지점,유,6,17,97,129.1777942,35.32602537
2071,기장군,정관읍,용수리,1306,정관신도시4지점,유,8,22,145,129.1780173,35.32612237
2072,기장군,정관읍,용수리,1306,정관신도시4지점,유,6,18,110,129.1779707,35.32631969
2066,기장군,정관읍,매학리,731,정관신도시5지점,유,6,12,73,129.1761894,35.32366794
2067,기장군,정관읍,매학리,731,정관신도시5지점,유,6,9,57,129.1763562,35.32369456
2068,기장군,정관읍,매학리,731,정관신도시5지점,유,7,13,77,129.176282,35.32381084
1948,기장군,정관읍,월평리,321-9,정관월평사거리,유,4,11,37,129.1404238,35.35798761
1949,기장군,정관읍,월평리,140-48,정관월평사거리,유,8,25,200,129.1403265,35.35782682
1950,기장군,정관읍,월평리,140-48,정관월평사거리,유,10,36,257,129.140599,35.35762309
1951,기장군,정관읍,월평리,321-9,정관월평사거리,유,9,23,186,129.1409832,35.35774267
1952,기장군,정관읍,월평리,321-9,정관월평사거리,유,8,38,306,129.1408266,35.35796302
1833,기장군,정관읍,임곡리,542,정관임곡새마을금고,유,8,25,128,129.1368272,35.35308052
1947,기장군,정관읍,임곡리,542,정관임곡새마을금고,유,7,16,100,129.1366405,35.35302021
1975,기장군,정관읍,달산리,1249,정관주공 APT606동,유,6,17,102,129.1870486,35.31967495
1834,기장군,정관읍,용수리,604-20,정관평전마을,유,6,9,56,129.171587,35.33069397
1378,부산진구,연지동,0,478,정묘사앞삼거리,유,8,30,243,129.0613164,35.17418195
2610,연제구,거제동,0,1312-4,정부기록보관소입구,유,9,30,243,129.0564138,35.18746108
3301,금정구,구서동,0,1006-1,정원빌라,유,7,14,85,129.0862939,35.26241636
3287,금정구,장전동,0,116-23,제일김약국,유,7,9,55,129.0864384,35.23981722
3761,중구,남포동6가,0,90,제일로타리,유,7,11,73,129.0281864,35.09789106
3778,중구,남포동6가,0,30317,제일로타리,유,9,26,212,129.0283399,35.09775977
3779,중구,남포동5가,0,89,제일로타리,유,8,25,205,129.0293497,35.09800105
1478,부산진구,전포동,0,575,제일제당,유,6,15,85,129.0624688,35.15041015
1479,부산진구,전포동,0,575,제일제당,유,6,16,92,129.0625994,35.15056318
625,북구,구포동,0,623,제일탕,유,12,7,74,129.0052251,35.20707979
712,북구,구포동,0,610-10,제일탕,유,8,21,168,129.0049242,35.20734053
713,북구,덕천동,0,596-20,제일탕,유,9,21,174,129.0053135,35.20895618
736,북구,금곡동,0,1655-2,조달청부산지청,유,13,19,152,129.0105904,35.2529232
1562,영도구,동삼동,0,478-1,조양맨션 (조양비취맨션),유,8,16,134,129.0710636,35.07209622
1026,동래구,명장동,0,21732,조양맨션(세신실업),유,6,19,109,129.1015468,35.20464862
1176,동래구,명장동,0,59-13,조양맨션(세신실업),유,14,6,89,129.1013318,35.20453555
3436,사하구,장림동,0,317-29,조흥은행(장림지점),유,6,17,117,128.9727131,35.08074531
3438,사하구,장림동,0,317-29,조흥은행(장림지점),유,7,14,85,128.972694,35.08055823
3504,사하구,장림동,0,317-29,조흥은행(장림지점),유,6,11,68,128.972843,35.08065638
35,해운대구,좌동,0,1313,좌동버스종점(24),유,5,11,41,129.1783778,35.17373794
42,해운대구,좌동,0,1313,좌동버스종점(24),유,7,23,131,129.177984,35.17391001
383,해운대구,좌동,0,1313,좌동버스종점(24),유,8,26,211,129.1778156,35.17363843
181,해운대구,좌동,0,1461-6,좌동사무소입구(23),유,7,12,90,129.1758617,35.17298029
182,해운대구,좌동,0,1470,좌동사무소입구(23),유,8,12,101,129.1761179,35.1726139
384,해운대구,좌동,0,1470,좌동사무소입구(23),유,11,22,246,129.175777,35.17271403
385,해운대구,좌동,0,1461-3,좌동사무소입구(23),유,8,23,187,129.1761851,35.17290013
386,해운대구,좌동,0,395-3,좌동사무소입구(23),유,8,23,188,129.1769844,35.1732669
103,해운대구,중동,0,1314-7,좌동지하차도,유,6,20,122,129.1687269,35.16668533
330,해운대구,중동,0,1310-18,좌동지하차도,유,4,17,72,129.1675524,35.16718716
331,해운대구,중동,0,1766-2,좌동지하차도,유,7,19,110,129.1683327,35.16607646
27,해운대구,좌동,0,1299,좌동초교(35),유,12,6,77,129.1759312,35.17615191
190,해운대구,좌동,0,1287,좌동초교(대림2차B상가),유,8,4,33,129.1743514,35.17654785
376,해운대구,좌동,0,1421-1,좌산지하도(26)(26-1)직결,유,9,22,188,129.1827872,35.17597807
377,해운대구,좌동,0,1421-1,좌산지하도(26)(26-1)직결,유,8,23,183,129.1831788,35.17592084
378,해운대구,좌동,0,193-2,좌산지하도(26)(26-1)직결,유,15,29,224,129.1832489,35.17615082
409,해운대구,좌동,0,1318,좌산초교입구(9),유,5,18,77,129.1828269,35.16819815
410,해운대구,좌동,0,1439,좌산초교입구(9),유,6,20,124,129.182921,35.16920756
2482,수영구,망미동,0,207-5,좌수영교(한성기린아파트),유,6,25,142,129.1190909,35.17473903
2483,해운대구,재송동,0,1005-75,좌수영교(한성기린아파트),유,13,27,179,129.119959,35.17428502
1689,동구,좌천동,0,1071-3,좌천로타리,유,8,23,188,129.0535489,35.13298287
1684,동구,좌천동,0,362-1,좌천삼익가구,유,6,27,169,129.0548963,35.13483993
1936,기장군,일광면,원리,134-5,좌천원당마을 입구,유,11,20,128,129.2404887,35.30579489
2282,사상구,감전동,0,1265-4,주감여중,유,9,22,188,128.9952443,35.15554413
2330,사상구,주례동,0,331,주감초교,유,6,22,135,129.0037141,35.15269275
2189,사상구,주례동,0,286,주감초등학교,유,6,6,36,129.0015639,35.1534051
1775,서구,남부민동,0,647-16,㈜동남,유,9,16,133,129.0241787,35.09073187
2270,사상구,주례동,0,692-26,주례1동굴다리,유,7,13,86,128.9961366,35.15211215
2316,사상구,주례동,0,824-8,주례1동사무소,유,6,14,86,128.9979528,35.15126412
2386,사상구,주례동,0,1257-3,주례로타리,유,6,13,81,128.9995437,35.15055998
2387,사상구,주례동,0,1257-3,주례로타리,유,6,18,101,129.0001172,35.15003434
2388,사상구,주례동,0,1257-3,주례로타리,유,8,31,259,129.0002568,35.15025436
2389,사상구,주례동,0,1257-3,주례로타리,유,9,21,156,129.0002471,35.15053662
2180,사상구,주례동,0,219,주례반도아파트,유,6,12,76,129.0111758,35.15302008
2195,사상구,주례동,0,201-2,주례여중,유,10,24,105,129.0059653,35.15053236
2214,사상구,주례동,0,122,주례조양맨션,유,3,20,61,129.0060963,35.14899698
2364,사상구,주례동,0,1262,주례탕,유,7,19,130,128.9995541,35.14852052
2365,사상구,주례동,0,1262,주례탕,유,7,23,140,128.9998011,35.14837442
2366,사상구,주례동,0,1262,주례탕,유,6,16,98,128.9998827,35.14851528
3442,사하구,구평동,0,429,㈜모든앞,유,8,21,177,128.9904284,35.06664507
3443,사하구,구평동,0,429,㈜모든앞,유,7,14,95,128.9906688,35.06681663
3612,사하구,구평동,0,468-15,㈜모든앞,유,8,20,170,128.9904315,35.06656237
3613,사하구,구평동,0,429,㈜모든앞,유,9,21,181,128.9904288,35.06698705
1281,부산진구,개금동,0,633-197,주원초교,유,4,15,63,129.0199202,35.14700298
3576,사하구,구평동,0,178-7,㈜원형조선,유,7,20,138,128.9903289,35.07892332
2613,연제구,거제동,0,1191-3,㈜청우공업,유,8,37,311,129.0650664,35.19044128
2614,연제구,거제동,0,1434-8,㈜청우공업,유,9,23,199,129.0651765,35.19074845
1116,동래구,사직동,0,18568,주택은행(동래농협),유,7,10,62,129.0619145,35.19871717
2975,강서구,죽동동,0,1096-8,죽림LPG가스충전소,유,6,17,102,128.8927533,35.20170373
2976,강서구,죽동동,0,1096-8,죽림LPG가스충전소,유,11,16,101,128.8928514,35.20143444
2977,강서구,죽동동,0,1096-8,죽림LPG가스충전소,유,7,14,86,128.8929579,35.20159776
1859,기장군,기장읍,청강리,45701,죽성사거리,유,6,13,78,129.2200807,35.24103385
2138,기장군,기장읍,청강리,45701,죽성사거리,유,6,25,147,129.2203877,35.2409244
2139,기장군,기장읍,청강리,45701,죽성사거리,유,9,24,216,129.2204188,35.24189544
3758,중구,보수동1가,0,72-309,중구사회복지관앞,유,6,8,50,129.0286727,35.10582227
3753,중구,동광동5가,0,46011,중구청앞,유,9,12,105,129.0324857,35.10684394
416,해운대구,중동,0,808-3,중동소방파출소(2),유,7,23,92,129.1731064,35.16176779
417,해운대구,중동,0,784-10,중동소방파출소(2),유,11,20,131,129.1737861,35.16173692
1608,영도구,동삼동,0,436-4,중리초교,유,6,8,45,129.071687,35.07383018
1605,영도구,동삼동,0,436,중리초교입구사거리,유,7,13,92,129.072412,35.07288423
1606,영도구,동삼동,0,436-18,중리초교입구사거리,유,6,12,72,129.0723767,35.07271168
1607,영도구,동삼동,0,454-11,중리초교입구사거리,유,6,9,57,129.0722607,35.07292393
2897,강서구,대저2동,0,201-80,중문(공항외각도로),유,9,3,34,128.9350856,35.17180413
3777,중구,중앙동4가,0,18264,중부서,유,8,27,218,129.0363032,35.10742312
1573,영도구,대교동1가,0,130-4,중소기업은행,유,4,10,34,129.0384201,35.09279023
1592,영도구,대교동1가,0,139-1,중소기업은행,유,6,13,81,129.038217,35.09253862
1636,영도구,대교동1가,0,139-1,중소기업은행,유,8,18,142,129.0381327,35.09275928
1637,영도구,대교동1가,0,143,중소기업은행,유,9,16,140,129.0384844,35.09263717
1700,중구,중앙동4가,0,33025,중앙부두,유,8,40,327,129.0416564,35.11097335
3035,강서구,대저1동,0,18111,중앙전파관리소,유,7,24,160,128.9777966,35.20606939
1274,부산진구,전포동,0,870-1,중앙중학,유,7,14,90,129.0623556,35.15551205
1639,동구,수정동,0,1144-11,중앙초교입구,유,6,10,67,129.0433967,35.1236459
1673,동구,수정동,0,1145-10,중앙초교입구,유,7,10,66,129.0427418,35.12398492
3484,사하구,다대동,0,1551-31,중현초교앞,유,6,12,71,128.9659361,35.05076562
3485,사하구,다대동,0,1551-31,중현초교앞,유,6,12,70,128.9662354,35.050243
3486,사하구,다대동,0,1551-31,중현초교앞,유,6,12,71,128.9661387,35.04999669
3488,사하구,다대동,0,1551-31,중현초교앞,유,6,12,71,128.9665441,35.05014872
2900,강서구,명지동,0,45708,중흥S클래스 프라디움,유,0,0,0,128.9161706,35.09602008
3004,강서구,지사동,0,1267,지사10지점,유,6,14,82,128.8282724,35.14415619
3003,강서구,지사동,0,1329,지사11지점,유,6,14,83,128.8245185,35.14169479
3006,강서구,지사동,0,1356,지사12지점,유,6,19,115,128.8093358,35.14942171
2884,강서구,지사동,0,1245,지사13지점,유,6,11,57,128.8360828,35.15053446
2885,강서구,지사동,0,1245,지사13지점,유,6,9,44,128.8360804,35.15082741
2886,강서구,지사동,0,1245,지사13지점,유,6,15,80,128.8362495,35.15068886
2887,강서구,지사동,0,1245,지사13지점,유,6,15,80,128.8359259,35.15068882
3005,강서구,지사동,0,산139,지사1지점,유,6,19,120,128.8111582,35.14937865
2883,강서구,지사동,0,1341,지사2지점,유,6,7,43,128.8194917,35.14978632
3013,강서구,지사동,0,1343,지사2지점,유,6,20,118,128.8193325,35.14960152
2888,강서구,지사동,0,1236,지사3지점,유,6,9,54,128.8247502,35.14911637
3012,강서구,지사동,0,1257,지사3지점,유,6,20,122,128.8245922,35.14891286
2999,강서구,지사동,0,1236,지사4지점,유,6,17,103,128.8306802,35.14916837
3000,강서구,지사동,0,1236,지사4지점,유,6,22,140,128.830437,35.14890631
3001,강서구,지사동,0,1236,지사4지점,유,6,17,104,128.8307086,35.14870733
3002,강서구,지사동,0,1236,지사4지점,유,6,26,159,128.8309216,35.14895435
2877,강서구,지사동,0,1197-6,지사5지점,유,6,9,56,128.8329234,35.14913607
2878,강서구,지사동,0,1198-7,지사5지점,유,6,8,49,128.8329243,35.14873338
3010,강서구,지사동,0,1198-3,지사5지점,유,8,23,188,128.832726,35.14894769
3011,강서구,지사동,0,1198-3,지사5지점,유,6,22,139,128.8331371,35.14894421
2881,강서구,지사동,0,1270,지사6지점,유,6,9,53,128.8360807,35.14873727
2882,강서구,지사동,0,1270,지사6지점,유,6,9,53,128.8360864,35.14913907
2997,강서구,지사동,0,1270,지사6지점,유,8,27,217,128.8359049,35.14893661
2998,강서구,지사동,0,1270,지사6지점,유,8,23,183,128.836273,35.14895074
2891,강서구,지사동,0,1183-1,지사7지점,유,6,15,80,128.8346147,35.15068624
2892,강서구,지사동,0,1183-1,지사7지점,유,6,14,79,128.8343595,35.15068857
2889,강서구,지사동,0,1196-2,지사8지점,유,6,12,70,128.8305114,35.15069673
2890,강서구,지사동,0,1197-1,지사8지점,유,6,18,107,128.8309412,35.15068678
3008,강서구,지사동,0,1197-1,지사8지점,유,7,21,115,128.8306843,35.15081527
3009,강서구,지사동,0,1197-1,지사8지점,유,7,18,102,128.8307186,35.15051707
2879,강서구,지사동,0,1267,지사9지점,유,6,8,48,128.8303677,35.14592479
2880,강서구,지사동,0,1267,지사9지점,유,6,8,47,128.8300921,35.14612768
3007,강서구,지사동,0,1267,지사9지점,유,6,14,78,128.830116,35.14591981
3020,강서구,지사동,0,산 273,지사과학산업단지 2지점,유,8,23,188,128.845349,35.1438726
3021,강서구,생곡동,0,1073,지사과학산업단지 진입로,유,8,26,206,128.86098,35.13267649
3022,강서구,생곡동,0,1072,지사과학산업단지 진입로,유,8,28,234,128.8610333,35.13238619
2431,수영구,민락동,0,45770,진로아파트,유,6,29,124,129.1280583,35.15709911
2432,수영구,민락동,0,45770,진로아파트,유,6,15,88,129.1275226,35.15705516
2433,수영구,민락동,0,12420,진로아파트,유,5,18,63,129.1273403,35.15696375
3059,강서구,명지동,0,192-2,진목마을,유,6,27,163,128.9256695,35.11318575
3060,강서구,명지동,0,30407,진목마을,유,9,27,234,128.9267652,35.1129605
2182,사상구,감전동,0,953-25,진성철강상사,유,8,17,147,128.9716803,35.14411027
1450,부산진구,부암동,0,228-28,진양로타리,유,6,10,61,129.0494089,35.162565
1451,부산진구,부암동,0,234-6,진양로타리,유,4,10,41,129.0493342,35.16182845
1452,부산진구,부암동,0,236-14,진양로타리,유,9,51,389,129.0497673,35.16198956
1453,부산진구,부암동,0,236-22,진양로타리,유,7,27,176,129.0502141,35.162391
1454,부산진구,부암동,0,228-28,진양로타리,유,10,46,374,129.0499106,35.1625193
1503,부산진구,전포동,0,339-15,진여중,유,7,35,236,129.0653497,35.15461938
1504,부산진구,전포동,0,870-1,진여중,유,6,39,248,129.0653604,35.15548153
1222,부산진구,전포동,0,343-14,진여중윗길,유,6,11,67,129.06835,35.15437003
1256,부산진구,전포동,0,357-101,진여중정문(동성중고교),유,6,10,62,129.0683671,35.15317171
1292,부산진구,전포동,0,358-8,진여중정문(동성중고교),유,6,10,63,129.0683758,35.1518944
3208,강서구,대저1동,0,1406-18,진흥주유소,유,6,9,54,128.9696522,35.21492802
862,남구,대연동,0,535-7,차량등록사업소,유,12,14,95,129.1033905,35.13059298
952,남구,대연동,0,556-2,차량등록사업소,유,8,11,84,129.1016689,35.13150989
953,남구,대연동,0,556-2,차량등록사업소,유,4,12,49,129.1016283,35.13137231
954,남구,대연동,0,555-14,차량등록사업소,유,4,12,50,129.1012668,35.13149331
955,남구,대연동,0,535-7,차량등록사업소,유,7,11,69,129.1033504,35.13048207
956,남구,대연동,0,535-7,차량등록사업소,유,7,8,52,129.1031742,35.13062725
957,남구,대연동,0,535-7,차량등록사업소,유,6,11,70,129.1034654,35.13073461
1075,동래구,명장동,0,585-5,창신아파트,유,7,8,60,129.1078612,35.20460522
2549,연제구,거제동,0,1475,창신주유소,유,13,11,107,129.0672205,35.19309818
2608,연제구,거제동,0,1475,창신주유소,유,10,31,316,129.0670565,35.19277294
2615,동래구,사직동,0,985-15,창신초교뒤,유,9,23,199,129.0646227,35.19244543
2616,연제구,거제동,0,1185-3,창신초교뒤,유,9,26,220,129.0647403,35.19197226
3295,금정구,남산동,0,99-30,천일아파트,유,7,11,77,129.0889584,35.26699728
3296,금정구,남산동,0,99-30,천일아파트,유,7,10,66,129.089113,35.26711285
3297,금정구,남산동,0,101-10,천일아파트,유,7,10,67,129.0892556,35.26696237
3326,금정구,남산동,0,604,천일아파트,유,7,11,70,129.0891074,35.26687421
474,해운대구,우동,0,1291-8,천일자동차학원(센텀시티입구),유,7,19,131,129.1289029,35.16758419
475,해운대구,우동,0,1291-8,천일자동차학원(센텀시티입구),유,8,39,289,129.128903,35.1672903
476,해운대구,우동,0,1291-8,천일자동차학원(센텀시티입구),유,15,29,250,129.1292273,35.16718669
477,해운대구,우동,0,1291-8,천일자동차학원(센텀시티입구),유,9,37,305,129.1291994,35.1675178
2202,사상구,괘법동,0,124-34,철구공단입구,유,6,16,99,128.9797496,35.1584685
1457,부산진구,범천동,0,455-2,철도공작창,유,10,31,311,129.0546227,35.1521763
1458,부산진구,범천동,0,1610-17,철도공작창,유,12,41,261,129.0550052,35.15157994
2103,해운대구,반송동,안평리,45931,철마실로암묘지입구,유,8,25,203,129.1617525,35.2361806
1847,기장군,철마면,와여리,567-3,철마초등학교,유,5,6,25,129.1497726,35.27471648
1848,기장군,철마면,와여리,567-3,철마초등학교,유,6,11,69,129.1499191,35.27463106
1836,기장군,철마면,와여리,567-3,철마초등학교주변(국도17호선),유,13,7,84,129.1504221,35.27448954
2142,기장군,기장읍,청강리,257-3,청강사거리,유,11,19,112,129.2177135,35.23606383
2143,기장군,기장읍,청강리,702-3,청강사거리,유,6,22,137,129.2177077,35.23574362
2144,기장군,기장읍,청강리,254-2,청강사거리,유,6,28,144,129.2179271,35.23578173
2145,기장군,기장읍,청강리,254-2,청강사거리,유,6,23,142,129.217941,35.23612138
163,해운대구,반송동,0,788-16,청년회방범초소앞,유,9,16,111,129.1526878,35.22978419
2204,사상구,감전동,0,174,청도슈퍼,유,6,12,68,128.9831173,35.15470446
2205,사상구,감전동,0,174,청도슈퍼,유,5,10,55,128.9828563,35.15475339
2252,사상구,감전동,0,174,청도슈퍼,유,7,13,90,128.9826494,35.15349245
2253,사상구,감전동,0,174,청도슈퍼,유,6,13,78,128.9829421,35.15463611
3255,강서구,명지동,0,510-1,청량사입구,유,16,32,274,128.9192849,35.1147074
3256,강서구,명지동,0,400-2,청량사입구,유,6,14,86,128.9195684,35.114829
3375,금정구,남산동,0,17593,청룡초교,유,4,6,22,129.0928723,35.27093668
3419,금정구,남산동,0,48-17,청룡초교,유,10,23,203,129.0926974,35.27084078
1599,영도구,청학동,0,53-21,청학2동사무소,유,6,15,96,129.0659071,35.09214644
1600,영도구,청학동,0,101-50,청학2동사무소,유,4,13,93,129.0662374,35.09112187
1591,영도구,청학동,0,69-93,청학2동청동초교입구,유,11,5,57,129.0646701,35.08774663
1589,영도구,청학동,0,92-19,청학롯데낙천대아파트,유,10,4,45,129.0646407,35.08901244
1561,영도구,청학동,0,533,청학소방PB,유,8,25,202,129.0566851,35.09862935
1609,영도구,청학동,0,533,청학소방PB,유,8,16,126,129.0566696,35.09834031
1558,영도구,청학동,0,217-43,청학시장,유,5,5,22,129.0603426,35.09706254
1620,영도구,청학동,0,359-30,청학시장,유,6,12,72,129.0593377,35.09753762
1621,영도구,청학동,0,217-43,청학시장,유,4,11,49,129.0603361,35.09696644
1622,영도구,청학동,0,217-64,청학시장,유,8,12,100,129.0612748,35.0964821
1623,영도구,청학동,0,222-71,청학시장,유,6,11,70,129.062165,35.09612663
1582,영도구,청학동,0,45779,청학주유소,유,10,14,101,129.0651991,35.09331746
3607,사하구,신평동,0,370-183,초등학교예정부지,유,6,14,83,128.9623405,35.08229711
1670,동구,수정동,0,754-1343,초량6동새마을금고,유,11,9,92,129.0348424,35.12595707
1656,동구,초량동,0,1168-1,초량로타리,유,6,17,87,129.0425156,35.11985747
1662,동구,초량동,0,23377,초량로타리,유,7,13,83,129.0417924,35.12045781
1687,동구,초량동,0,1147-13,초량로타리,유,6,27,168,129.042374,35.120008
1364,부산진구,초읍동,0,549-6,초읍대진약국,유,6,16,95,129.050971,35.18052675
1405,부산진구,연지동,0,354-2,초읍동은아약국,유,6,10,63,129.0499179,35.17087017
1406,부산진구,연지동,0,372-1,초읍동은아약국,유,6,10,59,129.0500554,35.17028327
1407,부산진구,연지동,0,350-1,초읍세동한신아파트,유,6,12,72,129.0494742,35.17269196
1399,부산진구,초읍동,0,364-2,초읍시민도서관,유,8,32,268,129.050716,35.18295687
1408,부산진구,초읍동,0,187-19,초읍창곡시장입구,유,6,9,57,129.04812,35.17768021
1823,서구,토성동3가,0,12451,초장동,유,6,17,106,129.0209753,35.09773354
1824,서구,토성동3가,0,45983,초장동,유,9,17,147,129.0207194,35.0979682
1036,동래구,안락동,0,468-28,충렬초교입구,유,6,7,42,129.1106997,35.19895104
1037,동래구,안락동,0,469-53,충렬초교입구,유,7,11,73,129.1108156,35.19904581
1038,동래구,안락동,0,468-28,충렬초교입구,유,6,7,37,129.1107477,35.19915484
1069,동래구,안락동,0,468-28,충렬초교입구,유,7,11,73,129.1106292,35.19905673
1827,서구,토성동4가,0,14-123,충무로타리,유,8,22,180,129.0238036,35.09649076
1828,서구,충무동1가,0,25-21,충무로타리,유,8,22,176,129.024459,35.0960853
1901,기장군,일광면,신평리,23529,칠암 풍성농원앞(칠암마을회관입구),유,7,9,33,129.258834,35.29701683
1930,기장군,일광면,칠암리,153-18,칠암초등학교,유,6,8,46,129.258289,35.29913454
1931,기장군,일광면,칠암리,23894,칠암초등학교,유,4,8,35,129.2585425,35.29829337
3756,중구,보수동1가,0,29312,카톨릭센타,유,8,11,95,129.0289689,35.10389645
3745,중구,영주동,0,758,코모도호텔,유,7,14,94,129.0351486,35.10988871
3752,중구,영주동,0,18264,코모도호텔,유,6,13,84,129.0355504,35.10873387
2444,수영구,망미동,0,190-13,코스트코 홀세일,유,6,12,63,129.1153996,35.17950814
2445,수영구,망미동,0,190-11,코스트코 홀세일,유,4,10,41,129.1156323,35.17958904
2447,수영구,망미동,0,192-5,코스트코 홀세일,유,4,9,34,129.1155677,35.17941515
2467,수영구,망미동,0,190-13,코스트코 홀세일,유,6,9,58,129.1154418,35.17961265
2261,사상구,괘법동,0,570-4,콘티코(터미널주유소직결),유,8,24,197,128.9784517,35.16295322
2262,사상구,괘법동,0,572-1,콘티코(터미널주유소직결),유,20,16,232,128.9808655,35.16259455
3720,사하구,괴정동,0,484-36,크로바관광호텔,유,6,19,122,128.9937327,35.0964604
3263,금정구,구서동,0,32874,태광산업,유,6,21,104,129.0918627,35.2485921
3264,금정구,구서동,0,370-2,태광산업,유,4,24,83,129.0918769,35.24981819
3423,금정구,구서동,0,370-2,태광산업,유,9,25,206,129.091665,35.24992263
1522,영도구,동삼동,0,952,태종대초교,유,7,10,65,129.081097,35.06510762
2452,수영구,남천동,0,204-6,태창카바 (서호병원앞),유,6,14,87,129.1134065,35.14879949
2453,수영구,남천동,0,203-21,태창카바 (서호병원앞),유,6,10,65,129.1133928,35.14897868
2454,수영구,남천동,0,204-5,태창카바 (서호병원앞),유,8,17,58,129.1135663,35.1488488
2455,수영구,남천동,0,204-5,태창카바 (서호병원앞),유,6,14,86,129.1135604,35.14899947
2456,수영구,광안동,0,182-4,태창카바 (서호병원앞),유,6,14,90,129.1146273,35.15040107
2569,연제구,연산동,0,411-3,토곡LG아파트,유,5,19,75,129.1040773,35.18527923
2573,연제구,연산동,0,272,토곡LG아파트,유,5,17,65,129.1025929,35.18543264
2643,연제구,연산동,0,272,토곡LG아파트,유,6,13,81,129.1022828,35.18556336
2644,연제구,연산동,0,411-3,토곡LG아파트,유,6,17,104,129.1038712,35.18545704
2673,연제구,연산동,0,402,토곡사거리,유,6,20,115,129.1068685,35.18787106
2674,연제구,연산동,0,402,토곡사거리,유,7,15,111,129.1071495,35.18762676
2675,연제구,연산동,0,419-21,토곡사거리,유,10,23,204,129.107389,35.18789997
2676,연제구,연산동,0,402,토곡사거리,유,7,16,107,129.1071579,35.18812358
1820,서구,아미동1가,0,32,토성로타리,유,11,15,163,129.0194526,35.09977194
1821,서구,아미동1가,0,32,토성로타리,유,4,10,45,129.0199686,35.0997518
1822,서구,아미동1가,0,32,토성로타리,유,6,20,125,129.0198082,35.10114251
1751,서구,토성동3가,0,45728,토성초교,유,7,9,64,129.0209535,35.09970377
1752,서구,토성동2가,0,45883,토성초교,유,9,9,87,129.0220336,35.09965621
1753,중구,부평동3가,0,80,토성초교,유,7,9,61,129.0233562,35.09960173
2951,강서구,봉림동,0,768-51,통전마을입구,유,8,37,304,128.9010571,35.17950997
3289,금정구,구서동,0,97-26,파고다맨션,유,7,9,56,129.0867778,35.24298639
78,해운대구,중동,0,1150-8,파라다이스호텔,유,4,8,30,129.1659829,35.16067179
83,해운대구,중동,0,1150-8,파라다이스호텔,유,6,11,65,129.1659289,35.16083078
3243,강서구,대저1동,0,1691-3,평강삼거리,유,7,25,164,128.9478465,35.2144878
3244,강서구,대저1동,0,1748-3,평강삼거리,유,6,19,105,128.9479282,35.21427412
3245,강서구,대저1동,0,1676-2,평강삼거리,유,7,28,183,128.9498021,35.21411959
2188,사상구,모라동,0,259-6,평화가스삼거리,유,6,13,80,128.9893181,35.19178118
2284,사상구,모라동,0,261-3,평화가스삼거리,유,7,14,90,128.9894899,35.19145878
3480,사하구,괴정동,0,554-13,평화의원(서약국),유,6,10,60,128.9863123,35.09705281
3481,사하구,괴정동,0,563-58,평화의원(서약국),유,6,9,54,128.9860946,35.09710489
3662,사하구,괴정동,0,553-21,평화의원(서약국),유,5,9,44,128.9861658,35.09696386
3663,사하구,괴정동,0,546-39,평화의원(서약국),유,7,9,62,128.9862316,35.0971693
2479,수영구,망미동,0,417-1,포스코 더# APT 후문,유,6,19,119,129.1081053,35.17396643
246,해운대구,재송동,0,1200,포스코아파트 앞,유,8,13,104,129.1224162,35.17913144
247,해운대구,재송동,0,1200,포스코아파트 앞,유,8,13,105,129.122562,35.17920895
611,북구,구포동,0,1271,"포천사거리,직결",유,14,8,99,129.0054091,35.2000337
723,북구,구포동,0,875-20,"포천사거리,직결",유,8,20,123,129.0057691,35.19871385
610,북구,구포동,0,1227-33,포천초교,유,14,8,101,129.0079756,35.19604293
348,해운대구,좌동,0,1390,폭포사입구(46),유,4,19,64,129.1679517,35.18018477
349,해운대구,좌동,0,1390,폭포사입구(46),유,4,21,71,129.1677709,35.18007683
350,해운대구,좌동,0,1390,폭포사입구(46),유,5,7,33,129.1680439,35.17953184
855,남구,용호동,0,486-44,푸른약국,유,6,13,83,129.1110265,35.11631141
334,해운대구,반여동,0,543-1,풍산금속사택,유,6,17,100,129.1244053,35.21300342
335,해운대구,반여동,0,543-1,풍산금속사택,유,14,23,177,129.1247529,35.2130976
230,해운대구,반여동,0,289,풍산금속앞,유,6,14,84,129.1268791,35.21248407
341,해운대구,반여동,0,729,풍산금속입구,유,7,27,180,129.1207819,35.21334386
342,해운대구,반여동,0,729,풍산금속입구,유,6,16,97,129.1210065,35.21327192
3460,사하구,하단동,0,1193,하구언지하도,유,4,9,34,128.9585775,35.10603011
3462,사하구,하단동,0,1193,하구언지하도,유,4,12,49,128.9586206,35.10665207
3628,사하구,하단동,0,1193,하구언지하도,유,5,17,69,128.9585203,35.1065529
3629,사하구,하단동,0,1193,하구언지하도,유,5,10,36,128.9587056,35.1063912
3527,사하구,하단동,0,636,하남중학교,유,7,15,102,128.9584309,35.0990105
3528,사하구,하단동,0,636,하남중학교,유,5,7,32,128.9582614,35.0991947
3529,사하구,하단동,0,636,하남중학교,유,7,7,48,128.95809,35.09900119
3622,사하구,하단동,0,611-9,하단복개로,유,2,4,7,128.9657201,35.10408997
3623,사하구,하단동,0,611-6,하단복개로,유,6,18,104,128.9656757,35.10397776
3624,사하구,하단동,0,611-41,하단복개로,유,4,5,21,128.9656115,35.10385778
3625,사하구,하단동,0,870-6,하단복개로,유,9,31,269,128.9671632,35.10338537
3626,사하구,하단동,0,239-2,하단복개로,유,9,39,344,128.9685798,35.10284298
3451,사하구,하단동,0,303-16,하단오거리,유,5,16,62,128.9686278,35.10624331
3732,사하구,하단동,0,612,하단오거리,유,6,17,107,128.9677632,35.10579821
3733,사하구,하단동,0,303-6,하단오거리,유,6,24,146,128.9681514,35.10666866
3507,사하구,하단동,0,592-10,하단초교,유,4,8,28,128.9654925,35.10491873
3721,사하구,하단동,0,590-2,하단초교,유,28,51,386,128.9647365,35.1043306
3722,사하구,하단동,0,608-6,하단초교,유,6,17,105,128.9642969,35.10427861
3723,사하구,하단동,0,592-10,하단초교,유,10,18,182,128.9656489,35.1048759
3571,사하구,하단동,0,514-36,하단프라임병원,유,6,9,58,128.9658162,35.10632954
3572,사하구,하단동,0,526-8,하단프라임병원,유,7,10,58,128.965816,35.10622378
3573,사하구,하단동,0,526-8,하단프라임병원,유,7,9,62,128.9658177,35.1061181
1553,영도구,동삼동,0,723-6,하리횟집,유,6,16,97,129.0802838,35.06890327
1554,영도구,동삼동,0,856-9,하리횟집,유,8,10,68,129.0808476,35.06812076
1555,영도구,동삼동,0,856-9,하리횟집,유,4,6,23,129.080525,35.06822433
1368,부산진구,양정동,0,322,하마정,유,8,31,254,129.0668921,35.1747154
1369,부산진구,양정동,0,326,하마정,유,8,40,321,129.0675511,35.17434986
1370,부산진구,양정동,0,326,하마정,유,9,24,168,129.0679577,35.17454837
1371,부산진구,양정동,0,316-21,하마정,유,9,36,310,129.0675521,35.17538655
3584,사하구,신평동,0,666,하수종말처리장,유,10,45,349,128.9520812,35.08588499
3585,사하구,신평동,0,666,하수종말처리장,유,9,23,193,128.9517103,35.08566383
2171,사상구,학장동,0,257-2,학감로타리,유,4,17,57,128.9857623,35.15031867
2172,사상구,학장동,0,174,학감로타리,유,6,11,69,128.9856522,35.14986485
2379,사상구,학장동,0,258-24,학감로타리,유,10,40,406,128.9855568,35.15014653
2380,사상구,학장동,0,258-24,학감로타리,유,9,40,350,128.9858621,35.15009278
1118,동래구,사직동,0,161-1,학성여객,유,9,13,111,129.0702518,35.19965342
2173,사상구,학장동,0,237-48,학장교,유,6,12,74,128.9838817,35.14246404
2371,사상구,학장동,0,237-37,학장교,유,8,21,170,128.9836585,35.14225709
2372,사상구,학장동,0,237-48,학장교,유,6,11,68,128.9838179,35.14214528
2373,사상구,학장동,0,237-49,학장교,유,7,23,133,128.9839518,35.14231701
2385,사상구,학장동,0,692-7,학장동신공업사,유,4,44,183,128.9958265,35.14990245
2381,사상구,학장동,0,273-13,학장로타리,유,6,35,186,128.9892429,35.14954705
2382,사상구,학장동,0,273-13,학장로타리,유,6,26,157,128.9893696,35.1493453
2383,사상구,학장동,0,174,학장로타리,유,5,34,171,128.9895794,35.14953002
2384,사상구,학장동,0,174,학장로타리,유,8,24,192,128.9894514,35.14972886
2155,사상구,학장동,0,585-7,학장목화아파트,유,7,8,54,128.9792522,35.13886171
2318,사상구,학장동,0,522-1,학장벽산아파트,유,9,29,265,128.9889083,35.14114644
2156,사상구,학장동,0,237-48,학장삼성아파트,유,6,15,83,128.983708,35.14159733
2168,사상구,학장동,0,610,학장삼성아파트,유,6,16,101,128.9829474,35.14057514
2216,사상구,학장동,0,276-2,학장송월타올,유,5,13,46,128.9885259,35.14685021
2376,사상구,학장동,0,276-28,학장송월타올,유,7,28,185,128.9887379,35.14692326
2167,사상구,학장동,0,574-135,학장여중,유,6,16,97,128.9820752,35.14021263
2154,사상구,학장동,0,245-21,학장초교,유,9,10,87,128.9847288,35.14603538
1110,동래구,온천동,0,1751-1,한국방송대학입구,유,6,10,60,129.0783503,35.21666682
1111,동래구,온천동,0,200-30,한국방송대학입구,유,6,9,47,129.0784686,35.21688208
2692,연제구,연산동,0,1873-61,한독아파트,유,7,16,106,129.089534,35.17425641
1047,동래구,온천동,0,1174-1,"한독온천유치원앞,직결",유,6,13,79,129.0639155,35.20886129
1048,동래구,온천동,0,1174-1,"한독온천유치원앞,직결",유,5,16,70,129.0642998,35.2092437
392,해운대구,좌동,0,1435,한라아파트(20),유,8,21,118,129.1819549,35.1720437
393,해운대구,좌동,0,1435,한라아파트(20),유,4,21,80,129.1817151,35.17237663
394,해운대구,좌동,0,1435,한라아파트(20),유,6,24,137,129.1816504,35.17211818
395,해운대구,좌동,0,1439,한라아파트(20),유,6,14,88,129.1825404,35.17100809
396,해운대구,좌동,0,1435,한라아파트(20),유,11,27,152,129.1820218,35.17228706
3452,사하구,구평동,0,72-22,한보철강,유,4,9,25,128.9869953,35.08593616
3717,사하구,구평동,0,72-22,한보철강,유,9,26,223,128.9868276,35.08600635
3563,사하구,구평동,0,34-28,한보철강고철원료장,유,7,24,171,128.9951151,35.08580607
3581,사하구,신평동,0,45882,한성기린APT,유,6,21,134,128.9778843,35.09324651
617,북구,덕천동,0,462,한성아파트,유,11,7,75,129.010579,35.20844523
717,북구,덕천동,0,429-51,한성아파트,유,5,12,61,129.0115178,35.20879179
1721,서구,충무동2가,0,54,한성탕,유,7,11,70,129.0221669,35.09446231
3671,사하구,신평동,0,643-1,한솔탕,유,6,30,180,128.9556248,35.09630922
875,남구,용당동,0,472-11,한신문화타운(한신아파트),유,6,6,40,129.098189,35.12209765
1745,서구,서대신동3가,0,45919,한신빌라,유,6,18,114,129.0108053,35.11978746
1746,서구,서대신동3가,0,36-39,한신빌라,유,6,16,98,129.0112708,35.11925753
2127,기장군,기장읍,동부리,394-4,한신아파트,유,6,14,86,129.2138516,35.24913777
2128,기장군,기장읍,동부리,151-3,한신아파트,유,5,31,125,129.2137911,35.2487655
2129,기장군,기장읍,동부리,394-4,한신아파트,유,8,18,138,129.2140138,35.24904285
1009,동래구,온천동,0,1486,한아름예식장(사직케이스학원),유,8,12,98,129.0694911,35.20350349
3411,금정구,금사동,0,109-21,한일금속,유,6,14,89,129.1131551,35.21514314
185,해운대구,중동,0,141-3,한일아파트(29),유,6,12,75,129.1694449,35.17041779
186,해운대구,좌동,0,1274,한일아파트(29),유,6,12,69,129.1700893,35.17197854
132,해운대구,우동,0,139-2,한주주차장,유,5,14,40,129.1630525,35.16614985
437,해운대구,우동,0,142-4,한주주차장,유,22,8,151,129.1627369,35.16578336
755,북구,구포동,0,1119-1,한중병원,유,7,14,91,128.9910378,35.19884122
1537,영도구,동삼동,0,188-73,한진중공업 인재개발원,유,6,13,75,129.0747659,35.08449791
1539,영도구,동삼동,0,254-37,한진중공업 인재개발원,유,6,13,76,129.07616,35.08398873
3441,사하구,구평동,0,471-6,한진해운앞,유,8,14,111,128.9920665,35.06339426
3610,사하구,구평동,0,471-6,한진해운앞,유,9,22,188,128.9919172,35.06309938
3611,사하구,구평동,0,산108-2,한진해운앞,유,11,21,222,128.9926561,35.06235522
2658,부산진구,양정동,0,45876,한통연산분국,유,9,17,147,129.0787851,35.17556453
2659,부산진구,양정동,0,45856,한통연산분국,유,9,20,175,129.0788589,35.17574671
503,해운대구,재송동,0,217-1,할렐루야의원,유,7,21,153,129.1208435,35.18800878
3325,금정구,구서동,0,464-15,함흥맨션,유,7,12,84,129.0893322,35.24283345
838,남구,감만동,0,107-2,항만관리대대,유,6,12,74,129.0775214,35.11704933
1707,동구,범일동,0,252-1839,항만삼거리,유,6,10,54,129.0598284,35.130038
1708,동구,범일동,0,252-1839,항만삼거리,유,7,9,57,129.0600094,35.13003651
1709,동구,범일동,0,252-1839,항만삼거리,유,4,7,27,129.0601274,35.13006493
1702,동구,좌천동,0,1166-2,항만소방서,유,6,11,66,129.0519528,35.12584044
1703,동구,좌천동,0,1166-2,항만소방서,유,6,11,68,129.0521359,35.12618893
235,해운대구,우동,0,1399,해강중학교,유,17,13,149,129.1364019,35.16326191
467,해운대구,우동,0,1388,해강초등학교,유,10,19,113,129.141924,35.16083541
2117,기장군,기장읍,시랑리,산9-1,해광사입구,유,6,16,92,129.2242068,35.20527758
1563,영도구,동삼동,0,478-1,해동중학교입구,유,6,7,65,129.0695352,35.07115981
1564,영도구,동삼동,0,482-11,해동중학교입구,유,4,17,44,129.0696611,35.07118563
2395,수영구,광안동,0,192-3,해변로타리,유,10,14,93,129.1174109,35.15404253
2409,수영구,광안동,0,184-29,해변로타리,유,8,14,115,129.1179965,35.15481197
2421,수영구,광안동,0,185-7,해변로타리,유,8,13,120,129.1182077,35.15508938
2460,수영구,광안동,0,184-29,해변로타리,유,8,16,125,129.1179482,35.15500018
2461,수영구,광안동,0,185-7,해변로타리,유,8,15,121,129.1182703,35.15490325
480,해운대구,우동,0,638-11,해변주유소,유,6,21,133,129.1563237,35.16220307
1534,영도구,동삼동,0,산2-1,해양대학교,유,6,15,88,129.0788135,35.07119036
1535,영도구,동삼동,0,702-9,해양대학교,유,20,21,227,129.0792401,35.07122826
1536,영도구,동삼동,0,702-9,해양대학교,유,6,25,147,129.0792081,35.07103477
1547,영도구,동삼동,0,1125-28,해양수산 연수원,유,8,17,134,129.0755518,35.07503978
1548,영도구,동삼동,0,1125-28,해양수산 연수원,유,9,36,266,129.0753464,35.07520813
1549,영도구,동삼동,0,1125-28,해양수산 연수원,유,8,17,134,129.0753979,35.07543142
1550,영도구,동삼동,0,1125-28,해양수산 연수원,유,6,20,92,129.0751671,35.07631231
248,해운대구,우동,0,1393-78,해운대 뉴비치호텔,유,6,11,70,129.1608581,35.16123873
249,해운대구,우동,0,626-14,해운대 뉴비치호텔,유,9,12,77,129.1611853,35.16084676
236,해운대구,중동,0,262-2,해운대 삼정그린코아,유,8,22,179,129.1742063,35.16815768
326,해운대구,석대동,0,산61-2,해운대 재활용센터,유,7,20,130,129.1385596,35.21967807
175,해운대구,우동,0,276-1,해운대고교,유,4,11,49,129.1625864,35.1700523
164,해운대구,우동,0,497-10,해운대교회,유,7,17,118,129.1567513,35.16404719
209,해운대구,중동,0,1150-8,해운대리조텔 앞,유,6,11,64,129.1668896,35.16213724
41,해운대구,우동,0,634-1,해운대맨션(직결),유,6,13,80,129.1579509,35.16024291
501,해운대구,재송동,0,1094-14,해운대서,유,5,30,120,129.1208681,35.18456432
502,해운대구,재송동,0,1015-12,해운대서,유,9,24,206,129.1209598,35.18545396
2519,연제구,거제동,0,1464-8,해운대세무서,유,6,14,88,129.0865873,35.19183224
37,해운대구,우동,0,1393,해운대소방서,유,6,15,87,129.1428101,35.15978252
222,해운대구,우동,0,1393-1,해운대소방서,유,11,19,116,129.143411,35.15996697
478,해운대구,우동,0,552-2,해운대역,유,6,19,107,129.1584247,35.16339398
479,해운대구,우동,0,552-2,해운대역,유,7,25,142,129.158929,35.16352854
122,해운대구,중동,0,1405-1,해운대예식장,유,7,10,71,129.1637709,35.16082932
123,해운대구,중동,0,1405-3,해운대예식장,유,5,16,120,129.1638358,35.16133804
452,해운대구,중동,0,1405-3,해운대예식장,유,12,15,151,129.1636645,35.16107056
133,해운대구,우동,0,552-2,해운대전화국입구 (스펀지 앞),유,5,15,60,129.1602212,35.16421049
436,해운대구,우동,0,552-2,해운대전화국입구 (스펀지 앞),유,9,22,190,129.1602447,35.16438011
270,해운대구,중동,0,1322-3,해운대태양공원,유,6,22,136,129.1692288,35.16775103
2275,사상구,감전동,0,253-4,현길빌라,유,8,21,179,128.992902,35.15829623
919,남구,용당동,0,206-35,현대상선출구,유,9,31,265,129.0909604,35.11061616
94,해운대구,중동,0,1489,현대아파트(13),유,7,12,82,129.177415,35.16673634
144,해운대구,중동,0,1489,현대아파트(13),유,8,12,79,129.1777741,35.16696283
405,해운대구,중동,0,1489,현대아파트(13),유,9,19,181,129.1774937,35.16699944
406,해운대구,중동,0,1489,현대아파트(13),유,9,20,167,129.1776889,35.16671757
1128,동래구,명륜동,0,415-1,현대아파트후문(동래향교 옆),유,7,10,52,129.0851416,35.20659743
2302,사상구,괘법동,0,525-5,현대약국,유,6,13,85,128.9833309,35.1649063
2303,사상구,괘법동,0,526-55,현대약국,유,7,20,135,128.9838249,35.16386448
2571,연제구,거제동,0,45748,현대자동차써비스,유,4,27,101,129.0800518,35.19155448
2572,연제구,거제동,0,1-82,현대자동차써비스,유,6,15,91,129.0804355,35.19163772
2642,연제구,거제동,0,45658,현대자동차써비스,유,9,22,193,129.0801341,35.1918727
426,해운대구,반송동,0,394-10,현대치과,유,6,27,164,129.1517135,35.23122935
2393,수영구,수영동,0,431-16,협성르네상스아파트 앞,유,4,6,23,129.1205822,35.17147207
2394,수영구,수영동,0,497-27,협성르네상스아파트 앞,유,4,8,30,129.120416,35.1715425
2406,수영구,수영동,0,431-16,협성르네상스아파트 앞,유,4,10,42,129.1206169,35.17174313
2093,기장군,정관읍,용수리,635-7,협성르네상스아파트 입구,유,6,13,87,129.1733545,35.32742094
2092,기장군,정관읍,용수리,1077,협성르네상스아파트 주차장,유,6,17,103,129.1751894,35.32745407
2391,수영구,수영동,0,436-1,협성르네상스타워,유,4,6,23,129.1208421,35.17022772
2468,수영구,남천동,0,201-19,협진태양맨션,유,6,9,154,129.1146814,35.14847218
2469,수영구,남천동,0,148-100,협진태양맨션,유,6,15,155,129.1143243,35.14701191
1560,영도구,청학동,0,1-140,형제ENG앞,유,3,8,22,129.0673334,35.0945493
1611,영도구,청학동,0,1-140,형제ENG앞,유,7,17,108,129.0661122,35.09520503
1612,영도구,청학동,0,1-140,형제ENG앞,유,6,17,107,129.0673087,35.09443279
231,해운대구,반송동,0,산73-2,혜성병원앞(영화맨션),유,6,23,150,129.1466218,35.2275318
1276,부산진구,범천동,0,575,혜화문리학원,유,8,19,152,129.057843,35.15099578
1459,부산진구,범천동,0,575,혜화문리학원,유,6,24,144,129.0576733,35.15054777
1460,부산진구,범천동,0,575,혜화문리학원,유,6,24,149,129.057754,35.15033087
1046,동래구,명장동,0,147-61,혜화여고입구,유,7,8,57,129.1105841,35.20225228
927,남구,감만동,0,498-130,호남정유 (감만현대아파트 앞 사거리),유,8,21,174,129.0829864,35.11080658
928,남구,감만동,0,498-130,호남정유 (감만현대아파트 앞 사거리),유,8,23,194,129.082807,35.11058693
929,남구,감만동,0,498-130,호남정유 (감만현대아파트 앞 사거리),유,7,28,190,129.0832498,35.11039215
930,남구,감만동,0,498-130,호남정유 (감만현대아파트 앞 사거리),유,9,30,270,129.0835198,35.11056087
40,해운대구,송정동,0,934,호민주유소,유,6,14,81,129.2045492,35.1907793
229,해운대구,송정동,0,934,호민주유소,유,6,25,150,129.2044023,35.19100079
2743,강서구,명지동,0,3290,호산나교회,유,6,7,45,128.9078193,35.08645314
2184,사상구,감전동,0,136-30,호성사,유,3,14,37,128.9929236,35.15425193
2314,사상구,감전동,0,136-30,호성사,유,6,13,86,128.992865,35.15439548
2315,사상구,감전동,0,685-9,호성사,유,6,13,79,128.9937947,35.15374191
3469,사하구,다대동,0,1511-2,홍티마을 1,유,9,16,127,128.960075,35.06391567
3470,사하구,다대동,0,1338-7,홍티마을 1,유,15,10,134,128.9599879,35.06424675
3472,사하구,다대동,0,1511-2,홍티마을 1,유,4,6,24,128.9597992,35.06403944
1738,서구,동대신동1가,0,18-14,화랑초교,유,8,20,163,129.022464,35.1099203
540,북구,화명동,0,27515,화명10지점,유,6,8,45,129.0093914,35.234188
541,북구,화명동,0,27546,화명10지점,유,6,8,46,129.0096046,35.23432033
542,북구,화명동,0,27515,화명10지점,유,6,8,46,129.009236,35.23436477
543,북구,화명동,0,27515,화명10지점,유,6,8,45,129.0094468,35.23450071
640,북구,화명동,0,26085,화명10지점,유,6,8,46,129.0096742,35.23576216
642,북구,화명동,0,26054,화명10지점,유,6,8,45,129.0094953,35.23592805
643,북구,화명동,0,26085,화명10지점,유,6,8,46,129.0098715,35.23588232
644,북구,화명동,0,26085,화명10지점,유,6,8,45,129.0097289,35.23606823
672,북구,화명동,0,26054,화명10지점,유,8,38,311,129.0093456,35.23516448
577,북구,금곡동,0,1882,화명2지구 리버빌,유,5,8,43,129.0114048,35.24764415
660,북구,금곡동,0,1882,화명2지구 리버빌,유,8,14,118,129.0111799,35.24745892
661,북구,금곡동,0,1882,화명2지구 리버빌,유,8,13,106,129.0114281,35.2472134
662,북구,금곡동,0,1882,화명2지구 리버빌,유,10,15,152,129.0117173,35.24743814
666,북구,금곡동,0,2256,화명2지구(12)(화명고교 앞 사거리),유,8,15,108,129.0116401,35.23989213
667,북구,금곡동,0,2254,화명2지구(12)(화명고교 앞 사거리),유,8,13,107,129.0118198,35.24084131
645,북구,금곡동,0,2255,화명2지구(13),유,3,14,42,129.0101596,35.24021592
646,북구,화명동,0,2252,화명2지구(13),유,8,14,113,129.0095619,35.2402118
663,북구,금곡동,0,1893,"화명2지구(14.14-1,14-2)",유,8,13,109,129.0111345,35.24396544
664,북구,금곡동,0,1881,"화명2지구(14.14-1,14-2)",유,6,13,80,129.011759,35.24183922
665,북구,금곡동,0,1893,"화명2지구(14.14-1,14-2)",유,9,13,109,129.011516,35.24266747
533,북구,화명동,0,31809,화명2지구(8-1),유,6,8,45,129.0120231,35.23387703
534,북구,화명동,0,31809,화명2지구(8-1),유,6,7,44,129.0118608,35.23404759
589,북구,화명동,0,31837,화명2지구(8-1),유,6,8,45,129.0122534,35.23399922
590,북구,화명동,0,31809,화명2지구(8-1),유,6,8,46,129.012077,35.23418073
537,북구,화명동,0,2273,화명2지구(8-2),유,6,8,44,129.0123519,35.23573912
635,북구,화명동,0,2273,화명2지구(8-2),유,6,8,44,129.0123031,35.23543018
636,북구,화명동,0,2273,화명2지구(8-2),유,6,8,44,129.0125201,35.23556143
637,북구,화명동,0,2273,화명2지구(8-2),유,6,8,44,129.0121509,35.23560592
687,북구,화명동,0,1718-7,화명2지구택지조성(3)(화명현대2차@),유,6,16,99,129.0067488,35.22698827
586,북구,화명동,0,2307,화명2지구택지조성(4)(북부경찰서),유,8,14,112,129.0101005,35.22921522
587,북구,화명동,0,2307,화명2지구택지조성(4)(북부경찰서),유,8,14,112,129.0095892,35.22927592
685,북구,화명동,0,2307,화명2지구택지조성(4)(북부경찰서),유,8,12,101,129.009824,35.22905546
686,북구,화명동,0,2307,화명2지구택지조성(4)(북부경찰서),유,8,13,107,129.009894,35.22944726
588,북구,화명동,0,2317,화명2지구택지조성(5)(용수초교삼거리),유,8,14,112,129.0074623,35.22953438
684,북구,화명동,0,1718-7,화명2지구택지조성(5)(용수초교삼거리),유,7,17,105,129.0072285,35.22967672
682,북구,화명동,0,1048,화명2지구택지조성(6)(화명3동사무소),유,6,13,83,129.0101685,35.23096839
683,북구,화명동,0,36557,화명2지구택지조성(6)(화명3동사무소),유,6,14,85,129.0103796,35.23215492
633,북구,화명동,0,25720,화명2지구택지조성(7)(학사초교삼거리),유,9,8,40,129.0077438,35.2318947
681,북구,화명동,0,19725,화명2지구택지조성(7)(학사초교삼거리),유,8,16,126,129.0076056,35.23179008
658,북구,화명동,0,2264,화명동 대우리버파크아파트,유,6,13,81,129.0111653,35.23689229
659,북구,화명동,0,2264,화명동 대우리버파크아파트,유,8,13,105,129.0113711,35.23835026
591,북구,화명동,0,2307,화명동 쌍용아파트,유,4,11,33,129.0095811,35.22706296
657,북구,화명동,0,2307,화명동 쌍용아파트,유,8,13,98,129.0094397,35.22694209
632,북구,화명동,0,198,화명동LG슈퍼마앞,유,4,6,27,129.0151096,35.24030247
526,북구,화명동,0,918-2,화명롯데캐슬카이저 후문,유,6,8,46,129.0140212,35.22448529
580,북구,화명동,0,962-4,화명소방PB,유,5,13,63,129.0102256,35.22545223
749,북구,화명동,0,2307,화명소방PB,유,8,20,167,129.0109467,35.22664045
668,북구,화명동,0,2252,화명역(국철),유,8,16,133,129.0083095,35.23562259
669,북구,화명동,0,2253,화명역(국철),유,6,17,99,129.008215,35.2350821
670,북구,화명동,0,2252,화명역(국철),유,9,45,322,129.0084095,35.23530007
671,북구,화명동,0,2252,화명역(국철),유,8,15,126,129.0087627,35.23810301
750,북구,화명동,0,573-7,화명주공아파트정문,유,6,26,161,129.0082282,35.22055919
751,북구,화명동,0,573-7,화명주공아파트정문,유,6,25,154,129.0079721,35.22051814
595,북구,금곡동,0,1522-2,화명초등학교,유,4,24,94,129.014309,35.24013012
741,북구,금곡동,0,1522-2,화명초등학교,유,8,22,183,129.0141385,35.24031594
2437,수영구,광안동,0,144-7,화목맨션(복개도로),유,6,8,59,129.1191244,35.16384523
2438,수영구,광안동,0,141-14,화목맨션(복개도로),유,6,9,60,129.1187423,35.16495075
2501,수영구,광안동,0,1079-4,화목오피스텔,유,6,18,112,129.1146044,35.16474505
917,남구,감만동,0,498-130,화물터미널휴계소,유,6,18,113,129.0808875,35.11060422
3718,사하구,구평동,0,436-2,화신아파트,유,6,17,110,128.9933824,35.08660862
549,북구,화명동,0,1430,화신중학교,유,4,12,49,129.0142079,35.23880489
742,북구,화명동,0,1430,화신중학교,유,9,21,179,129.0139509,35.23706469
743,북구,화명동,0,1430,화신중학교,유,9,24,206,129.0140418,35.23890236
3637,사하구,하단동,0,326-10,화인상아아파트,유,13,19,161,128.9732322,35.10195813
2947,강서구,녹산동,0,615-3,화전지구산업단지 - 1구역,유,8,26,213,128.8768932,35.11245653
2948,강서구,녹산동,0,605-11,화전지구산업단지 - 1구역,유,9,28,200,128.8782328,35.11228129
2949,강서구,녹산동,0,605-11,화전지구산업단지 - 1구역,유,8,26,213,128.8784731,35.11245563
2950,강서구,녹산동,0,571-8,화전지구산업단지 - 1구역,유,8,26,214,128.878,35.11245712
2928,강서구,화전동,0,649,화전지구산업단지- 10구역,유,9,21,163,128.8782527,35.10619806
2929,강서구,화전동,0,649,화전지구산업단지- 10구역,유,8,21,164,128.8782458,35.10597772
2930,강서구,화전동,0,649,화전지구산업단지- 10구역,유,7,12,63,128.8784377,35.10608357
2925,강서구,녹산동,0,601-1,화전지구산업단지- 11구역,유,8,27,217,128.8718779,35.10440253
2926,강서구,녹산동,0,601-1,화전지구산업단지- 11구역,유,9,26,196,128.8721937,35.1044856
2927,강서구,녹산동,0,601-1,화전지구산업단지- 11구역,유,8,28,222,128.8721016,35.1047322
2860,강서구,화전동,0,601-1,화전지구산업단지- 12구역,유,9,22,168,128.8750616,35.10391527
2861,강서구,화전동,0,585-13,화전지구산업단지- 14구역,유,10,18,124,128.8830304,35.10598637
2862,강서구,화전동,0,585-13,화전지구산업단지- 14구역,유,10,18,126,128.8830545,35.10617028
2863,강서구,화전동,0,585-13,화전지구산업단지- 14구역,유,7,9,46,128.8832106,35.1060786
2843,강서구,화전동,0,664,화전지구산업단지- 16구역,유,8,20,160,128.8782499,35.10163536
2844,강서구,화전동,0,664,화전지구산업단지- 16구역,유,7,12,66,128.8784526,35.10180508
2845,강서구,화전동,0,664,화전지구산업단지- 16구역,유,7,11,61,128.8780487,35.10178097
2846,강서구,화전동,0,664,화전지구산업단지- 16구역,유,9,21,163,128.878255,35.10193978
2871,강서구,화전동,0,664,화전지구산업단지- 17구역,유,4,7,25,128.8784279,35.09825039
2872,강서구,화전동,0,664,화전지구산업단지- 17구역,유,5,7,26,128.878012,35.09838379
2873,강서구,화전동,0,664,화전지구산업단지- 17구역,유,5,8,28,128.8784291,35.09859836
2874,강서구,화전동,0,664,화전지구산업단지- 17구역,유,5,13,47,128.8780871,35.09873263
2847,강서구,화전동,0,185,화전지구산업단지- 18구역,유,5,6,23,128.8831968,35.09674142
2848,강서구,화전동,0,185,화전지구산업단지- 18구역,유,4,7,25,128.8828426,35.09685208
2849,강서구,화전동,0,185,화전지구산업단지- 18구역,유,4,7,28,128.8831966,35.09708352
2850,강서구,화전동,0,185,화전지구산업단지- 18구역,유,8,14,111,128.8830514,35.09750954
2851,강서구,화전동,0,673,화전지구산업단지- 19구역,유,9,15,114,128.883046,35.09953563
2852,강서구,화전동,0,673,화전지구산업단지- 19구역,유,7,11,61,128.8828776,35.09966836
2853,강서구,화전동,0,673,화전지구산업단지- 19구역,유,9,15,114,128.8830533,35.09982617
2854,강서구,화전동,0,597-8,화전지구산업단지- 20구역,유,9,15,113,128.8830433,35.10167212
2855,강서구,화전동,0,597-8,화전지구산업단지- 20구역,유,7,9,45,128.8828756,35.10179965
2856,강서구,화전동,0,597-8,화전지구산업단지- 20구역,유,8,14,111,128.8830446,35.10192177
2857,강서구,화전동,0,185,화전지구산업단지- 21구역,유,5,9,34,128.8867446,35.09565172
2858,강서구,화전동,0,185,화전지구산업단지- 21구역,유,4,8,29,128.886844,35.09594724
2938,강서구,화전동,0,185,화전지구산업단지- 21구역,유,6,28,170,128.8870678,35.09602302
2870,강서구,녹산동,0,574-9,화전지구산업단지- 2구역,유,10,18,127,128.883017,35.11231393
2946,강서구,녹산동,0,391-2,화전지구산업단지- 2구역,유,8,24,191,128.883679,35.11249875
2832,강서구,녹산동,0,604,화전지구산업단지- 4구역,유,9,15,113,128.8830321,35.11113457
2833,강서구,녹산동,0,604,화전지구산업단지- 4구역,유,9,15,116,128.8830307,35.11085611
2834,강서구,녹산동,0,546-15,화전지구산업단지- 4구역,유,9,13,103,128.883217,35.11099208
2944,강서구,녹산동,0,189-13,화전지구산업단지- 5구역,유,8,28,218,128.8872224,35.1116526
2945,강서구,녹산동,0,590-10,화전지구산업단지- 5구역,유,8,31,234,128.8875004,35.11138741
2941,강서구,녹산동,0,737,화전지구산업단지- 6구역,유,9,36,279,128.8729623,35.10847936
2942,강서구,녹산동,0,737,화전지구산업단지- 6구역,유,8,24,192,128.8729508,35.10819973
2943,강서구,녹산동,0,737,화전지구산업단지- 6구역,유,9,17,125,128.8731971,35.10836643
2835,강서구,화전동,0,649,화전지구산업단지- 7구역,유,9,14,106,128.8780127,35.10836507
2836,강서구,화전동,0,649,화전지구산업단지- 7구역,유,9,21,163,128.8782389,35.10819764
2837,강서구,화전동,0,649,화전지구산업단지- 7구역,유,9,14,109,128.8784775,35.10836283
2838,강서구,화전동,0,584-2,화전지구산업단지- 8구역,유,9,15,109,128.8828548,35.10837267
2839,강서구,화전동,0,584-1,화전지구산업단지- 8구역,유,8,18,98,128.8830367,35.10847853
2840,강서구,화전동,0,584-3,화전지구산업단지- 8구역,유,9,14,110,128.8830338,35.10819617
2841,강서구,화전동,0,584-3,화전지구산업단지- 8구역,유,10,15,105,128.8832325,35.10835948
2842,강서구,화전동,0,676,화전지구산업단지- 9구역,유,8,13,76,128.8878678,35.10837305
2939,강서구,화전동,0,676,화전지구산업단지- 9구역,유,8,31,254,128.888094,35.10819571
2940,강서구,화전동,0,676,화전지구산업단지- 9구역,유,6,31,177,128.888119,35.10848845
962,남구,대연동,0,212-1,황령산터널입구,유,8,31,259,129.0959036,35.14678789
3545,사하구,장림동,0,349-23,효림초교후문,유,5,10,69,128.972912,35.07622264
1832,기장군,장안읍,임랑리,170,효암2지구택지개발,유,5,8,29,129.2601695,35.31604858
1921,기장군,장안읍,임랑리,163-1,효암2지구택지개발,유,4,13,52,129.2603983,35.31618715
1920,기장군,장안읍,임랑리,203-4,효암2지구택지개발(장안어린이집),유,4,11,46,129.2592656,35.31682433
3788,중구,보수동2가,0,45691,흑교로타리,유,7,17,108,129.0221951,35.10753196
3789,중구,보수동2가,0,154,흑교로타리,유,7,22,147,129.0222768,35.10727128
3790,중구,보수동2가,0,45691,흑교로타리,유,8,20,129,129.0224606,35.10729878
3791,중구,보수동2가,0,45691,흑교로타리,유,4,7,27,129.0225694,35.10747107
3792,중구,보수동2가,0,45691,흑교로타리,유,7,23,140,129.0223704,35.10754431
1271,부산진구,전포동,0,685-8,흥국생명,유,6,13,79,129.0623629,35.15433641
1272,부산진구,전포동,0,870-1,흥국생명,유,5,14,69,129.0622241,35.15448822
1273,부산진구,전포동,0,685-8,흥국생명,유,7,13,87,129.0623611,35.15466405
3385,금정구,노포동,0,1161,희락원,유,6,20,117,129.0874526,35.29372056
